Interaction_id_system;Interaction_date;User_id_system;Product_id;TypeInt_id;Event;Location;Quantity;Product_rating
I0959;1/01/2025 05:26;U013;P007;TipInt004;Holiday Sale;Sydney, Australia;2;1.6
I0364;1/01/2025 17:14;U093;P091;TipInt001;Cyber Monday;Toronto, Canada;-;4.6
I0978;2/01/2025 08:28;U071;P044;TipInt003;Holiday Sale;Toronto, Canada;-;2.9
I0748;2/01/2025 22:16;U085;P057;TipInt004;Cyber Monday;Berlin, Germany;4;3.1
I0000;3/01/2025 02:08;U060;P071;TipInt001;Regular Day;New York, USA;-;2.8
I0358;3/01/2025 07:43;U092;P095;TipInt004;Cyber Monday;New York, USA;4;3.3
I0432;4/01/2025 12:48;U032;P082;TipInt002;Cyber Monday;Toronto, Canada;-;4.8
I0940;4/01/2025 13:47;U011;P048;TipInt003;Spring Sale;Toronto, Canada;-;1.9
I0335;4/01/2025 17:15;U039;P075;TipInt001;Spring Sale;New York, USA;-;1.2
I0208;4/01/2025 21:00;U036;P056;TipInt003;Cyber Monday;Toronto, Canada;-;4.2
I0070;4/01/2025 22:04;U002;P090;TipInt004;Cyber Monday;London, UK;5;4.1
I0203;5/01/2025 05:40;U083;P040;TipInt003;Holiday Sale;London, UK;-;1.5
I0349;5/01/2025 22:46;U070;P022;TipInt001;Regular Day;London, UK;-;2.6
I0217;6/01/2025 15:06;U088;P039;TipInt002;Black Friday;New York, USA;-;1.8
I0820;7/01/2025 10:24;U018;P008;TipInt001;Cyber Monday;Sydney, Australia;-;1.9
I0638;7/01/2025 18:18;U016;P018;TipInt002;Spring Sale;Sydney, Australia;-;2.8
I0149;7/01/2025 18:59;U051;P001;TipInt001;Holiday Sale;New York, USA;-;4.9
I0301;7/01/2025 23:57;U076;P017;TipInt003;Spring Sale;Berlin, Germany;-;1.7
I0861;8/01/2025 11:02;U058;P080;TipInt002;Regular Day;Sydney, Australia;-;2.8
I0713;8/01/2025 20:46;U008;P044;TipInt002;Cyber Monday;Berlin, Germany;-;2.9
I0425;9/01/2025 08:37;U026;P076;TipInt001;Black Friday;Sydney, Australia;-;2.2
I0842;9/01/2025 13:56;U004;P087;TipInt001;Spring Sale;London, UK;-;2.3
I0603;9/01/2025 23:09;U079;P014;TipInt001;Holiday Sale;Sydney, Australia;-;4.4
I0446;10/01/2025 17:43;U030;P037;TipInt003;Spring Sale;Berlin, Germany;-;2.9
I0244;11/01/2025 08:47;U039;P013;TipInt003;Cyber Monday;New York, USA;-;3.8
I0956;11/01/2025 15:40;U068;P060;TipInt004;Regular Day;Sydney, Australia;5;1.6
I0769;12/01/2025 14:20;U088;P022;TipInt002;Black Friday;New York, USA;-;2.6
I0598;12/01/2025 19:43;U081;P043;TipInt003;Regular Day;Sydney, Australia;-;1.6
I0159;12/01/2025 19:58;U069;P031;TipInt003;Holiday Sale;Toronto, Canada;-;2.7
I0575;12/01/2025 22:19;U072;P072;TipInt002;Spring Sale;Toronto, Canada;-;4.3
I0663;12/01/2025 23:20;U072;P068;TipInt002;Regular Day;Toronto, Canada;-;2.8
I0941;1/02/2025 10:12;U099;P017;TipInt002;Black Friday;London, UK;-;1.7
I0309;1/02/2025 20:28;U087;P030;TipInt003;Black Friday;London, UK;-;1.4
I0684;1/02/2025 20:29;U000;P036;TipInt004;Spring Sale;London, UK;4;4.8
I0810;2/02/2025 02:27;U009;P093;TipInt001;Regular Day;Toronto, Canada;-;4
I0282;3/02/2025 14:05;U008;P072;TipInt002;Black Friday;Berlin, Germany;-;4.3
I0519;4/02/2025 01:18;U024;P003;TipInt003;Cyber Monday;Toronto, Canada;-;1.7
I0834;5/02/2025 09:42;U019;P026;TipInt003;Spring Sale;Sydney, Australia;-;3.5
I0137;6/02/2025 00:20;U002;P049;TipInt004;Holiday Sale;London, UK;2;1.3
I0557;6/02/2025 07:13;U030;P052;TipInt004;Regular Day;Berlin, Germany;4;2.5
I0453;6/02/2025 08:15;U088;P077;TipInt003;Spring Sale;New York, USA;-;3.6
I0510;6/02/2025 08:47;U068;P029;TipInt002;Regular Day;Sydney, Australia;-;3.2
I0664;6/02/2025 12:00;U005;P032;TipInt002;Holiday Sale;New York, USA;-;4.1
I0928;6/02/2025 19:58;U082;P066;TipInt004;Holiday Sale;Toronto, Canada;5;1.8
I0343;7/02/2025 02:51;U045;P097;TipInt001;Spring Sale;Berlin, Germany;-;2.5
I0281;7/02/2025 07:51;U016;P086;TipInt001;Black Friday;Sydney, Australia;-;3.9
I0049;7/02/2025 18:25;U019;P056;TipInt004;Cyber Monday;Sydney, Australia;4;4.2
I0806;7/02/2025 20:23;U017;P038;TipInt002;Holiday Sale;London, UK;-;2
I0464;7/02/2025 20:28;U045;P093;TipInt004;Cyber Monday;Berlin, Germany;1;4
I0948;8/02/2025 00:40;U065;P097;TipInt002;Regular Day;Toronto, Canada;-;2.5
I0076;8/02/2025 08:06;U083;P034;TipInt003;Spring Sale;London, UK;-;1.9
I0698;8/02/2025 10:17;U005;P098;TipInt001;Spring Sale;New York, USA;-;2.9
I0213;8/02/2025 11:06;U092;P094;TipInt002;Black Friday;New York, USA;-;2.9
I0826;8/02/2025 18:31;U034;P086;TipInt003;Cyber Monday;Toronto, Canada;-;3.9
I0609;8/02/2025 19:18;U037;P012;TipInt002;Spring Sale;Berlin, Germany;-;3.2
I0407;10/02/2025 13:59;U086;P007;TipInt004;Regular Day;London, UK;4;1.6
I0240;11/02/2025 06:03;U075;P048;TipInt001;Cyber Monday;Sydney, Australia;-;1.9
I0743;11/02/2025 21:30;U000;P090;TipInt003;Regular Day;London, UK;-;4.1
I0069;11/02/2025 23:14;U061;P010;TipInt004;Regular Day;Berlin, Germany;1;3.2
I0689;12/02/2025 05:00;U090;P041;TipInt003;Spring Sale;Toronto, Canada;-;3.7
I0682;12/02/2025 08:18;U038;P088;TipInt004;Black Friday;London, UK;5;1.9
I0035;12/02/2025 10:35;U028;P044;TipInt001;Cyber Monday;Sydney, Australia;-;2.9
I0829;12/02/2025 19:50;U041;P006;TipInt003;Regular Day;Berlin, Germany;-;3.3
I0907;1/03/2025 00:18;U097;P096;TipInt001;Black Friday;Sydney, Australia;-;2.8
I0594;1/03/2025 09:18;U082;P070;TipInt001;Black Friday;Toronto, Canada;-;4
I0289;2/03/2025 10:57;U062;P020;TipInt002;Cyber Monday;Berlin, Germany;-;1.4
I0971;2/03/2025 20:57;U044;P016;TipInt002;Holiday Sale;Berlin, Germany;-;4
I0700;3/03/2025 06:57;U049;P090;TipInt003;Black Friday;Berlin, Germany;-;4.1
I0738;3/03/2025 07:12;U029;P021;TipInt004;Black Friday;New York, USA;1;1.9
I0090;3/03/2025 14:39;U009;P085;TipInt004;Spring Sale;Toronto, Canada;2;4.5
I0257;3/03/2025 22:42;U022;P043;TipInt001;Regular Day;Toronto, Canada;-;1.6
I0915;4/03/2025 00:05;U083;P034;TipInt003;Cyber Monday;London, UK;-;1.9
I0587;4/03/2025 00:13;U024;P074;TipInt001;Regular Day;Toronto, Canada;-;2.5
I0313;5/03/2025 03:08;U003;P002;TipInt001;Black Friday;London, UK;-;1.4
I0318;5/03/2025 05:14;U046;P076;TipInt001;Black Friday;Berlin, Germany;-;2.2
I0616;5/03/2025 08:08;U071;P077;TipInt004;Cyber Monday;Toronto, Canada;5;3.6
I0321;6/03/2025 04:56;U014;P042;TipInt004;Spring Sale;Sydney, Australia;2;1.3
I0993;6/03/2025 12:25;U000;P000;TipInt004;Holiday Sale;London, UK;3;3.6
I0577;7/03/2025 06:05;U085;P012;TipInt001;Spring Sale;Berlin, Germany;-;3.2
I0712;7/03/2025 08:41;U023;P043;TipInt001;Spring Sale;London, UK;-;1.6
I0196;7/03/2025 10:39;U052;P007;TipInt001;Cyber Monday;New York, USA;-;1.6
I0009;7/03/2025 18:58;U063;P095;TipInt002;Regular Day;London, UK;-;3.3
I0643;7/03/2025 23:29;U029;P045;TipInt004;Cyber Monday;New York, USA;3;2.2
I0391;8/03/2025 01:29;U001;P068;TipInt003;Holiday Sale;Toronto, Canada;-;2.8
I0660;8/03/2025 04:25;U055;P097;TipInt001;Holiday Sale;Berlin, Germany;-;2.5
I0974;8/03/2025 05:10;U011;P075;TipInt003;Cyber Monday;Toronto, Canada;-;1.2
I0988;8/03/2025 06:15;U041;P093;TipInt004;Holiday Sale;Berlin, Germany;2;4
I0231;8/03/2025 09:51;U091;P012;TipInt004;Regular Day;London, UK;5;3.2
I0787;8/03/2025 13:01;U047;P062;TipInt001;Cyber Monday;Sydney, Australia;-;1.3
I0602;8/03/2025 16:27;U090;P064;TipInt004;Regular Day;Toronto, Canada;4;5
I0595;8/03/2025 21:28;U041;P059;TipInt002;Cyber Monday;Berlin, Germany;-;3.6
I0930;9/03/2025 04:59;U096;P012;TipInt001;Regular Day;Berlin, Germany;-;3.2
I0037;9/03/2025 06:05;U066;P053;TipInt002;Black Friday;London, UK;-;1.2
I0414;9/03/2025 16:23;U063;P057;TipInt002;Cyber Monday;London, UK;-;3.1
I0115;9/03/2025 16:42;U017;P031;TipInt003;Holiday Sale;London, UK;-;2.7
I0186;10/03/2025 01:40;U042;P030;TipInt002;Holiday Sale;London, UK;-;1.4
I0814;10/03/2025 07:34;U038;P047;TipInt004;Holiday Sale;London, UK;5;2
I0798;10/03/2025 08:04;U021;P031;TipInt001;Black Friday;Sydney, Australia;-;2.7
I0145;10/03/2025 08:45;U075;P094;TipInt002;Regular Day;Sydney, Australia;-;2.9
I0750;10/03/2025 15:37;U024;P067;TipInt002;Cyber Monday;Toronto, Canada;-;2.7
I0142;10/03/2025 15:57;U016;P079;TipInt004;Regular Day;Sydney, Australia;1;5
I0667;11/03/2025 03:54;U057;P088;TipInt004;Regular Day;New York, USA;4;1.9
I0124;11/03/2025 06:25;U057;P060;TipInt003;Spring Sale;New York, USA;-;1.6
I0790;11/03/2025 14:43;U015;P094;TipInt002;Regular Day;Sydney, Australia;-;2.9
I0953;1/04/2025 09:02;U036;P003;TipInt003;Spring Sale;Toronto, Canada;-;1.7
I0242;1/04/2025 19:52;U070;P071;TipInt003;Cyber Monday;London, UK;-;2.8
I0799;2/04/2025 16:36;U089;P041;TipInt002;Holiday Sale;Toronto, Canada;-;3.7
I0893;2/04/2025 19:21;U035;P008;TipInt001;Black Friday;Berlin, Germany;-;1.9
I0163;4/04/2025 07:31;U083;P007;TipInt003;Holiday Sale;London, UK;-;1.6
I0234;4/04/2025 09:20;U008;P006;TipInt002;Black Friday;Berlin, Germany;-;3.3
I0448;4/04/2025 21:36;U099;P002;TipInt002;Holiday Sale;London, UK;-;1.4
I0012;4/04/2025 22:38;U076;P008;TipInt004;Holiday Sale;Berlin, Germany;4;1.9
I0707;5/04/2025 12:24;U061;P000;TipInt004;Spring Sale;Berlin, Germany;2;3.6
I0610;5/04/2025 14:42;U010;P059;TipInt003;Spring Sale;Berlin, Germany;-;3.6
I0526;5/04/2025 18:38;U068;P032;TipInt004;Holiday Sale;Sydney, Australia;1;4.1
I0155;6/04/2025 06:01;U037;P089;TipInt002;Spring Sale;Berlin, Germany;-;4.3
I0293;6/04/2025 06:54;U029;P091;TipInt003;Cyber Monday;New York, USA;-;4.6
I0460;6/04/2025 09:43;U021;P092;TipInt001;Cyber Monday;Sydney, Australia;-;1.4
I0392;6/04/2025 18:36;U094;P035;TipInt002;Black Friday;Berlin, Germany;-;2.1
I0995;6/04/2025 23:48;U090;P086;TipInt002;Holiday Sale;Toronto, Canada;-;3.9
I0784;7/04/2025 16:36;U071;P098;TipInt002;Black Friday;Toronto, Canada;-;2.9
I0219;8/04/2025 09:12;U057;P063;TipInt004;Spring Sale;New York, USA;4;3.6
I0927;8/04/2025 10:22;U086;P056;TipInt003;Regular Day;London, UK;-;4.2
I0031;9/04/2025 06:19;U053;P092;TipInt001;Black Friday;New York, USA;-;1.4
I0777;9/04/2025 18:25;U050;P089;TipInt003;Black Friday;Sydney, Australia;-;4.3
I0146;10/04/2025 03:19;U051;P089;TipInt003;Spring Sale;New York, USA;-;4.3
I0958;10/04/2025 08:09;U041;P043;TipInt001;Regular Day;Berlin, Germany;-;1.6
I0555;10/04/2025 12:55;U022;P003;TipInt001;Holiday Sale;Toronto, Canada;-;1.7
I0938;11/04/2025 05:25;U064;P094;TipInt003;Regular Day;New York, USA;-;2.9
I0822;11/04/2025 13:01;U075;P055;TipInt001;Cyber Monday;Sydney, Australia;-;3.3
I0406;11/04/2025 20:23;U049;P075;TipInt004;Black Friday;Berlin, Germany;2;1.2
I0153;11/04/2025 23:08;U013;P065;TipInt002;Cyber Monday;Sydney, Australia;-;4.7
I0809;12/04/2025 02:43;U089;P050;TipInt001;Holiday Sale;Toronto, Canada;-;2.4
I0950;12/04/2025 05:54;U034;P021;TipInt002;Spring Sale;Toronto, Canada;-;1.9
I0758;12/04/2025 07:47;U041;P008;TipInt002;Cyber Monday;Berlin, Germany;-;1.9
I0634;12/04/2025 10:15;U010;P070;TipInt003;Cyber Monday;Berlin, Germany;-;4
I0860;12/04/2025 10:56;U037;P008;TipInt003;Regular Day;Berlin, Germany;-;1.9
I0394;1/05/2025 00:10;U080;P070;TipInt004;Regular Day;Berlin, Germany;4;4
I0952;1/05/2025 02:24;U081;P033;TipInt001;Holiday Sale;Sydney, Australia;-;4.1
I0554;1/05/2025 04:16;U089;P000;TipInt003;Cyber Monday;Toronto, Canada;-;3.6
I0783;1/05/2025 11:53;U067;P052;TipInt004;Black Friday;Berlin, Germany;4;2.5
I0912;2/05/2025 05:55;U051;P003;TipInt004;Holiday Sale;New York, USA;1;1.7
I0593;2/05/2025 12:10;U072;P077;TipInt004;Black Friday;Toronto, Canada;5;3.6
I0178;2/05/2025 20:18;U030;P064;TipInt003;Spring Sale;Berlin, Germany;-;5
I0803;3/05/2025 15:07;U016;P061;TipInt001;Black Friday;Sydney, Australia;-;4.3
I0891;4/05/2025 00:35;U030;P042;TipInt003;Cyber Monday;Berlin, Germany;-;1.3
I0447;4/05/2025 11:11;U004;P023;TipInt002;Cyber Monday;London, UK;-;1.7
I0906;4/05/2025 18:04;U022;P030;TipInt002;Regular Day;Toronto, Canada;-;1.4
I0123;4/05/2025 18:13;U083;P084;TipInt001;Regular Day;London, UK;-;3.7
I0410;4/05/2025 22:03;U046;P045;TipInt002;Black Friday;Berlin, Germany;-;2.2
I0729;5/05/2025 07:01;U026;P095;TipInt003;Cyber Monday;Sydney, Australia;-;3.3
I0969;5/05/2025 21:53;U057;P094;TipInt001;Holiday Sale;New York, USA;-;2.9
I0075;6/05/2025 06:16;U076;P022;TipInt002;Regular Day;Berlin, Germany;-;2.6
I0455;6/05/2025 08:13;U084;P001;TipInt002;Holiday Sale;New York, USA;-;4.9
I0876;6/05/2025 14:24;U019;P086;TipInt003;Holiday Sale;Sydney, Australia;-;3.9
I0131;7/05/2025 07:41;U066;P075;TipInt002;Spring Sale;London, UK;-;1.2
I0093;7/05/2025 11:31;U062;P083;TipInt001;Spring Sale;Berlin, Germany;-;2.2
I0252;7/05/2025 12:11;U029;P044;TipInt003;Cyber Monday;New York, USA;-;2.9
I0710;7/05/2025 17:52;U042;P041;TipInt001;Black Friday;London, UK;-;3.7
I0452;8/05/2025 03:20;U089;P086;TipInt001;Spring Sale;Toronto, Canada;-;3.9
I0794;9/05/2025 11:45;U077;P008;TipInt003;Regular Day;Sydney, Australia;-;1.9
I0325;9/05/2025 19:34;U021;P094;TipInt002;Cyber Monday;Sydney, Australia;-;2.9
I0622;10/05/2025 01:11;U016;P098;TipInt002;Cyber Monday;Sydney, Australia;-;2.9
I0633;10/05/2025 02:34;U049;P015;TipInt004;Black Friday;Berlin, Germany;4;4.8
I0191;10/05/2025 19:09;U008;P059;TipInt001;Spring Sale;Berlin, Germany;-;3.6
I0914;10/05/2025 20:01;U008;P050;TipInt003;Regular Day;Berlin, Germany;-;2.4
I0605;11/05/2025 06:27;U032;P000;TipInt001;Cyber Monday;Toronto, Canada;-;3.6
I0007;11/05/2025 23:17;U051;P042;TipInt003;Holiday Sale;New York, USA;-;1.3
I0531;12/05/2025 07:44;U016;P090;TipInt001;Cyber Monday;Sydney, Australia;-;4.1
I0905;1/06/2025 07:15;U096;P084;TipInt001;Spring Sale;Berlin, Germany;-;3.7
I0218;1/06/2025 09:46;U083;P026;TipInt004;Black Friday;London, UK;4;3.5
I0224;1/06/2025 21:57;U024;P016;TipInt001;Holiday Sale;Toronto, Canada;-;4
I0500;1/06/2025 22:22;U025;P003;TipInt002;Holiday Sale;Sydney, Australia;-;1.7
I0383;2/06/2025 00:03;U077;P051;TipInt001;Regular Day;Sydney, Australia;-;2.5
I0868;2/06/2025 12:15;U054;P001;TipInt002;Black Friday;New York, USA;-;4.9
I0589;3/06/2025 04:40;U073;P042;TipInt003;Spring Sale;Berlin, Germany;-;1.3
I0919;3/06/2025 06:11;U097;P001;TipInt002;Holiday Sale;Sydney, Australia;-;4.9
I0655;3/06/2025 09:15;U068;P023;TipInt003;Cyber Monday;Sydney, Australia;-;1.7
I0016;4/06/2025 02:29;U008;P097;TipInt002;Spring Sale;Berlin, Germany;-;2.5
I0898;4/06/2025 15:21;U021;P072;TipInt003;Holiday Sale;Sydney, Australia;-;4.3
I0963;4/06/2025 16:12;U016;P090;TipInt001;Holiday Sale;Sydney, Australia;-;4.1
I0703;4/06/2025 17:52;U045;P039;TipInt004;Holiday Sale;Berlin, Germany;5;1.8
I0225;5/06/2025 06:01;U088;P038;TipInt002;Cyber Monday;New York, USA;-;2
I0294;5/06/2025 09:12;U052;P094;TipInt004;Holiday Sale;New York, USA;4;2.9
I0118;5/06/2025 11:03;U058;P095;TipInt004;Holiday Sale;Sydney, Australia;3;3.3
I0688;5/06/2025 13:48;U043;P078;TipInt001;Cyber Monday;Toronto, Canada;-;3.4
I0256;5/06/2025 16:55;U081;P019;TipInt001;Spring Sale;Sydney, Australia;-;1.9
I0353;5/06/2025 19:50;U086;P036;TipInt001;Regular Day;London, UK;-;4.8
I0472;5/06/2025 21:50;U082;P044;TipInt002;Holiday Sale;Toronto, Canada;-;2.9
I0632;6/06/2025 05:17;U025;P079;TipInt003;Cyber Monday;Sydney, Australia;-;5
I0565;6/06/2025 12:45;U060;P033;TipInt003;Regular Day;New York, USA;-;4.1
I0747;6/06/2025 20:33;U042;P052;TipInt004;Holiday Sale;London, UK;5;2.5
I0718;7/06/2025 12:00;U010;P016;TipInt001;Regular Day;Berlin, Germany;-;4
I0854;7/06/2025 17:12;U090;P008;TipInt004;Holiday Sale;Toronto, Canada;1;1.9
I0122;8/06/2025 10:04;U056;P024;TipInt004;Black Friday;Toronto, Canada;5;3.1
I0764;9/06/2025 11:49;U085;P093;TipInt004;Black Friday;Berlin, Germany;3;4
I0886;9/06/2025 18:44;U096;P073;TipInt003;Spring Sale;Berlin, Germany;-;2.8
I0564;10/06/2025 06:37;U060;P053;TipInt002;Black Friday;New York, USA;-;1.2
I0285;10/06/2025 09:20;U015;P033;TipInt001;Black Friday;Sydney, Australia;-;4.1
I0079;10/06/2025 22:46;U065;P045;TipInt003;Black Friday;Toronto, Canada;-;2.2
I0442;11/06/2025 06:46;U054;P091;TipInt001;Spring Sale;New York, USA;-;4.6
I0121;11/06/2025 11:58;U053;P015;TipInt001;Holiday Sale;New York, USA;-;4.8
I0380;11/06/2025 20:38;U027;P065;TipInt001;Holiday Sale;Sydney, Australia;-;4.7
I0807;12/06/2025 04:10;U087;P013;TipInt001;Holiday Sale;London, UK;-;3.8
I0280;12/06/2025 10:05;U068;P037;TipInt004;Cyber Monday;Sydney, Australia;4;2.9
I0626;12/06/2025 16:35;U045;P016;TipInt004;Black Friday;Berlin, Germany;3;4
I0091;12/06/2025 21:57;U036;P023;TipInt003;Black Friday;Toronto, Canada;-;1.7
I0154;1/07/2025 04:46;U002;P018;TipInt002;Holiday Sale;London, UK;-;2.8
I0082;1/07/2025 12:03;U030;P049;TipInt004;Spring Sale;Berlin, Germany;5;1.3
I0113;1/07/2025 15:17;U059;P099;TipInt001;Regular Day;Berlin, Germany;-;1.6
I0503;1/07/2025 15:18;U041;P044;TipInt004;Holiday Sale;Berlin, Germany;1;2.9
I0140;1/07/2025 15:24;U026;P068;TipInt001;Holiday Sale;Sydney, Australia;-;2.8
I0725;1/07/2025 23:59;U001;P074;TipInt002;Cyber Monday;Toronto, Canada;-;2.5
I0072;2/07/2025 00:56;U094;P096;TipInt004;Spring Sale;Berlin, Germany;1;2.8
I0481;2/07/2025 05:08;U012;P061;TipInt003;Regular Day;Berlin, Germany;-;4.3
I0796;2/07/2025 10:38;U050;P074;TipInt002;Regular Day;Sydney, Australia;-;2.5
I0851;2/07/2025 11:18;U076;P066;TipInt001;Cyber Monday;Berlin, Germany;-;1.8
I0348;2/07/2025 12:45;U088;P063;TipInt004;Black Friday;New York, USA;4;3.6
I0378;2/07/2025 12:46;U063;P007;TipInt004;Spring Sale;London, UK;5;1.6
I0600;2/07/2025 23:42;U076;P016;TipInt001;Holiday Sale;Berlin, Germany;-;4
I0846;3/07/2025 00:28;U039;P031;TipInt004;Black Friday;New York, USA;1;2.7
I0848;3/07/2025 05:05;U006;P004;TipInt001;Spring Sale;London, UK;-;3.4
I0534;3/07/2025 10:08;U092;P009;TipInt004;Spring Sale;New York, USA;5;2.5
I0411;3/07/2025 13:04;U001;P087;TipInt003;Spring Sale;Toronto, Canada;-;2.3
I0396;4/07/2025 03:31;U064;P052;TipInt004;Spring Sale;New York, USA;5;2.5
I0786;4/07/2025 08:51;U010;P045;TipInt002;Cyber Monday;Berlin, Germany;-;2.2
I0013;4/07/2025 09:20;U039;P014;TipInt002;Black Friday;New York, USA;-;4.4
I0872;4/07/2025 12:42;U017;P089;TipInt004;Black Friday;London, UK;4;4.3
I0111;4/07/2025 14:43;U073;P031;TipInt002;Black Friday;Berlin, Germany;-;2.7
I0562;5/07/2025 17:37;U062;P009;TipInt001;Holiday Sale;Berlin, Germany;-;2.5
I0319;6/07/2025 06:25;U064;P075;TipInt001;Spring Sale;New York, USA;-;1.2
I0780;6/07/2025 07:21;U017;P013;TipInt003;Cyber Monday;London, UK;-;3.8
I0870;6/07/2025 10:56;U002;P021;TipInt003;Cyber Monday;London, UK;-;1.9
I0347;7/07/2025 00:09;U029;P067;TipInt002;Black Friday;New York, USA;-;2.7
I0931;7/07/2025 04:08;U073;P073;TipInt001;Spring Sale;Berlin, Germany;-;2.8
I0476;7/07/2025 09:47;U095;P075;TipInt001;Holiday Sale;Toronto, Canada;-;1.2
I0354;8/07/2025 04:33;U072;P007;TipInt002;Spring Sale;Toronto, Canada;-;1.6
I0983;8/07/2025 13:45;U089;P038;TipInt002;Cyber Monday;Toronto, Canada;-;2
I0272;8/07/2025 22:25;U030;P019;TipInt001;Spring Sale;Berlin, Germany;-;1.9
I0040;8/07/2025 22:45;U053;P015;TipInt002;Spring Sale;New York, USA;-;4.8
I0086;9/07/2025 04:06;U087;P052;TipInt003;Regular Day;London, UK;-;2.5
I0674;9/07/2025 09:08;U010;P060;TipInt001;Regular Day;Berlin, Germany;-;1.6
I0550;9/07/2025 13:22;U001;P019;TipInt004;Spring Sale;Toronto, Canada;5;1.9
I0138;9/07/2025 21:09;U036;P098;TipInt002;Regular Day;Toronto, Canada;-;2.9
I0357;10/07/2025 15:18;U012;P092;TipInt002;Regular Day;Berlin, Germany;-;1.4
I0415;11/07/2025 04:02;U058;P063;TipInt003;Spring Sale;Sydney, Australia;-;3.6
I0903;11/07/2025 11:20;U041;P024;TipInt002;Regular Day;Berlin, Germany;-;3.1
I0923;12/07/2025 05:34;U018;P081;TipInt004;Black Friday;Sydney, Australia;3;3.6
I0645;12/07/2025 06:21;U008;P002;TipInt004;Black Friday;Berlin, Germany;5;1.4
I0056;12/07/2025 09:48;U083;P033;TipInt001;Holiday Sale;London, UK;-;4.1
I0662;12/07/2025 16:41;U078;P063;TipInt004;Holiday Sale;Toronto, Canada;4;3.6
I0746;12/07/2025 18:35;U000;P062;TipInt002;Black Friday;London, UK;-;1.3
I0901;12/07/2025 20:43;U094;P061;TipInt002;Cyber Monday;Berlin, Germany;-;4.3
I0045;1/08/2025 05:18;U038;P072;TipInt004;Holiday Sale;London, UK;4;4.3
I0021;1/08/2025 10:02;U058;P038;TipInt003;Regular Day;Sydney, Australia;-;2
I0869;2/08/2025 03:15;U058;P029;TipInt003;Regular Day;Sydney, Australia;-;3.2
I0559;2/08/2025 21:53;U078;P064;TipInt003;Regular Day;Toronto, Canada;-;5
I0913;4/08/2025 01:22;U047;P097;TipInt003;Regular Day;Sydney, Australia;-;2.5
I0899;4/08/2025 05:13;U070;P020;TipInt001;Cyber Monday;London, UK;-;1.4
I0176;4/08/2025 13:16;U039;P003;TipInt003;Holiday Sale;New York, USA;-;1.7
I0539;4/08/2025 13:35;U023;P023;TipInt003;Regular Day;London, UK;-;1.7
I0572;4/08/2025 23:28;U019;P095;TipInt002;Holiday Sale;Sydney, Australia;-;3.3
I0431;5/08/2025 12:45;U052;P087;TipInt001;Holiday Sale;New York, USA;-;2.3
I0885;5/08/2025 13:08;U097;P084;TipInt002;Cyber Monday;Sydney, Australia;-;3.7
I0103;5/08/2025 17:47;U035;P027;TipInt002;Regular Day;Berlin, Germany;-;1.6
I0193;5/08/2025 22:47;U085;P059;TipInt002;Spring Sale;Berlin, Germany;-;3.6
I0316;6/08/2025 05:41;U013;P089;TipInt003;Black Friday;Sydney, Australia;-;4.3
I0440;6/08/2025 09:19;U047;P057;TipInt002;Cyber Monday;Sydney, Australia;-;3.1
I0393;6/08/2025 16:09;U028;P006;TipInt001;Regular Day;Sydney, Australia;-;3.3
I0929;7/08/2025 03:07;U025;P012;TipInt004;Holiday Sale;Sydney, Australia;3;3.2
I0389;7/08/2025 07:50;U049;P054;TipInt004;Regular Day;Berlin, Germany;4;1.8
I0724;7/08/2025 09:04;U050;P060;TipInt002;Regular Day;Sydney, Australia;-;1.6
I0190;7/08/2025 21:44;U040;P080;TipInt002;Spring Sale;Berlin, Germany;-;2.8
I0221;8/08/2025 02:25;U040;P020;TipInt004;Spring Sale;Berlin, Germany;1;1.4
I0977;8/08/2025 17:00;U092;P070;TipInt003;Cyber Monday;New York, USA;-;4
I0105;8/08/2025 20:35;U013;P075;TipInt004;Black Friday;Sydney, Australia;5;1.2
I0858;9/08/2025 03:08;U024;P059;TipInt004;Cyber Monday;Toronto, Canada;2;3.6
I0363;9/08/2025 05:42;U080;P025;TipInt004;Spring Sale;Berlin, Germany;2;1.8
I0599;9/08/2025 09:34;U075;P094;TipInt004;Holiday Sale;Sydney, Australia;1;2.9
I0259;10/08/2025 15:15;U001;P091;TipInt001;Black Friday;Toronto, Canada;-;4.6
I0253;10/08/2025 23:05;U012;P003;TipInt004;Holiday Sale;Berlin, Germany;5;1.7
I0126;11/08/2025 13:06;U035;P026;TipInt004;Holiday Sale;Berlin, Germany;1;3.5
I0336;12/08/2025 06:04;U043;P071;TipInt001;Regular Day;Toronto, Canada;-;2.8
I0813;12/08/2025 10:02;U077;P022;TipInt001;Holiday Sale;Sydney, Australia;-;2.6
I0006;12/08/2025 12:14;U065;P021;TipInt004;Cyber Monday;Toronto, Canada;4;1.9
I0982;1/09/2025 08:54;U077;P033;TipInt004;Black Friday;Sydney, Australia;4;4.1
I0490;1/09/2025 19:25;U057;P074;TipInt002;Cyber Monday;New York, USA;-;2.5
I0026;2/09/2025 18:22;U074;P077;TipInt004;Holiday Sale;New York, USA;5;3.6
I0027;2/09/2025 20:06;U059;P018;TipInt001;Holiday Sale;Berlin, Germany;-;2.8
I0578;3/09/2025 05:11;U088;P085;TipInt004;Spring Sale;New York, USA;1;4.5
I0558;3/09/2025 16:05;U099;P007;TipInt003;Black Friday;London, UK;-;1.6
I0896;4/09/2025 03:01;U048;P095;TipInt004;Cyber Monday;Sydney, Australia;5;3.3
I0435;4/09/2025 05:38;U076;P022;TipInt002;Cyber Monday;Berlin, Germany;-;2.6
I0100;4/09/2025 20:55;U093;P032;TipInt001;Regular Day;Toronto, Canada;-;4.1
I0324;4/09/2025 23:27;U089;P077;TipInt002;Cyber Monday;Toronto, Canada;-;3.6
I0168;5/09/2025 02:02;U035;P081;TipInt002;Regular Day;Berlin, Germany;-;3.6
I0064;5/09/2025 05:45;U015;P035;TipInt001;Cyber Monday;Sydney, Australia;-;2.1
I0621;5/09/2025 16:16;U044;P018;TipInt004;Regular Day;Berlin, Germany;3;2.8
I0397;5/09/2025 20:41;U063;P053;TipInt001;Spring Sale;London, UK;-;1.2
I0835;6/09/2025 01:53;U029;P059;TipInt001;Regular Day;New York, USA;-;3.6
I0220;6/09/2025 02:28;U026;P057;TipInt001;Spring Sale;Sydney, Australia;-;3.1
I0095;6/09/2025 07:38;U011;P042;TipInt001;Spring Sale;Toronto, Canada;-;1.3
I0346;6/09/2025 11:39;U038;P001;TipInt003;Regular Day;London, UK;-;4.9
I0436;6/09/2025 18:09;U017;P054;TipInt001;Holiday Sale;London, UK;-;1.8
I0762;7/09/2025 06:44;U055;P032;TipInt003;Black Friday;Berlin, Germany;-;4.1
I0728;8/09/2025 00:05;U009;P027;TipInt002;Holiday Sale;Toronto, Canada;-;1.6
I0921;8/09/2025 03:25;U082;P064;TipInt003;Cyber Monday;Toronto, Canada;-;5
I0022;8/09/2025 10:44;U047;P086;TipInt004;Regular Day;Sydney, Australia;5;3.9
I0177;8/09/2025 13:44;U057;P005;TipInt001;Cyber Monday;New York, USA;-;4.8
I0561;8/09/2025 17:26;U004;P035;TipInt003;Cyber Monday;London, UK;-;2.1
I0491;8/09/2025 19:20;U010;P023;TipInt001;Cyber Monday;Berlin, Germany;-;1.7
I0420;9/09/2025 17:10;U021;P016;TipInt003;Regular Day;Sydney, Australia;-;4
I0866;9/09/2025 18:05;U038;P044;TipInt002;Regular Day;London, UK;-;2.9
I0187;9/09/2025 18:26;U053;P057;TipInt004;Spring Sale;New York, USA;1;3.1
I0110;9/09/2025 21:35;U051;P096;TipInt004;Regular Day;New York, USA;5;2.8
I0925;10/09/2025 02:14;U054;P003;TipInt004;Spring Sale;New York, USA;5;1.7
I0385;10/09/2025 12:19;U047;P019;TipInt002;Holiday Sale;Sydney, Australia;-;1.9
I0181;10/09/2025 12:47;U041;P017;TipInt002;Black Friday;Berlin, Germany;-;1.7
I0098;10/09/2025 15:24;U076;P094;TipInt002;Regular Day;Berlin, Germany;-;2.9
I0590;10/09/2025 17:18;U038;P038;TipInt004;Cyber Monday;London, UK;4;2
I0722;11/09/2025 00:08;U065;P042;TipInt004;Spring Sale;Toronto, Canada;3;1.3
I0711;11/09/2025 07:04;U077;P014;TipInt004;Black Friday;Sydney, Australia;2;4.4
I0291;11/09/2025 07:45;U090;P031;TipInt004;Cyber Monday;Toronto, Canada;1;2.7
I0255;12/09/2025 00:19;U028;P061;TipInt002;Regular Day;Sydney, Australia;-;4.3
I0015;12/09/2025 08:55;U076;P086;TipInt001;Black Friday;Berlin, Germany;-;3.9
I0315;12/09/2025 09:55;U031;P000;TipInt003;Cyber Monday;Toronto, Canada;-;3.6
I0714;12/09/2025 20:50;U041;P049;TipInt001;Regular Day;Berlin, Germany;-;1.3
I0972;1/10/2025 01:48;U064;P031;TipInt001;Cyber Monday;New York, USA;-;2.7
I0174;1/10/2025 03:13;U078;P014;TipInt002;Holiday Sale;Toronto, Canada;-;4.4
I0675;1/10/2025 11:12;U094;P042;TipInt002;Holiday Sale;Berlin, Germany;-;1.3
I0639;2/10/2025 04:24;U018;P033;TipInt002;Spring Sale;Sydney, Australia;-;4.1
I0545;2/10/2025 16:21;U019;P082;TipInt003;Spring Sale;Sydney, Australia;-;4.8
I0210;2/10/2025 22:49;U007;P087;TipInt003;Spring Sale;New York, USA;-;2.3
I0288;2/10/2025 23:26;U003;P000;TipInt001;Cyber Monday;London, UK;-;3.6
I0666;3/10/2025 03:10;U016;P079;TipInt004;Black Friday;Sydney, Australia;1;5
I0774;3/10/2025 11:02;U061;P027;TipInt003;Regular Day;Berlin, Germany;-;1.6
I0061;3/10/2025 16:42;U039;P058;TipInt004;Holiday Sale;New York, USA;4;3.7
I0430;3/10/2025 17:02;U054;P033;TipInt004;Black Friday;New York, USA;5;4.1
I0059;4/10/2025 02:28;U091;P048;TipInt001;Holiday Sale;London, UK;-;1.9
I0596;4/10/2025 15:19;U000;P084;TipInt004;Cyber Monday;London, UK;5;3.7
I0081;4/10/2025 22:57;U018;P030;TipInt003;Black Friday;Sydney, Australia;-;1.4
I0263;5/10/2025 03:01;U056;P074;TipInt004;Cyber Monday;Toronto, Canada;4;2.5
I0964;5/10/2025 13:21;U016;P054;TipInt002;Cyber Monday;Sydney, Australia;-;1.8
I0214;5/10/2025 14:57;U062;P034;TipInt002;Regular Day;Berlin, Germany;-;1.9
I0078;5/10/2025 16:25;U067;P009;TipInt002;Spring Sale;Berlin, Germany;-;2.5
I0502;7/10/2025 00:29;U028;P048;TipInt001;Holiday Sale;Sydney, Australia;-;1.9
I0732;7/10/2025 11:52;U043;P059;TipInt003;Regular Day;Toronto, Canada;-;3.6
I0273;9/10/2025 02:58;U005;P039;TipInt002;Cyber Monday;New York, USA;-;1.8
I0767;9/10/2025 11:41;U048;P013;TipInt002;Black Friday;Sydney, Australia;-;3.8
I0068;9/10/2025 12:37;U014;P077;TipInt004;Regular Day;Sydney, Australia;4;3.6
I0262;9/10/2025 16:04;U056;P043;TipInt002;Holiday Sale;Toronto, Canada;-;1.6
I0374;9/10/2025 16:25;U095;P078;TipInt003;Spring Sale;Toronto, Canada;-;3.4
I0025;9/10/2025 19:38;U030;P056;TipInt001;Regular Day;Berlin, Germany;-;4.2
I0847;10/10/2025 10:29;U047;P084;TipInt002;Holiday Sale;Sydney, Australia;-;3.7
I0033;10/10/2025 11:43;U017;P096;TipInt002;Cyber Monday;London, UK;-;2.8
I0965;10/10/2025 16:35;U067;P043;TipInt001;Regular Day;Berlin, Germany;-;1.6
I0083;10/10/2025 17:16;U074;P021;TipInt001;Holiday Sale;New York, USA;-;1.9
I0579;11/10/2025 01:59;U078;P008;TipInt002;Regular Day;Toronto, Canada;-;1.9
I0679;11/10/2025 07:28;U002;P027;TipInt001;Cyber Monday;London, UK;-;1.6
I0668;11/10/2025 08:34;U048;P039;TipInt002;Black Friday;Sydney, Australia;-;1.8
I0646;11/10/2025 18:57;U037;P046;TipInt002;Cyber Monday;Berlin, Germany;-;3.4
I0104;11/10/2025 19:49;U000;P047;TipInt003;Holiday Sale;London, UK;-;2
I0073;11/10/2025 20:16;U016;P050;TipInt002;Black Friday;Sydney, Australia;-;2.4
I0236;12/10/2025 04:25;U001;P076;TipInt001;Spring Sale;Toronto, Canada;-;2.2
I0608;12/10/2025 13:05;U021;P012;TipInt001;Black Friday;Sydney, Australia;-;3.2
I0683;12/10/2025 21:45;U098;P024;TipInt003;Black Friday;Berlin, Germany;-;3.1
I0028;1/11/2025 06:04;U051;P038;TipInt002;Cyber Monday;New York, USA;-;2
I0462;1/11/2025 07:29;U052;P070;TipInt001;Holiday Sale;New York, USA;-;4
I0844;1/11/2025 10:10;U099;P083;TipInt002;Regular Day;London, UK;-;2.2
I0791;1/11/2025 15:39;U053;P020;TipInt001;Holiday Sale;New York, USA;-;1.4
I0499;2/11/2025 03:33;U092;P064;TipInt003;Regular Day;New York, USA;-;5
I0805;2/11/2025 06:22;U005;P091;TipInt003;Regular Day;New York, USA;-;4.6
I0180;2/11/2025 09:42;U001;P098;TipInt002;Regular Day;Toronto, Canada;-;2.9
I0434;2/11/2025 18:49;U095;P058;TipInt004;Holiday Sale;Toronto, Canada;3;3.7
I0229;3/11/2025 02:25;U021;P019;TipInt002;Regular Day;Sydney, Australia;-;1.9
I0046;3/11/2025 05:13;U005;P042;TipInt003;Black Friday;New York, USA;-;1.3
I0478;4/11/2025 00:52;U011;P013;TipInt001;Holiday Sale;Toronto, Canada;-;3.8
I0568;4/11/2025 13:51;U069;P054;TipInt002;Regular Day;Toronto, Canada;-;1.8
I0990;4/11/2025 13:57;U074;P028;TipInt001;Spring Sale;New York, USA;-;2.6
I0398;5/11/2025 02:27;U067;P067;TipInt001;Spring Sale;Berlin, Germany;-;2.7
I0997;5/11/2025 04:57;U005;P022;TipInt001;Spring Sale;New York, USA;-;2.6
I0278;5/11/2025 16:24;U078;P016;TipInt002;Cyber Monday;Toronto, Canada;-;4
I0048;5/11/2025 20:48;U084;P056;TipInt003;Holiday Sale;New York, USA;-;4.2
I0909;5/11/2025 22:18;U044;P057;TipInt002;Spring Sale;Berlin, Germany;-;3.1
I0101;6/11/2025 00:14;U047;P002;TipInt004;Holiday Sale;Sydney, Australia;5;1.4
I0020;6/11/2025 10:38;U002;P086;TipInt004;Regular Day;London, UK;4;3.9
I0327;6/11/2025 20:43;U019;P037;TipInt003;Holiday Sale;Sydney, Australia;-;2.9
I0516;7/11/2025 04:25;U057;P066;TipInt003;Spring Sale;New York, USA;-;1.8
I0223;7/11/2025 06:31;U045;P074;TipInt004;Spring Sale;Berlin, Germany;2;2.5
I0463;8/11/2025 11:36;U047;P063;TipInt001;Regular Day;Sydney, Australia;-;3.6
I0441;8/11/2025 17:21;U048;P050;TipInt004;Regular Day;Sydney, Australia;2;2.4
I0839;8/11/2025 19:40;U090;P086;TipInt004;Holiday Sale;Toronto, Canada;3;3.9
I0276;9/11/2025 04:53;U055;P052;TipInt001;Regular Day;Berlin, Germany;-;2.5
I0627;10/11/2025 02:32;U022;P031;TipInt003;Cyber Monday;Toronto, Canada;-;2.7
I0002;10/11/2025 06:42;U022;P066;TipInt004;Spring Sale;Toronto, Canada;3;1.8
I0946;10/11/2025 15:41;U057;P054;TipInt004;Holiday Sale;New York, USA;1;1.8
I0656;10/11/2025 16:42;U058;P000;TipInt002;Black Friday;Sydney, Australia;-;3.6
I0360;10/11/2025 22:38;U065;P036;TipInt004;Cyber Monday;Toronto, Canada;4;4.8
I0515;10/11/2025 23:16;U093;P026;TipInt002;Cyber Monday;Toronto, Canada;-;3.5
I0290;11/11/2025 01:41;U097;P097;TipInt002;Regular Day;Sydney, Australia;-;2.5
I0755;11/11/2025 05:25;U085;P027;TipInt001;Holiday Sale;Berlin, Germany;-;1.6
I0996;11/11/2025 10:57;U047;P034;TipInt003;Cyber Monday;Sydney, Australia;-;1.9
I0459;11/11/2025 15:43;U031;P067;TipInt001;Holiday Sale;Toronto, Canada;-;2.7
I0232;11/11/2025 19:33;U007;P011;TipInt002;Regular Day;New York, USA;-;2.7
I0538;11/11/2025 20:15;U062;P051;TipInt002;Holiday Sale;Berlin, Germany;-;2.5
I0052;12/11/2025 06:11;U059;P052;TipInt001;Holiday Sale;Berlin, Germany;-;2.5
I0795;12/11/2025 15:57;U068;P014;TipInt003;Cyber Monday;Sydney, Australia;-;4.4
I0924;12/11/2025 16:39;U099;P017;TipInt002;Spring Sale;London, UK;-;1.7
I0838;12/11/2025 20:33;U003;P017;TipInt001;Holiday Sale;London, UK;-;1.7
I0284;1/12/2025 01:39;U012;P047;TipInt002;Holiday Sale;Berlin, Germany;-;2
I0840;1/12/2025 01:52;U082;P096;TipInt003;Black Friday;Toronto, Canada;-;2.8
I0254;2/12/2025 17:56;U099;P059;TipInt004;Black Friday;London, UK;4;3.6
I0845;3/12/2025 12:22;U098;P034;TipInt001;Black Friday;Berlin, Germany;-;1.9
I0817;3/12/2025 17:21;U070;P051;TipInt001;Spring Sale;London, UK;-;2.5
I0720;3/12/2025 20:04;U072;P086;TipInt004;Holiday Sale;Toronto, Canada;1;3.9
I0120;4/12/2025 00:58;U017;P094;TipInt004;Holiday Sale;London, UK;3;2.9
I0119;4/12/2025 18:16;U009;P082;TipInt001;Black Friday;Toronto, Canada;-;4.8
I0740;5/12/2025 01:34;U064;P006;TipInt001;Holiday Sale;New York, USA;-;3.3
I0043;5/12/2025 18:21;U009;P079;TipInt001;Holiday Sale;Toronto, Canada;-;5
I0904;5/12/2025 18:27;U074;P087;TipInt001;Regular Day;New York, USA;-;2.3
I0488;6/12/2025 22:07;U098;P062;TipInt001;Black Friday;Berlin, Germany;-;1.3
I0029;8/12/2025 02:12;U042;P097;TipInt003;Black Friday;London, UK;-;2.5
I0341;8/12/2025 02:51;U007;P045;TipInt003;Holiday Sale;New York, USA;-;2.2
I0495;8/12/2025 07:41;U087;P020;TipInt003;Cyber Monday;London, UK;-;1.4
I0661;8/12/2025 18:31;U008;P094;TipInt004;Cyber Monday;Berlin, Germany;3;2.9
I0859;9/12/2025 11:58;U063;P014;TipInt003;Regular Day;London, UK;-;4.4
I0629;9/12/2025 13:39;U061;P049;TipInt003;Holiday Sale;Berlin, Germany;-;1.3
I0268;9/12/2025 14:37;U084;P020;TipInt001;Black Friday;New York, USA;-;1.4
I0387;10/12/2025 19:11;U042;P029;TipInt002;Regular Day;London, UK;-;3.2
I0508;10/12/2025 19:43;U053;P035;TipInt003;Holiday Sale;New York, USA;-;2.1
I0482;10/12/2025 22:50;U037;P020;TipInt002;Holiday Sale;Berlin, Germany;-;1.4
I0551;10/12/2025 23:36;U010;P063;TipInt001;Cyber Monday;Berlin, Germany;-;3.6
I0760;11/12/2025 20:42;U075;P089;TipInt003;Black Friday;Sydney, Australia;-;4.3
I0943;12/12/2025 20:03;U083;P067;TipInt004;Holiday Sale;London, UK;3;2.7
I0331;1/13/2025 18:10;U061;P097;TipInt002;Holiday Sale;Berlin, Germany;-;2.5
I0376;1/13/2025 23:13;U027;P085;TipInt001;Black Friday;Sydney, Australia;-;4.5
I0692;1/13/2025 23:19;U073;P026;TipInt003;Cyber Monday;Berlin, Germany;-;3.5
I0307;1/14/2025 23:17;U032;P060;TipInt003;Regular Day;Toronto, Canada;-;1.6
I0986;1/15/2025 0:58;U059;P052;TipInt002;Black Friday;Berlin, Germany;-;2.5
I0311;1/15/2025 10:15;U011;P030;TipInt001;Regular Day;Toronto, Canada;-;1.4
I0450;1/16/2025 14:15;U091;P004;TipInt002;Spring Sale;London, UK;-;3.4
I0004;1/16/2025 2:45;U071;P057;TipInt002;Black Friday;Toronto, Canada;-;3.1
I0409;1/16/2025 8:55;U016;P016;TipInt004;Spring Sale;Sydney, Australia;4;4
I0549;1/17/2025 10:24;U019;P086;TipInt004;Spring Sale;Sydney, Australia;5;3.9
I0377;1/17/2025 21:04;U049;P020;TipInt001;Cyber Monday;Berlin, Germany;-;1.4
I0134;1/17/2025 21:17;U054;P041;TipInt004;Holiday Sale;New York, USA;2;3.7
I0297;1/18/2025 11:38;U074;P072;TipInt004;Holiday Sale;New York, USA;3;4.3
I0339;1/18/2025 12:40;U082;P085;TipInt002;Regular Day;Toronto, Canada;-;4.5
I0395;1/18/2025 21:13;U076;P029;TipInt004;Spring Sale;Berlin, Germany;2;3.2
I0918;1/18/2025 23:38;U061;P040;TipInt002;Spring Sale;Berlin, Germany;-;1.5
I0831;1/18/2025 3:05;U090;P063;TipInt003;Holiday Sale;Toronto, Canada;-;3.6
I0520;1/18/2025 9:33;U027;P043;TipInt004;Black Friday;Sydney, Australia;4;1.6
I0024;1/19/2025 6:45;U094;P080;TipInt004;Black Friday;Berlin, Germany;5;2.8
I0381;1/19/2025 9:31;U006;P017;TipInt002;Black Friday;London, UK;-;1.7
I0615;1/20/2025 18:53;U011;P072;TipInt001;Black Friday;Toronto, Canada;-;4.3
I0408;1/21/2025 6:51;U033;P089;TipInt003;Spring Sale;London, UK;-;4.3
I0744;1/22/2025 17:34;U084;P086;TipInt001;Spring Sale;New York, USA;-;3.9
I0687;1/22/2025 18:08;U035;P005;TipInt003;Regular Day;Berlin, Germany;-;4.8
I0326;1/22/2025 21:19;U020;P021;TipInt004;Spring Sale;Toronto, Canada;5;1.9
I0657;1/22/2025 9:19;U012;P068;TipInt002;Holiday Sale;Berlin, Germany;-;2.8
I0716;1/22/2025 9:34;U096;P014;TipInt003;Cyber Monday;Berlin, Germany;-;4.4
I0484;1/23/2025 17:37;U002;P058;TipInt002;Black Friday;London, UK;-;3.7
I0314;1/23/2025 7:12;U033;P060;TipInt001;Cyber Monday;London, UK;-;1.6
I0087;1/24/2025 10:39;U026;P000;TipInt002;Regular Day;Sydney, Australia;-;3.6
I0067;1/24/2025 19:11;U092;P081;TipInt001;Holiday Sale;New York, USA;-;3.6
I0742;1/24/2025 5:04;U093;P055;TipInt001;Cyber Monday;Toronto, Canada;-;3.3
I0960;1/25/2025 12:40;U084;P022;TipInt004;Holiday Sale;New York, USA;4;2.6
I0185;1/25/2025 9:36;U092;P037;TipInt001;Black Friday;New York, USA;-;2.9
I0509;1/26/2025 10:43;U066;P081;TipInt002;Spring Sale;London, UK;-;3.6
I0812;1/26/2025 14:43;U063;P020;TipInt001;Spring Sale;London, UK;-;1.4
I0019;1/26/2025 5:35;U015;P081;TipInt001;Regular Day;Sydney, Australia;-;3.6
I0920;1/27/2025 11:05;U050;P036;TipInt001;Regular Day;Sydney, Australia;-;4.8
I0873;1/27/2025 11:12;U081;P036;TipInt001;Black Friday;Sydney, Australia;-;4.8
I0005;1/27/2025 2:54;U022;P062;TipInt001;Black Friday;Toronto, Canada;-;1.3
I0654;1/28/2025 1:25;U005;P079;TipInt002;Cyber Monday;New York, USA;-;5
I0011;1/28/2025 11:29;U043;P097;TipInt004;Holiday Sale;Toronto, Canada;3;2.5
I0258;1/28/2025 14:41;U048;P069;TipInt004;Cyber Monday;Sydney, Australia;2;1.6
I0054;1/28/2025 20:03;U033;P032;TipInt004;Regular Day;London, UK;2;4.1
I0041;10/13/2025 21:47;U018;P026;TipInt004;Black Friday;Sydney, Australia;1;3.5
I0975;10/13/2025 22:05;U096;P082;TipInt002;Black Friday;Berlin, Germany;-;4.8
I0366;10/14/2025 19:48;U076;P004;TipInt002;Spring Sale;Berlin, Germany;-;3.4
I0636;10/14/2025 4:25;U022;P081;TipInt003;Black Friday;Toronto, Canada;-;3.6
I0423;10/14/2025 6:02;U004;P027;TipInt004;Holiday Sale;London, UK;3;1.6
I0989;10/14/2025 9:51;U062;P079;TipInt002;Black Friday;Berlin, Germany;-;5
I0966;10/15/2025 17:55;U092;P026;TipInt001;Holiday Sale;New York, USA;-;3.5
I0937;10/15/2025 18:12;U085;P020;TipInt004;Spring Sale;Berlin, Germany;5;1.4
I0892;10/15/2025 20:26;U002;P088;TipInt004;Black Friday;London, UK;1;1.9
I0967;10/15/2025 4:49;U055;P041;TipInt003;Holiday Sale;Berlin, Germany;-;3.7
I0427;10/16/2025 13:57;U028;P077;TipInt004;Cyber Monday;Sydney, Australia;3;3.6
I0367;10/16/2025 14:41;U058;P012;TipInt004;Holiday Sale;Sydney, Australia;4;3.2
I0734;10/16/2025 23:37;U006;P016;TipInt003;Cyber Monday;London, UK;-;4
I0512;10/17/2025 10:50;U056;P082;TipInt002;Black Friday;Toronto, Canada;-;4.8
I0036;10/17/2025 5:45;U058;P025;TipInt003;Spring Sale;Sydney, Australia;-;1.8
I0129;10/18/2025 0:46;U017;P069;TipInt002;Holiday Sale;London, UK;-;1.6
I0895;10/18/2025 12:24;U042;P054;TipInt002;Spring Sale;London, UK;-;1.8
I0283;10/18/2025 13:59;U033;P097;TipInt001;Holiday Sale;London, UK;-;2.5
I0637;10/18/2025 15:15;U077;P066;TipInt003;Spring Sale;Sydney, Australia;-;1.8
I0166;10/18/2025 18:02;U055;P036;TipInt003;Holiday Sale;Berlin, Germany;-;4.8
I0299;10/18/2025 5:14;U017;P040;TipInt001;Spring Sale;London, UK;-;1.5
I0330;10/18/2025 6:32;U069;P090;TipInt002;Black Friday;Toronto, Canada;-;4.1
I0670;10/18/2025 6:37;U069;P014;TipInt003;Spring Sale;Toronto, Canada;-;4.4
I0862;10/18/2025 8:39;U086;P054;TipInt004;Holiday Sale;London, UK;4;1.8
I0106;10/18/2025 8:59;U094;P030;TipInt004;Holiday Sale;Berlin, Germany;5;1.4
I0058;10/19/2025 10:02;U063;P035;TipInt002;Regular Day;London, UK;-;2.1
I0179;10/19/2025 8:44;U023;P004;TipInt001;Black Friday;London, UK;-;3.4
I0089;10/21/2025 10:40;U086;P014;TipInt001;Regular Day;London, UK;-;4.4
I0566;10/21/2025 23:24;U090;P016;TipInt004;Cyber Monday;Toronto, Canada;3;4
I0158;10/22/2025 7:51;U046;P043;TipInt004;Cyber Monday;Berlin, Germany;2;1.6
I0233;10/23/2025 15:49;U009;P016;TipInt003;Cyber Monday;Toronto, Canada;-;4
I0401;10/23/2025 18:15;U036;P074;TipInt001;Black Friday;Toronto, Canada;-;2.5
I0112;10/23/2025 21:17;U029;P009;TipInt004;Spring Sale;New York, USA;5;2.5
I0342;10/23/2025 8:02;U078;P009;TipInt003;Black Friday;Toronto, Canada;-;2.5
I0535;10/24/2025 18:14;U088;P019;TipInt001;Spring Sale;New York, USA;-;1.9
I0841;10/25/2025 23:21;U048;P067;TipInt002;Black Friday;Sydney, Australia;-;2.7
I0413;10/25/2025 6:05;U068;P024;TipInt002;Cyber Monday;Sydney, Australia;-;3.1
I0063;10/26/2025 11:33;U033;P094;TipInt003;Holiday Sale;London, UK;-;2.9
I0624;10/26/2025 13:56;U036;P082;TipInt002;Holiday Sale;Toronto, Canada;-;4.8
I0017;10/26/2025 8:33;U040;P002;TipInt003;Spring Sale;Berlin, Germany;-;1.4
I0623;10/26/2025 9:40;U005;P079;TipInt002;Spring Sale;New York, USA;-;5
I0837;10/27/2025 11:15;U074;P011;TipInt004;Cyber Monday;New York, USA;5;2.7
I0030;10/27/2025 19:32;U001;P074;TipInt002;Holiday Sale;Toronto, Canada;-;2.5
I0631;10/28/2025 23:06;U081;P048;TipInt002;Black Friday;Sydney, Australia;-;1.9
I0271;11/13/2025 11:37;U035;P040;TipInt003;Regular Day;Berlin, Germany;-;1.5
I0618;11/13/2025 23:04;U024;P023;TipInt004;Spring Sale;Toronto, Canada;1;1.7
I0165;11/13/2025 8:15;U041;P023;TipInt003;Regular Day;Berlin, Germany;-;1.7
I0114;11/14/2025 20:04;U002;P004;TipInt001;Holiday Sale;London, UK;-;3.4
I0133;11/15/2025 0:36;U083;P047;TipInt003;Cyber Monday;London, UK;-;2
I0523;11/15/2025 10:48;U014;P063;TipInt001;Regular Day;Sydney, Australia;-;3.6
I0148;11/15/2025 16:11;U038;P029;TipInt004;Holiday Sale;London, UK;5;3.2
I0361;11/16/2025 16:06;U011;P089;TipInt004;Regular Day;Toronto, Canada;2;4.3
I0060;11/16/2025 2:01;U090;P084;TipInt004;Regular Day;Toronto, Canada;3;3.7
I0685;11/16/2025 7:08;U000;P024;TipInt004;Black Friday;London, UK;3;3.1
I0612;11/17/2025 13:22;U094;P087;TipInt004;Black Friday;Berlin, Germany;3;2.3
I0686;11/17/2025 17:54;U093;P098;TipInt003;Spring Sale;Toronto, Canada;-;2.9
I0200;11/17/2025 21:06;U081;P020;TipInt003;Regular Day;Sydney, Australia;-;1.4
I0574;11/17/2025 22:47;U028;P080;TipInt004;Cyber Monday;Sydney, Australia;5;2.8
I0128;11/18/2025 23:48;U050;P039;TipInt002;Regular Day;Sydney, Australia;-;1.8
I0597;11/18/2025 3:54;U013;P087;TipInt002;Regular Day;Sydney, Australia;-;2.3
I0003;11/19/2025 21:16;U074;P007;TipInt003;Spring Sale;New York, USA;-;1.6
I0736;11/19/2025 6:32;U034;P092;TipInt002;Spring Sale;Toronto, Canada;-;1.4
I0375;11/19/2025 7:34;U050;P024;TipInt001;Spring Sale;Sydney, Australia;-;3.1
I0830;11/20/2025 5:24;U084;P001;TipInt002;Holiday Sale;New York, USA;-;4.9
I0619;11/21/2025 20:45;U063;P031;TipInt004;Holiday Sale;London, UK;5;2.7
I0877;11/21/2025 20:51;U087;P073;TipInt002;Regular Day;London, UK;-;2.8
I0715;11/23/2025 11:20;U032;P061;TipInt003;Spring Sale;Toronto, Canada;-;4.3
I0164;11/23/2025 12:16;U029;P083;TipInt004;Holiday Sale;New York, USA;3;2.2
I0351;11/23/2025 15:59;U047;P027;TipInt001;Spring Sale;Sydney, Australia;-;1.6
I0546;11/23/2025 6:00;U040;P019;TipInt003;Spring Sale;Berlin, Germany;-;1.9
I0329;11/24/2025 13:23;U031;P062;TipInt002;Cyber Monday;Toronto, Canada;-;1.3
I0417;11/25/2025 11:34;U075;P083;TipInt001;Cyber Monday;Sydney, Australia;-;2.2
I0065;11/25/2025 8:21;U011;P028;TipInt002;Cyber Monday;Toronto, Canada;-;2.6
I0286;11/26/2025 17:29;U093;P080;TipInt002;Regular Day;Toronto, Canada;-;2.8
I0303;11/26/2025 19:31;U091;P050;TipInt003;Black Friday;London, UK;-;2.4
I0761;11/26/2025 2:42;U062;P003;TipInt001;Holiday Sale;Berlin, Germany;-;1.7
I0044;11/27/2025 10:54;U053;P025;TipInt001;Cyber Monday;New York, USA;-;1.8
I0032;11/27/2025 12:30;U076;P036;TipInt004;Spring Sale;Berlin, Germany;5;4.8
I0776;11/27/2025 19:26;U098;P066;TipInt003;Regular Day;Berlin, Germany;-;1.8
I0680;11/27/2025 9:13;U015;P023;TipInt004;Regular Day;Sydney, Australia;4;1.7
I0096;11/27/2025 9:35;U086;P031;TipInt004;Regular Day;London, UK;4;2.7
I0173;11/28/2025 11:39;U040;P034;TipInt003;Holiday Sale;Berlin, Germany;-;1.9
I0934;11/28/2025 3:41;U004;P055;TipInt002;Cyber Monday;London, UK;-;3.3
I0130;11/28/2025 8:35;U075;P098;TipInt004;Holiday Sale;Sydney, Australia;2;2.9
I0832;12/14/2025 16:05;U054;P022;TipInt003;Spring Sale;New York, USA;-;2.6
I0243;12/14/2025 16:38;U078;P028;TipInt002;Cyber Monday;Toronto, Canada;-;2.6
I0681;12/14/2025 17:54;U043;P057;TipInt002;Spring Sale;Toronto, Canada;-;3.1
I0445;12/15/2025 12:14;U055;P001;TipInt001;Regular Day;Berlin, Germany;-;4.9
I0088;12/15/2025 17:27;U013;P024;TipInt001;Regular Day;Sydney, Australia;-;3.1
I0412;12/15/2025 9:31;U096;P021;TipInt003;Cyber Monday;Berlin, Germany;-;1.9
I0778;12/16/2025 21:14;U069;P063;TipInt001;Holiday Sale;Toronto, Canada;-;3.6
I0737;12/16/2025 5:51;U029;P099;TipInt002;Holiday Sale;New York, USA;-;1.6
I0942;12/16/2025 7:00;U018;P069;TipInt004;Spring Sale;Sydney, Australia;4;1.6
I0486;12/16/2025 8:12;U076;P069;TipInt004;Holiday Sale;Berlin, Germany;1;1.6
I0658;12/17/2025 12:40;U039;P038;TipInt003;Regular Day;New York, USA;-;2
I0250;12/17/2025 21:13;U065;P081;TipInt002;Black Friday;Toronto, Canada;-;3.6
I0457;12/17/2025 8:57;U097;P041;TipInt001;Spring Sale;Sydney, Australia;-;3.7
I0673;12/18/2025 10:33;U025;P065;TipInt004;Spring Sale;Sydney, Australia;4;4.7
I0350;12/18/2025 6:03;U027;P090;TipInt004;Holiday Sale;Sydney, Australia;5;4.1
I0201;12/19/2025 12:03;U011;P044;TipInt004;Regular Day;Toronto, Canada;2;2.9
I0763;12/19/2025 18:18;U042;P073;TipInt004;Cyber Monday;London, UK;5;2.8
I0251;12/19/2025 20:06;U005;P010;TipInt003;Black Friday;New York, USA;-;3.2
I0172;12/19/2025 6:48;U063;P033;TipInt002;Black Friday;London, UK;-;4.1
I0804;12/19/2025 8:15;U003;P009;TipInt004;Regular Day;London, UK;1;2.5
I0533;12/20/2025 0:02;U094;P032;TipInt001;Spring Sale;Berlin, Germany;-;4.1
I0849;12/20/2025 10:26;U044;P075;TipInt004;Holiday Sale;Berlin, Germany;2;1.2
I0514;12/20/2025 3:45;U024;P030;TipInt002;Cyber Monday;Toronto, Canada;-;1.4
I0752;12/21/2025 17:17;U083;P018;TipInt001;Regular Day;London, UK;-;2.8
I0209;12/22/2025 0:02;U042;P004;TipInt003;Regular Day;London, UK;-;3.4
I0399;12/22/2025 1:40;U008;P083;TipInt002;Spring Sale;Berlin, Germany;-;2.2
I0475;12/23/2025 18:51;U005;P080;TipInt001;Spring Sale;New York, USA;-;2.8
I0825;12/23/2025 2:08;U069;P004;TipInt004;Cyber Monday;Toronto, Canada;2;3.4
I0152;12/23/2025 3:56;U030;P003;TipInt003;Spring Sale;Berlin, Germany;-;1.7
I0384;12/23/2025 8:36;U099;P005;TipInt004;Holiday Sale;London, UK;1;4.8
I0405;12/23/2025 9:39;U082;P025;TipInt004;Cyber Monday;Toronto, Canada;1;1.8
I0882;12/24/2025 11:45;U088;P064;TipInt002;Regular Day;New York, USA;-;5
I0754;12/24/2025 16:44;U009;P099;TipInt002;Spring Sale;Toronto, Canada;-;1.6
I0287;12/24/2025 23:29;U085;P063;TipInt002;Cyber Monday;Berlin, Germany;-;3.6
I0505;12/25/2025 10:40;U099;P036;TipInt004;Regular Day;London, UK;1;4.8
I0340;12/25/2025 22:50;U071;P010;TipInt002;Holiday Sale;Toronto, Canada;-;3.2
I0677;12/25/2025 3:45;U066;P005;TipInt004;Spring Sale;London, UK;5;4.8
I0274;12/26/2025 14:54;U054;P097;TipInt004;Cyber Monday;New York, USA;1;2.5
I0935;12/26/2025 2:50;U075;P011;TipInt001;Regular Day;Sydney, Australia;-;2.7
I0659;12/26/2025 3:33;U040;P044;TipInt003;Spring Sale;Berlin, Germany;-;2.9
I0108;12/27/2025 21:07;U000;P004;TipInt004;Cyber Monday;London, UK;3;3.4
I0238;12/28/2025 0:29;U046;P052;TipInt002;Regular Day;Berlin, Germany;-;2.5
I0939;12/28/2025 19:18;U040;P069;TipInt001;Regular Day;Berlin, Germany;-;1.6
I0039;2/13/2025 3:06;U068;P025;TipInt003;Cyber Monday;Sydney, Australia;-;1.8
I0970;2/13/2025 4:13;U025;P085;TipInt004;Black Friday;Sydney, Australia;3;4.5
I0235;2/13/2025 6:04;U015;P080;TipInt003;Spring Sale;Sydney, Australia;-;2.8
I0094;2/13/2025 8:01;U003;P055;TipInt002;Spring Sale;London, UK;-;3.3
I0042;2/14/2025 12:25;U052;P013;TipInt003;Cyber Monday;New York, USA;-;3.8
I0057;2/14/2025 2:12;U090;P027;TipInt002;Spring Sale;Toronto, Canada;-;1.6
I0739;2/14/2025 2:47;U086;P082;TipInt002;Spring Sale;London, UK;-;4.8
I0477;2/14/2025 8:12;U036;P053;TipInt004;Regular Day;Toronto, Canada;4;1.2
I0492;2/15/2025 1:55;U073;P057;TipInt004;Spring Sale;Berlin, Germany;1;3.1
I0197;2/15/2025 23:52;U009;P006;TipInt004;Holiday Sale;Toronto, Canada;3;3.3
I0785;2/16/2025 22:59;U016;P077;TipInt001;Cyber Monday;Sydney, Australia;-;3.6
I0708;2/17/2025 1:17;U015;P089;TipInt004;Spring Sale;Sydney, Australia;5;4.3
I0372;2/17/2025 2:05;U029;P012;TipInt004;Black Friday;New York, USA;4;3.2
I0583;2/17/2025 22:33;U024;P030;TipInt004;Black Friday;Toronto, Canada;3;1.4
I0635;2/17/2025 3:10;U014;P017;TipInt001;Black Friday;Sydney, Australia;-;1.7
I0811;2/18/2025 19:22;U040;P027;TipInt003;Cyber Monday;Berlin, Germany;-;1.6
I0863;2/18/2025 4:47;U004;P002;TipInt001;Holiday Sale;London, UK;-;1.4
I0202;2/18/2025 7:14;U076;P073;TipInt002;Holiday Sale;Berlin, Germany;-;2.8
I0651;2/19/2025 14:56;U085;P076;TipInt004;Cyber Monday;Berlin, Germany;5;2.2
I0135;2/19/2025 19:15;U053;P010;TipInt002;Holiday Sale;New York, USA;-;3.2
I0800;2/20/2025 1:37;U059;P021;TipInt004;Regular Day;Berlin, Germany;5;1.9
I0001;2/20/2025 21:06;U093;P014;TipInt004;Cyber Monday;Toronto, Canada;5;4.4
I0611;2/21/2025 15:36;U080;P015;TipInt001;Cyber Monday;Berlin, Germany;-;4.8
I0553;2/21/2025 2:58;U056;P071;TipInt002;Black Friday;Toronto, Canada;-;2.8
I0147;2/21/2025 23:31;U021;P012;TipInt003;Cyber Monday;Sydney, Australia;-;3.2
I0248;2/22/2025 12:07;U051;P008;TipInt003;Spring Sale;New York, USA;-;1.9
I0824;2/22/2025 16:49;U027;P004;TipInt002;Cyber Monday;Sydney, Australia;-;3.4
I0570;2/23/2025 0:55;U001;P085;TipInt001;Spring Sale;Toronto, Canada;-;4.5
I0261;2/23/2025 12:58;U041;P024;TipInt003;Cyber Monday;Berlin, Germany;-;3.1
I0127;2/23/2025 20:07;U057;P009;TipInt003;Regular Day;New York, USA;-;2.5
I0506;2/24/2025 10:22;U015;P071;TipInt002;Spring Sale;Sydney, Australia;-;2.8
I0077;2/24/2025 10:51;U010;P014;TipInt001;Regular Day;Berlin, Germany;-;4.4
I0808;2/24/2025 17:54;U062;P028;TipInt004;Cyber Monday;Berlin, Germany;3;2.6
I0880;2/25/2025 1:09;U088;P090;TipInt002;Regular Day;New York, USA;-;4.1
I0542;2/25/2025 4:36;U071;P074;TipInt002;Holiday Sale;Toronto, Canada;-;2.5
I0212;2/25/2025 5:27;U050;P066;TipInt003;Cyber Monday;Sydney, Australia;-;1.8
I0416;2/25/2025 9:29;U090;P063;TipInt001;Cyber Monday;Toronto, Canada;-;3.6
I0620;2/26/2025 10:20;U094;P078;TipInt003;Regular Day;Berlin, Germany;-;3.4
I0483;2/26/2025 17:30;U079;P040;TipInt003;Black Friday;Sydney, Australia;-;1.5
I0264;2/27/2025 11:39;U025;P025;TipInt002;Spring Sale;Sydney, Australia;-;1.8
I0390;2/27/2025 15:09;U085;P067;TipInt002;Regular Day;Berlin, Germany;-;2.7
I0275;2/27/2025 19:29;U021;P078;TipInt003;Cyber Monday;Sydney, Australia;-;3.4
I0497;2/28/2025 1:38;U083;P025;TipInt003;Regular Day;London, UK;-;1.8
I0588;2/28/2025 19:49;U022;P021;TipInt001;Regular Day;Toronto, Canada;-;1.9
I0801;2/28/2025 22:21;U036;P071;TipInt002;Spring Sale;Toronto, Canada;-;2.8
I0751;2/28/2025 8:32;U066;P099;TipInt003;Holiday Sale;London, UK;-;1.6
I0062;3/13/2025 11:14;U076;P085;TipInt002;Holiday Sale;Berlin, Germany;-;4.5
I0141;3/13/2025 14:29;U017;P041;TipInt001;Black Friday;London, UK;-;3.7
I0926;3/13/2025 18:22;U016;P013;TipInt002;Regular Day;Sydney, Australia;-;3.8
I0768;3/13/2025 20:53;U035;P097;TipInt004;Spring Sale;Berlin, Germany;2;2.5
I0771;3/13/2025 9:16;U082;P006;TipInt004;Black Friday;Toronto, Canada;2;3.3
I0199;3/13/2025 9:50;U088;P038;TipInt002;Cyber Monday;New York, USA;-;2
I0382;3/14/2025 12:48;U074;P092;TipInt004;Holiday Sale;New York, USA;4;1.4
I0823;3/15/2025 20:01;U058;P098;TipInt001;Regular Day;Sydney, Australia;-;2.9
I0332;3/16/2025 11:25;U075;P094;TipInt004;Regular Day;Sydney, Australia;5;2.9
I0474;3/16/2025 15:31;U080;P077;TipInt003;Cyber Monday;Berlin, Germany;-;3.6
I0493;3/16/2025 2:42;U086;P030;TipInt002;Black Friday;London, UK;-;1.4
I0451;3/16/2025 21:11;U043;P081;TipInt002;Regular Day;Toronto, Canada;-;3.6
I0053;3/16/2025 3:01;U021;P083;TipInt003;Cyber Monday;Sydney, Australia;-;2.2
I0821;3/16/2025 7:52;U067;P089;TipInt003;Spring Sale;Berlin, Germany;-;4.3
I0727;3/17/2025 0:54;U083;P089;TipInt002;Holiday Sale;London, UK;-;4.3
I0772;3/17/2025 11:27;U047;P085;TipInt002;Holiday Sale;Sydney, Australia;-;4.5
I0422;3/17/2025 12:38;U025;P057;TipInt004;Spring Sale;Sydney, Australia;2;3.1
I0765;3/18/2025 20:00;U066;P018;TipInt001;Regular Day;London, UK;-;2.8
I0439;3/18/2025 20:54;U036;P089;TipInt002;Holiday Sale;Toronto, Canada;-;4.3
I0581;3/18/2025 8:31;U043;P085;TipInt002;Holiday Sale;Toronto, Canada;-;4.5
I0249;3/19/2025 12:54;U060;P097;TipInt004;Spring Sale;New York, USA;1;2.5
I0889;3/19/2025 16:16;U052;P033;TipInt004;Cyber Monday;New York, USA;2;4.1
I0362;3/20/2025 21:23;U070;P060;TipInt001;Spring Sale;London, UK;-;1.6
I0879;3/20/2025 6:16;U092;P067;TipInt004;Black Friday;New York, USA;1;2.7
I0908;3/21/2025 5:38;U091;P023;TipInt001;Cyber Monday;London, UK;-;1.7
I0949;3/21/2025 9:33;U061;P050;TipInt001;Cyber Monday;Berlin, Germany;-;2.4
I0047;3/22/2025 0:15;U047;P094;TipInt001;Regular Day;Sydney, Australia;-;2.9
I0702;3/22/2025 10:40;U080;P037;TipInt004;Black Friday;Berlin, Germany;4;2.9
I0669;3/22/2025 10:53;U073;P095;TipInt001;Regular Day;Berlin, Germany;-;3.3
I0471;3/22/2025 4:22;U025;P089;TipInt001;Regular Day;Sydney, Australia;-;4.3
I0388;3/23/2025 0:55;U038;P051;TipInt002;Spring Sale;London, UK;-;2.5
I0733;3/23/2025 22:42;U034;P004;TipInt001;Spring Sale;Toronto, Canada;-;3.4
I0355;3/24/2025 1:40;U036;P032;TipInt003;Spring Sale;Toronto, Canada;-;4.1
I0775;3/24/2025 15:03;U086;P028;TipInt003;Regular Day;London, UK;-;2.6
I0206;3/24/2025 15:25;U019;P040;TipInt004;Black Friday;Sydney, Australia;3;1.5
I0429;3/24/2025 17:18;U030;P067;TipInt003;Spring Sale;Berlin, Germany;-;2.7
I0704;3/24/2025 23:43;U037;P035;TipInt004;Regular Day;Berlin, Germany;5;2.1
I0161;3/25/2025 1:22;U040;P035;TipInt003;Cyber Monday;Berlin, Germany;-;2.1
I0717;3/25/2025 11:10;U000;P050;TipInt001;Regular Day;London, UK;-;2.4
I0642;3/25/2025 12:40;U060;P094;TipInt001;Spring Sale;New York, USA;-;2.9
I0644;3/25/2025 14:43;U034;P087;TipInt004;Black Friday;Toronto, Canada;1;2.3
I0980;3/25/2025 20:18;U007;P041;TipInt004;Regular Day;New York, USA;2;3.7
I0537;3/25/2025 7:16;U061;P036;TipInt004;Holiday Sale;Berlin, Germany;3;4.8
I0099;3/25/2025 9:31;U010;P080;TipInt002;Spring Sale;Berlin, Germany;-;2.8
I0580;3/26/2025 15:01;U089;P016;TipInt001;Spring Sale;Toronto, Canada;-;4
I0443;3/26/2025 19:31;U032;P073;TipInt001;Spring Sale;Toronto, Canada;-;2.8
I0018;3/26/2025 20:04;U065;P009;TipInt003;Regular Day;Toronto, Canada;-;2.5
I0404;3/27/2025 14:04;U031;P010;TipInt001;Spring Sale;Toronto, Canada;-;3.2
I0117;3/27/2025 17:35;U087;P062;TipInt003;Black Friday;London, UK;-;1.3
I0426;3/27/2025 3:33;U078;P084;TipInt004;Regular Day;Toronto, Canada;1;3.7
I0468;3/27/2025 9:18;U004;P016;TipInt003;Spring Sale;London, UK;-;4
I0979;3/28/2025 19:15;U015;P070;TipInt001;Regular Day;Sydney, Australia;-;4
I0160;3/28/2025 21:15;U087;P078;TipInt004;Holiday Sale;London, UK;1;3.4
I0292;3/28/2025 22:36;U013;P040;TipInt003;Regular Day;Sydney, Australia;-;1.5
I0456;3/28/2025 4:48;U050;P096;TipInt003;Cyber Monday;Sydney, Australia;-;2.8
I0999;4/13/2025 10:24;U065;P061;TipInt003;Regular Day;Toronto, Canada;-;4.3
I0576;4/13/2025 13:20;U011;P015;TipInt003;Holiday Sale;Toronto, Canada;-;4.8
I0945;4/13/2025 21:02;U061;P098;TipInt001;Holiday Sale;Berlin, Germany;-;2.9
I0883;4/14/2025 21:03;U070;P037;TipInt002;Regular Day;London, UK;-;2.9
I0247;4/15/2025 18:11;U050;P070;TipInt003;Black Friday;Sydney, Australia;-;4
I0333;4/15/2025 7:03;U072;P094;TipInt004;Holiday Sale;Toronto, Canada;5;2.9
I0586;4/15/2025 9:11;U092;P099;TipInt004;Spring Sale;New York, USA;5;1.6
I0773;4/16/2025 17:16;U061;P018;TipInt004;Spring Sale;Berlin, Germany;1;2.8
I0968;4/16/2025 18:52;U042;P000;TipInt001;Cyber Monday;London, UK;-;3.6
I0084;4/17/2025 21:54;U047;P095;TipInt001;Holiday Sale;Sydney, Australia;-;3.3
I0721;4/18/2025 14:33;U012;P008;TipInt002;Black Friday;Berlin, Germany;-;1.9
I0962;4/18/2025 16:35;U046;P068;TipInt004;Spring Sale;Berlin, Germany;3;2.8
I0865;4/18/2025 18:43;U019;P069;TipInt001;Spring Sale;Sydney, Australia;-;1.6
I0585;4/18/2025 4:10;U000;P079;TipInt002;Black Friday;London, UK;-;5
I0691;4/18/2025 4:57;U070;P080;TipInt004;Spring Sale;London, UK;2;2.8
I0694;4/18/2025 7:12;U015;P000;TipInt003;Regular Day;Sydney, Australia;-;3.6
I0308;4/18/2025 9:28;U045;P066;TipInt002;Black Friday;Berlin, Germany;-;1.8
I0532;4/19/2025 0:15;U068;P011;TipInt004;Cyber Monday;Sydney, Australia;3;2.7
I0216;4/19/2025 15:22;U082;P025;TipInt002;Spring Sale;Toronto, Canada;-;1.8
I0014;4/19/2025 19:06;U081;P085;TipInt004;Holiday Sale;Sydney, Australia;5;4.5
I0356;4/19/2025 22:14;U056;P073;TipInt001;Regular Day;Toronto, Canada;-;2.8
I0530;4/20/2025 11:13;U095;P069;TipInt001;Spring Sale;Toronto, Canada;-;1.6
I0843;4/20/2025 18:52;U067;P025;TipInt003;Cyber Monday;Berlin, Germany;-;1.8
I0887;4/20/2025 23:18;U089;P076;TipInt004;Regular Day;Toronto, Canada;1;2.2
I0150;4/20/2025 7:07;U019;P081;TipInt004;Spring Sale;Sydney, Australia;4;3.6
I0419;4/21/2025 1:07;U013;P086;TipInt003;Holiday Sale;Sydney, Australia;-;3.9
I0917;4/21/2025 13:22;U067;P056;TipInt001;Cyber Monday;Berlin, Germany;-;4.2
I0125;4/21/2025 2:41;U003;P048;TipInt002;Holiday Sale;London, UK;-;1.9
I0902;4/21/2025 20:07;U004;P022;TipInt004;Regular Day;London, UK;1;2.6
I0529;4/21/2025 8:00;U032;P090;TipInt001;Holiday Sale;Toronto, Canada;-;4.1
I0479;4/23/2025 12:42;U049;P055;TipInt002;Spring Sale;Berlin, Germany;-;3.3
I0507;4/23/2025 17:45;U035;P076;TipInt004;Holiday Sale;Berlin, Germany;5;2.2
I0458;4/23/2025 21:40;U077;P013;TipInt004;Spring Sale;Sydney, Australia;1;3.8
I0334;4/23/2025 22:25;U050;P039;TipInt002;Regular Day;Sydney, Australia;-;1.8
I0189;4/23/2025 5:15;U082;P030;TipInt001;Regular Day;Toronto, Canada;-;1.4
I0584;4/23/2025 5:37;U064;P078;TipInt001;Black Friday;New York, USA;-;3.4
I0465;4/24/2025 16:35;U069;P052;TipInt002;Cyber Monday;Toronto, Canada;-;2.5
I0461;4/24/2025 8:00;U072;P004;TipInt001;Cyber Monday;Toronto, Canada;-;3.4
I0723;4/25/2025 10:40;U033;P010;TipInt003;Spring Sale;London, UK;-;3.2
I0976;4/25/2025 16:29;U011;P082;TipInt001;Black Friday;Toronto, Canada;-;4.8
I0947;4/25/2025 23:09;U054;P048;TipInt002;Spring Sale;New York, USA;-;1.9
I0428;4/25/2025 3:18;U048;P052;TipInt001;Holiday Sale;Sydney, Australia;-;2.5
I0653;4/25/2025 8:27;U076;P088;TipInt003;Holiday Sale;Berlin, Germany;-;1.9
I0797;4/26/2025 1:40;U000;P044;TipInt004;Holiday Sale;London, UK;5;2.9
I0582;4/26/2025 15:55;U031;P001;TipInt003;Black Friday;Toronto, Canada;-;4.9
I0337;4/26/2025 2:20;U044;P028;TipInt002;Cyber Monday;Berlin, Germany;-;2.6
I0984;4/26/2025 22:40;U003;P010;TipInt004;Regular Day;London, UK;2;3.2
I0607;4/26/2025 4:06;U021;P036;TipInt001;Spring Sale;Sydney, Australia;-;4.8
I0469;4/27/2025 1:38;U044;P025;TipInt003;Black Friday;Berlin, Germany;-;1.8
I0856;4/28/2025 22:23;U046;P001;TipInt003;Holiday Sale;Berlin, Germany;-;4.9
I0571;5/13/2025 11:20;U003;P040;TipInt001;Black Friday;London, UK;-;1.5
I0541;5/13/2025 14:37;U093;P013;TipInt004;Cyber Monday;Toronto, Canada;3;3.8
I0151;5/13/2025 19:27;U003;P004;TipInt001;Cyber Monday;London, UK;-;3.4
I0779;5/14/2025 15:18;U023;P016;TipInt004;Cyber Monday;London, UK;1;4
I0613;5/15/2025 16:42;U012;P043;TipInt003;Holiday Sale;Berlin, Germany;-;1.6
I0894;5/16/2025 0:29;U038;P046;TipInt002;Regular Day;London, UK;-;3.4
I0511;5/16/2025 0:36;U041;P095;TipInt002;Regular Day;Berlin, Germany;-;3.3
I0916;5/16/2025 10:20;U032;P088;TipInt004;Holiday Sale;Toronto, Canada;1;1.9
I0850;5/16/2025 10:54;U014;P025;TipInt003;Cyber Monday;Sydney, Australia;-;1.8
I0198;5/16/2025 12:15;U057;P036;TipInt002;Black Friday;New York, USA;-;4.8
I0536;5/16/2025 6:54;U038;P057;TipInt003;Black Friday;London, UK;-;3.1
I0864;5/17/2025 17:24;U049;P015;TipInt001;Black Friday;Berlin, Germany;-;4.8
I0544;5/17/2025 18:46;U053;P047;TipInt003;Regular Day;New York, USA;-;2
I0132;5/17/2025 8:51;U061;P040;TipInt004;Holiday Sale;Berlin, Germany;5;1.5
I0900;5/18/2025 17:07;U045;P049;TipInt001;Regular Day;Berlin, Germany;-;1.3
I0911;5/19/2025 1:27;U095;P065;TipInt004;Black Friday;Toronto, Canada;3;4.7
I0260;5/19/2025 13:34;U004;P073;TipInt002;Spring Sale;London, UK;-;2.8
I0373;5/19/2025 21:50;U032;P056;TipInt001;Regular Day;Toronto, Canada;-;4.2
I0875;5/19/2025 5:22;U047;P076;TipInt001;Regular Day;Sydney, Australia;-;2.2
I0770;5/21/2025 10:42;U023;P017;TipInt002;Holiday Sale;London, UK;-;1.7
I0162;5/22/2025 0:10;U016;P060;TipInt003;Cyber Monday;Sydney, Australia;-;1.6
I0527;5/22/2025 17:49;U063;P025;TipInt001;Spring Sale;London, UK;-;1.8
I0569;5/22/2025 4:31;U097;P084;TipInt001;Holiday Sale;Sydney, Australia;-;3.7
I0195;5/22/2025 8:51;U099;P017;TipInt004;Regular Day;London, UK;2;1.7
I0102;5/23/2025 13:30;U025;P047;TipInt004;Cyber Monday;Sydney, Australia;5;2
I0207;5/23/2025 13:57;U012;P066;TipInt003;Spring Sale;Berlin, Germany;-;1.8
I0023;5/23/2025 14:44;U053;P013;TipInt003;Black Friday;New York, USA;-;3.8
I0338;5/23/2025 16:04;U046;P056;TipInt003;Black Friday;Berlin, Germany;-;4.2
I0266;5/23/2025 23:35;U003;P093;TipInt003;Holiday Sale;London, UK;-;4
I0852;5/23/2025 4:44;U017;P013;TipInt002;Holiday Sale;London, UK;-;3.8
I0097;5/24/2025 16:28;U045;P024;TipInt003;Cyber Monday;Berlin, Germany;-;3.1
I0753;5/24/2025 23:54;U050;P083;TipInt003;Regular Day;Sydney, Australia;-;2.2
I0222;5/24/2025 4:10;U060;P008;TipInt004;Cyber Monday;New York, USA;3;1.9
I0211;5/25/2025 23:56;U039;P058;TipInt004;Regular Day;New York, USA;4;3.7
I0517;5/26/2025 11:54;U065;P003;TipInt003;Regular Day;Toronto, Canada;-;1.7
I0241;5/26/2025 20:43;U002;P044;TipInt002;Cyber Monday;London, UK;-;2.9
I0833;5/26/2025 22:29;U008;P099;TipInt003;Black Friday;Berlin, Germany;-;1.6
I0697;5/27/2025 11:54;U057;P016;TipInt001;Holiday Sale;New York, USA;-;4
I0992;5/27/2025 7:43;U099;P020;TipInt001;Holiday Sale;London, UK;-;1.4
I0454;5/27/2025 7:59;U005;P052;TipInt002;Regular Day;New York, USA;-;2.5
I0501;5/28/2025 10:42;U080;P010;TipInt003;Regular Day;Berlin, Germany;-;3.2
I0630;5/28/2025 19:21;U073;P077;TipInt004;Cyber Monday;Berlin, Germany;3;3.6
I0379;5/28/2025 4:38;U081;P092;TipInt002;Spring Sale;Sydney, Australia;-;1.4
I0498;6/13/2025 23:36;U039;P081;TipInt004;Black Friday;New York, USA;3;3.6
I0888;6/13/2025 6:12;U070;P031;TipInt001;Black Friday;London, UK;-;2.7
I0466;6/13/2025 8:17;U063;P096;TipInt002;Regular Day;London, UK;-;2.8
I0487;6/14/2025 8:35;U009;P016;TipInt001;Spring Sale;Toronto, Canada;-;4
I0693;6/15/2025 11:16;U010;P065;TipInt002;Regular Day;Berlin, Germany;-;4.7
I0066;6/15/2025 13:12;U023;P034;TipInt002;Holiday Sale;London, UK;-;1.9
I0449;6/15/2025 19:20;U083;P044;TipInt002;Cyber Monday;London, UK;-;2.9
I0386;6/15/2025 4:17;U023;P099;TipInt002;Holiday Sale;London, UK;-;1.6
I0317;6/15/2025 9:21;U013;P080;TipInt004;Holiday Sale;Sydney, Australia;3;2.8
I0690;6/16/2025 15:33;U059;P057;TipInt001;Cyber Monday;Berlin, Germany;-;3.1
I0226;6/16/2025 21:29;U023;P088;TipInt004;Black Friday;London, UK;5;1.9
I0267;6/16/2025 8:51;U060;P099;TipInt002;Regular Day;New York, USA;-;1.6
I0143;6/17/2025 18:39;U073;P013;TipInt001;Holiday Sale;Berlin, Germany;-;3.8
I0994;6/17/2025 19:49;U003;P086;TipInt001;Cyber Monday;London, UK;-;3.9
I0051;6/17/2025 19:50;U030;P093;TipInt004;Spring Sale;Berlin, Germany;4;4
I0230;6/17/2025 4:04;U043;P003;TipInt003;Regular Day;Toronto, Canada;-;1.7
I0709;6/18/2025 10:30;U052;P038;TipInt002;Black Friday;New York, USA;-;2
I0359;6/18/2025 17:02;U072;P079;TipInt001;Black Friday;Toronto, Canada;-;5
I0973;6/18/2025 3:11;U071;P019;TipInt002;Regular Day;Toronto, Canada;-;1.9
I0867;6/19/2025 6:12;U060;P020;TipInt002;Regular Day;New York, USA;-;1.4
I0910;6/20/2025 19:56;U061;P084;TipInt001;Cyber Monday;Berlin, Germany;-;3.7
I0881;6/20/2025 3:33;U097;P066;TipInt001;Black Friday;Sydney, Australia;-;1.8
I0828;6/20/2025 5:20;U042;P072;TipInt003;Cyber Monday;London, UK;-;4.3
I0368;6/20/2025 6:04;U093;P017;TipInt001;Holiday Sale;Toronto, Canada;-;1.7
I0757;6/21/2025 13:24;U032;P053;TipInt002;Spring Sale;Toronto, Canada;-;1.2
I0320;6/21/2025 2:46;U055;P085;TipInt002;Black Friday;Berlin, Germany;-;4.5
I0719;6/21/2025 8:04;U045;P093;TipInt003;Holiday Sale;Berlin, Germany;-;4
I0184;6/22/2025 1:22;U085;P051;TipInt001;Black Friday;Berlin, Germany;-;2.5
I0344;6/22/2025 11:10;U026;P038;TipInt001;Black Friday;Sydney, Australia;-;2
I0741;6/22/2025 12:47;U068;P024;TipInt004;Black Friday;Sydney, Australia;2;3.1
I0726;6/22/2025 19:38;U038;P016;TipInt002;Spring Sale;London, UK;-;4
I0298;6/22/2025 3:32;U099;P084;TipInt003;Cyber Monday;London, UK;-;3.7
I0192;6/22/2025 8:36;U003;P077;TipInt001;Regular Day;London, UK;-;3.6
I0648;6/23/2025 21:34;U055;P081;TipInt003;Holiday Sale;Berlin, Germany;-;3.6
I0302;6/23/2025 3:31;U038;P016;TipInt002;Regular Day;London, UK;-;4
I0116;6/23/2025 4:35;U040;P001;TipInt004;Cyber Monday;Berlin, Germany;5;4.9
I0782;6/23/2025 5:33;U096;P041;TipInt003;Regular Day;Berlin, Germany;-;3.7
I0819;6/23/2025 8:24;U099;P028;TipInt003;Holiday Sale;London, UK;-;2.6
I0296;6/24/2025 12:14;U099;P029;TipInt003;Black Friday;London, UK;-;3.2
I0182;6/24/2025 16:54;U062;P086;TipInt002;Spring Sale;Berlin, Germany;-;3.9
I0676;6/24/2025 20:47;U015;P021;TipInt001;Black Friday;Sydney, Australia;-;1.9
I0991;6/24/2025 4:08;U009;P055;TipInt001;Cyber Monday;Toronto, Canada;-;3.3
I0237;6/24/2025 4:31;U044;P047;TipInt003;Regular Day;Berlin, Germany;-;2
I0246;6/24/2025 9:40;U053;P044;TipInt001;Spring Sale;New York, USA;-;2.9
I0489;6/25/2025 19:18;U037;P021;TipInt001;Spring Sale;Berlin, Germany;-;1.9
I0470;6/26/2025 1:33;U036;P062;TipInt003;Regular Day;Toronto, Canada;-;1.3
I0874;6/26/2025 16:06;U090;P073;TipInt003;Cyber Monday;Toronto, Canada;-;2.8
I0433;6/27/2025 15:23;U060;P056;TipInt001;Regular Day;New York, USA;-;4.2
I0789;6/27/2025 8:16;U077;P092;TipInt002;Regular Day;Sydney, Australia;-;1.4
I0370;6/28/2025 12:51;U042;P014;TipInt004;Cyber Monday;London, UK;1;4.4
I0890;6/28/2025 17:04;U017;P073;TipInt001;Holiday Sale;London, UK;-;2.8
I0071;6/28/2025 2:46;U055;P050;TipInt003;Spring Sale;Berlin, Germany;-;2.4
I0421;6/28/2025 20:12;U001;P033;TipInt003;Cyber Monday;Toronto, Canada;-;4.1
I0400;7/13/2025 13:34;U010;P022;TipInt004;Cyber Monday;Berlin, Germany;1;2.6
I0227;7/14/2025 1:53;U081;P075;TipInt004;Regular Day;Sydney, Australia;5;1.2
I0403;7/14/2025 15:19;U023;P091;TipInt002;Holiday Sale;London, UK;-;4.6
I0932;7/14/2025 17:27;U062;P050;TipInt003;Holiday Sale;Berlin, Germany;-;2.4
I0437;7/15/2025 0:23;U049;P025;TipInt003;Holiday Sale;Berlin, Germany;-;1.8
I0239;7/15/2025 0:52;U079;P032;TipInt004;Cyber Monday;Sydney, Australia;5;4.1
I0518;7/16/2025 10:11;U072;P048;TipInt002;Regular Day;Toronto, Canada;-;1.9
I0473;7/16/2025 14:14;U043;P068;TipInt004;Holiday Sale;Toronto, Canada;4;2.8
I0300;7/17/2025 12:02;U010;P025;TipInt001;Cyber Monday;Berlin, Germany;-;1.8
I0136;7/17/2025 15:18;U018;P092;TipInt004;Spring Sale;Sydney, Australia;5;1.4
I0188;7/17/2025 17:57;U052;P093;TipInt002;Spring Sale;New York, USA;-;4
I0521;7/17/2025 22:50;U086;P026;TipInt003;Regular Day;London, UK;-;3.5
I0933;7/18/2025 0:59;U004;P067;TipInt001;Spring Sale;London, UK;-;2.7
I0306;7/18/2025 2:12;U063;P028;TipInt002;Holiday Sale;London, UK;-;2.6
I0369;7/18/2025 4:09;U085;P034;TipInt004;Black Friday;Berlin, Germany;1;1.9
I0827;7/19/2025 11:30;U005;P061;TipInt001;Cyber Monday;New York, USA;-;4.3
I0652;7/20/2025 11:21;U007;P017;TipInt001;Black Friday;New York, USA;-;1.7
I0513;7/20/2025 17:43;U015;P093;TipInt004;Holiday Sale;Sydney, Australia;3;4
I0853;7/20/2025 23:08;U016;P098;TipInt002;Black Friday;Sydney, Australia;-;2.9
I0183;7/20/2025 6:38;U068;P064;TipInt001;Cyber Monday;Sydney, Australia;-;5
I0144;7/20/2025 8:41;U065;P099;TipInt004;Regular Day;Toronto, Canada;3;1.6
I0936;7/22/2025 1:08;U076;P029;TipInt002;Black Friday;Berlin, Germany;-;3.2
I0352;7/22/2025 15:27;U036;P008;TipInt001;Cyber Monday;Toronto, Canada;-;1.9
I0522;7/22/2025 18:59;U055;P052;TipInt001;Holiday Sale;Berlin, Germany;-;2.5
I0008;7/23/2025 14:30;U086;P026;TipInt004;Black Friday;London, UK;2;3.5
I0706;7/23/2025 16:59;U032;P077;TipInt003;Spring Sale;Toronto, Canada;-;3.6
I0855;7/23/2025 18:44;U006;P045;TipInt002;Holiday Sale;London, UK;-;2.2
I0606;7/24/2025 16:59;U099;P060;TipInt003;Holiday Sale;London, UK;-;1.6
I0818;7/24/2025 7:04;U025;P086;TipInt002;Black Friday;Sydney, Australia;-;3.9
I0998;7/25/2025 11:41;U095;P030;TipInt003;Cyber Monday;Toronto, Canada;-;1.4
I0897;7/25/2025 18:30;U063;P050;TipInt002;Holiday Sale;London, UK;-;2.4
I0485;7/25/2025 22:51;U078;P064;TipInt002;Cyber Monday;Toronto, Canada;-;5
I0245;7/27/2025 18:12;U009;P080;TipInt001;Spring Sale;Toronto, Canada;-;2.8
I0547;7/27/2025 20:03;U059;P050;TipInt003;Cyber Monday;Berlin, Germany;-;2.4
I0156;7/27/2025 5:20;U050;P079;TipInt002;Black Friday;Sydney, Australia;-;5
I0745;7/27/2025 7:20;U068;P041;TipInt001;Spring Sale;Sydney, Australia;-;3.7
I0749;7/28/2025 13:03;U071;P008;TipInt002;Cyber Monday;Toronto, Canada;-;1.9
I0169;7/28/2025 18:59;U091;P041;TipInt002;Cyber Monday;London, UK;-;3.7
I0215;7/28/2025 4:20;U031;P009;TipInt001;Black Friday;Toronto, Canada;-;2.5
I0625;7/28/2025 9:35;U008;P032;TipInt004;Holiday Sale;Berlin, Germany;2;4.1
I0857;8/13/2025 13:25;U052;P042;TipInt003;Black Friday;New York, USA;-;1.3
I0699;8/13/2025 21:50;U030;P099;TipInt002;Cyber Monday;Berlin, Germany;-;1.6
I0640;8/13/2025 8:59;U088;P025;TipInt001;Holiday Sale;New York, USA;-;1.8
I0696;8/14/2025 13:36;U018;P059;TipInt001;Black Friday;Sydney, Australia;-;3.6
I0871;8/14/2025 17:13;U090;P079;TipInt001;Regular Day;Toronto, Canada;-;5
I0295;8/15/2025 13:43;U011;P015;TipInt004;Black Friday;Toronto, Canada;5;4.8
I0167;8/15/2025 9:07;U098;P022;TipInt003;Regular Day;Berlin, Germany;-;2.6
I0792;8/16/2025 16:51;U016;P043;TipInt002;Black Friday;Sydney, Australia;-;1.6
I0672;8/16/2025 18:28;U010;P023;TipInt002;Spring Sale;Berlin, Germany;-;1.7
I0793;8/16/2025 19:17;U022;P032;TipInt002;Regular Day;Toronto, Canada;-;4.1
I0269;8/16/2025 2:00;U054;P087;TipInt001;Holiday Sale;New York, USA;-;2.3
I0647;8/16/2025 3:44;U098;P041;TipInt004;Cyber Monday;Berlin, Germany;5;3.7
I0312;8/16/2025 9:09;U021;P087;TipInt004;Spring Sale;Sydney, Australia;2;2.3
I0649;8/17/2025 13:00;U049;P057;TipInt002;Holiday Sale;Berlin, Germany;-;3.1
I0107;8/17/2025 15:15;U067;P078;TipInt003;Regular Day;Berlin, Germany;-;3.4
I0665;8/17/2025 3:27;U087;P031;TipInt003;Black Friday;London, UK;-;2.7
I0467;8/17/2025 8:49;U011;P062;TipInt001;Regular Day;Toronto, Canada;-;1.3
I0955;8/17/2025 9:32;U069;P015;TipInt003;Black Friday;Toronto, Canada;-;4.8
I0139;8/18/2025 0:34;U072;P077;TipInt003;Regular Day;Toronto, Canada;-;3.6
I0074;8/18/2025 12:29;U028;P086;TipInt003;Regular Day;Sydney, Australia;-;3.9
I0987;8/18/2025 8:46;U018;P020;TipInt004;Cyber Monday;Sydney, Australia;3;1.4
I0766;8/19/2025 0:26;U014;P034;TipInt004;Regular Day;Sydney, Australia;2;1.9
I0277;8/19/2025 14:29;U077;P050;TipInt001;Holiday Sale;Sydney, Australia;-;2.4
I0695;8/19/2025 17:38;U073;P067;TipInt002;Spring Sale;Berlin, Germany;-;2.7
I0951;8/19/2025 5:44;U019;P036;TipInt002;Cyber Monday;Sydney, Australia;-;4.8
I0480;8/20/2025 11:03;U019;P083;TipInt002;Regular Day;Sydney, Australia;-;2.2
I0678;8/20/2025 11:52;U096;P023;TipInt004;Cyber Monday;Berlin, Germany;3;1.7
I0504;8/20/2025 17:47;U015;P083;TipInt002;Cyber Monday;Sydney, Australia;-;2.2
I0528;8/20/2025 21:53;U081;P056;TipInt001;Cyber Monday;Sydney, Australia;-;4.2
I0961;8/20/2025 8:04;U007;P070;TipInt003;Holiday Sale;New York, USA;-;4
I0085;8/21/2025 4:01;U075;P001;TipInt002;Holiday Sale;Sydney, Australia;-;4.9
I0402;8/21/2025 7:35;U060;P021;TipInt003;Holiday Sale;New York, USA;-;1.9
I0604;8/22/2025 15:51;U050;P004;TipInt003;Cyber Monday;Sydney, Australia;-;3.4
I0548;8/22/2025 2:30;U073;P066;TipInt003;Regular Day;Berlin, Germany;-;1.8
I0802;8/22/2025 6:42;U085;P053;TipInt004;Holiday Sale;Berlin, Germany;4;1.2
I0010;8/22/2025 9:29;U092;P036;TipInt003;Cyber Monday;New York, USA;-;4.8
I0279;8/23/2025 0:58;U086;P056;TipInt004;Regular Day;London, UK;5;4.2
I0265;8/23/2025 12:46;U023;P042;TipInt003;Cyber Monday;London, UK;-;1.3
I0788;8/23/2025 14:20;U063;P081;TipInt001;Cyber Monday;London, UK;-;3.6
I0034;8/23/2025 16:59;U079;P098;TipInt003;Cyber Monday;Sydney, Australia;-;2.9
I0038;8/24/2025 11:56;U006;P097;TipInt004;Cyber Monday;London, UK;5;2.5
I0092;8/24/2025 16:50;U057;P055;TipInt002;Cyber Monday;New York, USA;-;3.3
I0701;8/24/2025 5:20;U077;P057;TipInt003;Regular Day;Sydney, Australia;-;3.1
I0228;8/24/2025 5:25;U092;P053;TipInt002;Holiday Sale;New York, USA;-;1.2
I0157;8/24/2025 9:10;U064;P024;TipInt001;Holiday Sale;New York, USA;-;3.1
I0781;8/25/2025 4:32;U052;P022;TipInt001;Black Friday;New York, USA;-;2.6
I0731;8/25/2025 7:01;U025;P049;TipInt001;Black Friday;Sydney, Australia;-;1.3
I0050;8/26/2025 13:52;U090;P089;TipInt003;Black Friday;Toronto, Canada;-;4.3
I0705;8/26/2025 15:54;U067;P096;TipInt004;Cyber Monday;Berlin, Germany;3;2.8
I0836;8/26/2025 20:12;U059;P076;TipInt002;Regular Day;Berlin, Germany;-;2.2
I0322;8/26/2025 7:20;U041;P069;TipInt003;Regular Day;Berlin, Germany;-;1.6
I0922;8/26/2025 9:09;U048;P098;TipInt003;Regular Day;Sydney, Australia;-;2.9
I0444;8/27/2025 18:32;U006;P041;TipInt002;Cyber Monday;London, UK;-;3.7
I0345;8/28/2025 16:41;U088;P081;TipInt002;Cyber Monday;New York, USA;-;3.6
I0552;8/28/2025 3:49;U003;P039;TipInt004;Black Friday;London, UK;2;1.8
I0525;8/28/2025 8:41;U029;P094;TipInt003;Spring Sale;New York, USA;-;2.9
I0954;9/13/2025 15:12;U027;P010;TipInt004;Cyber Monday;Sydney, Australia;4;3.2
I0194;9/13/2025 20:13;U054;P011;TipInt001;Cyber Monday;New York, USA;-;2.7
I0371;9/14/2025 4:12;U048;P030;TipInt001;Cyber Monday;Sydney, Australia;-;1.4
I0650;9/14/2025 5:46;U049;P046;TipInt002;Regular Day;Berlin, Germany;-;3.4
I0878;9/14/2025 8:21;U064;P064;TipInt002;Holiday Sale;New York, USA;-;5
I0204;9/14/2025 9:48;U021;P094;TipInt004;Holiday Sale;Sydney, Australia;5;2.9
I0556;9/15/2025 15:22;U086;P063;TipInt001;Cyber Monday;London, UK;-;3.6
I0310;9/15/2025 17:20;U086;P085;TipInt004;Spring Sale;London, UK;5;4.5
I0573;9/15/2025 19:51;U096;P086;TipInt003;Cyber Monday;Berlin, Germany;-;3.9
I0614;9/15/2025 3:03;U032;P089;TipInt003;Black Friday;Toronto, Canada;-;4.3
I0305;9/15/2025 8:09;U081;P091;TipInt004;Holiday Sale;Sydney, Australia;1;4.6
I0671;9/16/2025 12:45;U023;P090;TipInt003;Spring Sale;London, UK;-;4.1
I0270;9/16/2025 15:31;U058;P037;TipInt004;Cyber Monday;Sydney, Australia;4;2.9
I0617;9/17/2025 3:20;U000;P097;TipInt002;Black Friday;London, UK;-;2.5
I0496;9/17/2025 7:42;U007;P073;TipInt001;Spring Sale;New York, USA;-;2.8
I0944;9/17/2025 9:18;U033;P092;TipInt004;Regular Day;London, UK;3;1.4
I0304;9/18/2025 1:25;U052;P049;TipInt003;Holiday Sale;New York, USA;-;1.3
I0494;9/19/2025 23:19;U035;P043;TipInt002;Holiday Sale;Berlin, Germany;-;1.6
I0815;9/19/2025 5:50;U061;P001;TipInt003;Holiday Sale;Berlin, Germany;-;4.9
I0055;9/20/2025 20:46;U078;P026;TipInt003;Holiday Sale;Toronto, Canada;-;3.5
I0563;9/21/2025 13:05;U049;P014;TipInt004;Spring Sale;Berlin, Germany;3;4.4
I0756;9/21/2025 20:57;U013;P062;TipInt002;Holiday Sale;Sydney, Australia;-;1.3
I0730;9/22/2025 11:11;U015;P069;TipInt002;Cyber Monday;Sydney, Australia;-;1.6
I0884;9/22/2025 11:17;U060;P016;TipInt004;Holiday Sale;New York, USA;2;4
I0418;9/22/2025 14:16;U019;P065;TipInt002;Spring Sale;Sydney, Australia;-;4.7
I0175;9/22/2025 18:13;U026;P018;TipInt003;Black Friday;Sydney, Australia;-;2.8
I0735;9/22/2025 23:27;U056;P085;TipInt001;Cyber Monday;Toronto, Canada;-;4.5
I0567;9/23/2025 13:37;U072;P050;TipInt001;Black Friday;Toronto, Canada;-;2.4
I0170;9/23/2025 17:31;U072;P057;TipInt001;Holiday Sale;Toronto, Canada;-;3.1
I0985;9/23/2025 18:34;U066;P089;TipInt002;Cyber Monday;London, UK;-;4.3
I0109;9/23/2025 2:47;U076;P094;TipInt002;Spring Sale;Berlin, Germany;-;2.9
I0323;9/23/2025 20:56;U008;P049;TipInt003;Cyber Monday;Berlin, Germany;-;1.3
I0981;9/23/2025 5:01;U008;P004;TipInt002;Regular Day;Berlin, Germany;-;3.4
I0424;9/24/2025 0:22;U056;P053;TipInt004;Black Friday;Toronto, Canada;3;1.2
I0601;9/24/2025 13:31;U023;P048;TipInt004;Regular Day;London, UK;3;1.9
I0080;9/24/2025 16:28;U012;P085;TipInt004;Regular Day;Berlin, Germany;2;4.5
I0591;9/24/2025 4:31;U010;P010;TipInt001;Black Friday;Berlin, Germany;-;3.2
I0540;9/24/2025 6:05;U025;P085;TipInt002;Regular Day;Sydney, Australia;-;4.5
I0560;9/24/2025 7:39;U002;P095;TipInt004;Cyber Monday;London, UK;2;3.3
I0205;9/25/2025 0:48;U000;P075;TipInt002;Cyber Monday;London, UK;-;1.2
I0524;9/25/2025 17:53;U003;P013;TipInt004;Regular Day;London, UK;4;3.8
I0438;9/25/2025 22:10;U070;P010;TipInt004;Spring Sale;London, UK;2;3.2
I0628;9/26/2025 1:44;U020;P070;TipInt003;Regular Day;Toronto, Canada;-;4
I0641;9/26/2025 17:26;U043;P034;TipInt001;Holiday Sale;Toronto, Canada;-;1.9
I0957;9/27/2025 0:15;U006;P045;TipInt001;Spring Sale;London, UK;-;2.2
I0816;9/27/2025 17:12;U099;P026;TipInt001;Black Friday;London, UK;-;3.5
I0592;9/27/2025 17:41;U016;P081;TipInt003;Spring Sale;Sydney, Australia;-;3.6
I0759;9/27/2025 20:15;U051;P056;TipInt003;Holiday Sale;New York, USA;-;4.2
I0365;9/27/2025 7:43;U091;P023;TipInt004;Regular Day;London, UK;5;1.7
I0171;9/28/2025 3:57;U067;P035;TipInt003;Black Friday;Berlin, Germany;-;2.1
I0328;9/28/2025 4:15;U077;P094;TipInt004;Cyber Monday;Sydney, Australia;2;2.9
I0543;9/28/2025 8:44;U095;P018;TipInt001;Black Friday;Toronto, Canada;-;2.8
I1000;9/28/2025 8:44;U095;P018;TipInt001;Black Friday;Toronto, Canada;-;2.8
I1001;9/28/2025 20:44;U077;P047;TipInt006;Black Friday;Paris, France;7;3.3
I1002;1/21/2026 05:43;U084;P093;TipInt003;Cyber Monday;Sydney, Australia;4;3.1
I1003;1/09/2026 19:23;U092;P025;TipInt004;Regular Day;Paris, France;6;2
I1004;12/24/2025 23:15;U124;P021;TipInt001;Spring Sale;Toronto, Canada;2;1.3
I1005;12/05/2025 05:20;U135;P099;TipInt006;Spring Sale;New York, USA;7;2.1
I1006;10/12/2025 01:12;U110;P066;TipInt004;Spring Sale;Toronto, Canada;9;4.6
I1007;12/13/2025 21:14;U119;P050;TipInt001;Black Friday;London, UK;4;4.6
I1008;1/12/2026 22:18;U096;P072;TipInt006;Cyber Monday;Berlin, Germany;1;1.7
I1009;10/27/2025 05:51;U050;P075;TipInt003;Black Friday;New York, USA;7;3.5
I1010;10/31/2025 11:06;U089;P042;TipInt006;Spring Sale;New York, USA;6;3.2
I1011;11/17/2025 21:23;U146;P058;TipInt004;Regular Day;New York, USA;8;1.1
I1012;10/20/2025 03:47;U061;P073;TipInt006;Cyber Monday;London, UK;6;1.1
I1013;10/25/2025 11:13;U102;P089;TipInt001;Black Friday;London, UK;1;3.1
I1014;1/16/2026 05:41;U093;P036;TipInt001;Regular Day;Toronto, Canada;8;2
I1015;1/17/2026 00:31;U089;P059;TipInt001;Black Friday;London, UK;6;1.1
I1016;1/05/2026 20:05;U087;P037;TipInt003;Cyber Monday;Paris, France;10;3.5
I1017;11/27/2025 18:10;U051;P059;TipInt003;Spring Sale;Berlin, Germany;10;1.8
I1018;10/08/2025 07:44;U047;P085;TipInt003;Spring Sale;New York, USA;10;1.9
I1019;12/30/2025 01:48;U110;P057;TipInt005;Cyber Monday;New York, USA;7;1
I1020;11/19/2025 12:50;U032;P039;TipInt001;Cyber Monday;Toronto, Canada;10;3.4
I1021;12/24/2025 14:16;U074;P039;TipInt003;Spring Sale;New York, USA;-;1.7
I1022;10/15/2025 05:04;U127;P027;TipInt004;Black Friday;New York, USA;2;3.9
I1023;1/10/2026 22:09;U035;P093;TipInt002;Black Friday;Paris, France;9;2.4
I1024;11/20/2025 03:26;U025;P048;TipInt001;Spring Sale;Paris, France;2;1.2
I1025;10/18/2025 06:19;U069;P039;TipInt006;Regular Day;Sydney, Australia;6;3
I1026;10/29/2025 09:14;U066;P014;TipInt004;Cyber Monday;Paris, France;2;4.3
I1027;12/03/2025 20:56;U086;P053;TipInt002;Black Friday;Toronto, Canada;10;4.4
I1028;11/30/2025 23:05;U082;P094;TipInt001;Spring Sale;Toronto, Canada;2;4.6
I1029;12/25/2025 20:33;U082;P005;TipInt003;Spring Sale;London, UK;-;3.3
I1030;12/28/2025 23:03;U019;P086;TipInt001;Black Friday;Berlin, Germany;10;4.5
I1031;12/30/2025 07:59;U043;P025;TipInt003;Cyber Monday;London, UK;8;4.1
I1032;1/12/2026 12:31;U063;P099;TipInt006;Spring Sale;London, UK;3;4.8
I1033;1/29/2026 22:53;U025;P099;TipInt004;Cyber Monday;Sydney, Australia;2;2.1
I1034;1/15/2026 23:56;U003;P009;TipInt004;Cyber Monday;London, UK;8;3.6
I1035;12/12/2025 14:30;U131;P049;TipInt005;Cyber Monday;Paris, France;7;3.5
I1036;10/16/2025 08:16;U107;P044;TipInt006;Spring Sale;New York, USA;8;4.6
I1037;12/21/2025 04:50;U074;P009;TipInt001;Regular Day;Paris, France;2;4.6
I1038;11/04/2025 05:17;U129;P001;TipInt006;Regular Day;New York, USA;8;1.5
I1039;1/09/2026 23:53;U034;P094;TipInt004;Spring Sale;Berlin, Germany;1;1.4
I1040;1/31/2026 01:45;U094;P076;TipInt004;Spring Sale;London, UK;2;4.6
I1041;12/29/2025 10:30;U088;P071;TipInt001;Black Friday;Berlin, Germany;8;1
I1042;12/09/2025 19:51;U050;P039;TipInt006;Cyber Monday;Berlin, Germany;6;4.4
I1043;10/15/2025 12:37;U014;P015;TipInt003;Cyber Monday;Sydney, Australia;1;4.1
I1044;12/31/2025 18:57;U095;P098;TipInt006;Regular Day;Berlin, Germany;5;1.7
I1045;1/05/2026 15:34;U136;P076;TipInt002;Cyber Monday;Toronto, Canada;5;2.7
I1046;1/16/2026 04:09;U049;P050;TipInt005;Holiday Sale;New York, USA;-;3.7
I1047;1/27/2026 06:07;U013;P079;TipInt005;Black Friday;Paris, France;1;2.5
I1048;10/03/2025 12:29;U078;P036;TipInt005;Black Friday;Sydney, Australia;9;1.4
I1049;1/03/2026 12:20;U111;P008;TipInt006;Cyber Monday;London, UK;2;2.3
I1050;10/24/2025 14:52;U141;P031;TipInt001;Cyber Monday;Paris, France;-;2.3
I1051;11/24/2025 18:40;U023;P020;TipInt004;Spring Sale;Sydney, Australia;6;4.6
I1052;1/04/2026 20:36;U112;P096;TipInt006;Black Friday;London, UK;3;2.9
I1053;11/06/2025 18:24;U032;P063;TipInt004;Cyber Monday;Toronto, Canada;7;3.5
I1054;1/05/2026 07:04;U020;P085;TipInt004;Regular Day;London, UK;7;4.8
I1055;1/06/2026 18:26;U146;P096;TipInt002;Spring Sale;Toronto, Canada;6;2
I1056;12/16/2025 10:49;U079;P072;TipInt004;Regular Day;Paris, France;4;2.6
I1057;1/26/2026 06:55;U051;P093;TipInt004;Regular Day;Paris, France;5;2.3
I1058;11/09/2025 16:58;U052;P050;TipInt005;Cyber Monday;Sydney, Australia;8;2.9
I1059;9/30/2025 01:22;U052;P048;TipInt005;Black Friday;Toronto, Canada;-;2.9
I1060;12/28/2025 06:59;U094;P052;TipInt005;Cyber Monday;Berlin, Germany;10;2.5
I1061;12/22/2025 05:18;U013;P018;TipInt003;Holiday Sale;Toronto, Canada;-;2.2
I1062;1/09/2026 08:08;U117;P012;TipInt005;Regular Day;Toronto, Canada;1;3.9
I1063;10/23/2025 18:09;U075;P090;TipInt004;Black Friday;Sydney, Australia;3;3.9
I1064;11/27/2025 14:02;U084;P061;TipInt005;Cyber Monday;Berlin, Germany;1;2.3
I1065;12/01/2025 10:28;U012;P059;TipInt005;Black Friday;London, UK;4;3.7
I1066;12/12/2025 22:40;U050;P068;TipInt001;Black Friday;Sydney, Australia;7;1.2
I1067;10/29/2025 20:46;U125;P052;TipInt002;Black Friday;Toronto, Canada;9;2.8
I1068;11/21/2025 11:45;U062;P038;TipInt006;Holiday Sale;New York, USA;7;1.9
I1069;10/15/2025 21:36;U061;P058;TipInt006;Holiday Sale;New York, USA;9;3.4
I1070;11/06/2025 20:56;U047;P087;TipInt003;Regular Day;London, UK;9;3.4
I1071;1/21/2026 18:52;U039;P041;TipInt004;Regular Day;Berlin, Germany;4;2.6
I1072;11/08/2025 23:27;U011;P023;TipInt001;Black Friday;Toronto, Canada;2;3.9
I1073;12/09/2025 07:06;U032;P071;TipInt001;Cyber Monday;Sydney, Australia;4;4.9
I1074;12/16/2025 08:19;U082;P043;TipInt001;Regular Day;Berlin, Germany;8;4.8
I1075;12/13/2025 16:59;U086;P010;TipInt002;Black Friday;Sydney, Australia;6;3.2
I1076;11/12/2025 08:20;U147;P024;TipInt003;Spring Sale;Sydney, Australia;5;4.5
I1077;11/09/2025 05:45;U044;P075;TipInt005;Black Friday;London, UK;9;1.6
I1078;11/21/2025 23:43;U075;P096;TipInt003;Regular Day;Sydney, Australia;2;1.5
I1079;10/05/2025 17:42;U138;P088;TipInt004;Spring Sale;New York, USA;5;2.1
I1080;10/31/2025 18:32;U043;P051;TipInt005;Black Friday;New York, USA;9;3.2
I1081;12/11/2025 21:25;U099;P012;TipInt005;Spring Sale;Sydney, Australia;2;3.3
I1082;10/14/2025 00:01;U049;P047;TipInt005;Holiday Sale;Paris, France;1;4
I1083;10/02/2025 09:03;U067;P066;TipInt006;Regular Day;Sydney, Australia;1;4.3
I1084;1/01/2026 19:45;U146;P013;TipInt002;Cyber Monday;London, UK;2;1.2
I1085;10/28/2025 08:08;U116;P026;TipInt005;Holiday Sale;Toronto, Canada;1;2.6
I1086;11/08/2025 07:30;U023;P097;TipInt004;Holiday Sale;Berlin, Germany;1;3.8
I1087;12/19/2025 06:38;U016;P086;TipInt002;Spring Sale;Toronto, Canada;7;1.1
I1088;12/18/2025 23:38;U093;P047;TipInt005;Regular Day;New York, USA;6;2.1
I1089;12/21/2025 05:46;U110;P076;TipInt001;Holiday Sale;Toronto, Canada;2;1.7
I1090;11/06/2025 03:19;U077;P050;TipInt005;Holiday Sale;New York, USA;3;1.3
I1091;1/04/2026 20:52;U102;P061;TipInt002;Cyber Monday;Paris, France;1;3.5
I1092;10/29/2025 06:43;U046;P018;TipInt001;Cyber Monday;Sydney, Australia;1;3.9
I1093;11/03/2025 17:52;U032;P020;TipInt005;Spring Sale;Sydney, Australia;2;1.2
I1094;1/25/2026 17:14;U109;P088;TipInt004;Black Friday;London, UK;4;3.5
I1095;11/28/2025 17:28;U045;P033;TipInt001;Regular Day;Berlin, Germany;7;4.9
I1096;1/26/2026 01:42;U103;P072;TipInt005;Black Friday;London, UK;1;2
I1097;10/30/2025 17:02;U081;P069;TipInt005;Cyber Monday;Sydney, Australia;7;3.5
I1098;1/19/2026 14:45;U062;P079;TipInt002;Spring Sale;Paris, France;5;4.2
I1099;1/10/2026 22:50;U015;P036;TipInt001;Black Friday;Toronto, Canada;7;1.6
I1100;1/04/2026 03:00;U040;P025;TipInt006;Black Friday;Berlin, Germany;4;2.5
I1101;1/24/2026 07:18;U046;P001;TipInt004;Black Friday;Paris, France;6;4.8
I1102;12/24/2025 16:09;U119;P009;TipInt001;Regular Day;Toronto, Canada;2;1.3
I1103;12/22/2025 21:10;U127;P095;TipInt001;Cyber Monday;Berlin, Germany;6;1.6
I1104;11/11/2025 12:04;U016;P008;TipInt001;Black Friday;Sydney, Australia;6;2.6
I1105;9/30/2025 05:22;U013;P042;TipInt003;Spring Sale;Paris, France;8;3.2
I1106;1/10/2026 10:59;U067;P009;TipInt006;Cyber Monday;New York, USA;3;4.5
I1107;10/15/2025 14:52;U005;P029;TipInt001;Cyber Monday;Paris, France;1;3.1
I1108;1/31/2026 10:39;U067;P024;TipInt005;Black Friday;Sydney, Australia;4;4.8
I1109;11/22/2025 21:23;U140;P018;TipInt004;Cyber Monday;Paris, France;7;2.5
I1110;10/16/2025 02:28;U050;P020;TipInt006;Regular Day;New York, USA;1;2.9
I1111;12/24/2025 05:55;U068;P022;TipInt003;Black Friday;London, UK;2;2.6
I1112;10/23/2025 01:11;U057;P038;TipInt003;Holiday Sale;Sydney, Australia;7;3.2
I1113;1/27/2026 21:37;U034;P091;TipInt001;Regular Day;Sydney, Australia;5;4.5
I1114;10/04/2025 22:27;U146;P026;TipInt006;Regular Day;Toronto, Canada;1;4.8
I1115;11/03/2025 02:27;U057;P016;TipInt005;Regular Day;New York, USA;8;1.5
I1116;10/03/2025 02:15;U037;P043;TipInt005;Regular Day;Sydney, Australia;5;1.1
I1117;10/07/2025 15:58;U098;P086;TipInt001;Cyber Monday;Berlin, Germany;10;4.4
I1118;1/31/2026 19:56;U068;P018;TipInt003;Spring Sale;New York, USA;8;4.1
I1119;11/09/2025 18:35;U107;P028;TipInt003;Black Friday;Paris, France;4;1.1
I1120;12/08/2025 16:37;U018;P077;TipInt005;Black Friday;New York, USA;7;4.9
I1121;1/04/2026 01:56;U118;P095;TipInt006;Cyber Monday;Sydney, Australia;9;2.9
I1122;12/26/2025 06:09;U090;P007;TipInt004;Spring Sale;Sydney, Australia;1;4.2
I1123;11/11/2025 23:55;U113;P006;TipInt006;Holiday Sale;London, UK;3;4.9
I1124;11/20/2025 01:44;U035;P086;TipInt005;Cyber Monday;Sydney, Australia;3;1.5
I1125;11/03/2025 06:46;U148;P002;TipInt006;Spring Sale;Toronto, Canada;-;4.7
I1126;12/18/2025 23:48;U068;P080;TipInt005;Holiday Sale;Paris, France;-;2.2
I1127;10/22/2025 15:53;U116;P049;TipInt005;Black Friday;New York, USA;10;3.3
I1128;1/07/2026 18:53;U015;P055;TipInt002;Holiday Sale;Berlin, Germany;4;2.2
I1129;1/10/2026 11:43;U079;P024;TipInt002;Black Friday;Toronto, Canada;-;3.8
I1130;11/12/2025 10:03;U064;P093;TipInt002;Cyber Monday;Sydney, Australia;8;2.5
I1131;1/17/2026 03:05;U039;P050;TipInt002;Cyber Monday;Sydney, Australia;6;4.1
I1132;12/24/2025 16:38;U117;P093;TipInt003;Regular Day;Berlin, Germany;6;1.4
I1133;12/19/2025 18:59;U036;P056;TipInt004;Spring Sale;Berlin, Germany;6;1.2
I1134;1/17/2026 23:09;U032;P010;TipInt006;Black Friday;Toronto, Canada;5;1.6
I1135;11/06/2025 12:21;U150;P078;TipInt006;Spring Sale;Paris, France;3;1.9
I1136;11/23/2025 10:00;U071;P037;TipInt006;Holiday Sale;Sydney, Australia;4;3
I1137;11/17/2025 01:58;U117;P009;TipInt002;Spring Sale;New York, USA;-;4
I1138;10/15/2025 13:00;U100;P083;TipInt003;Black Friday;New York, USA;10;2.4
I1139;1/28/2026 19:55;U145;P084;TipInt004;Spring Sale;Sydney, Australia;10;4.9
I1140;11/20/2025 11:17;U144;P042;TipInt001;Regular Day;Toronto, Canada;7;3
I1141;10/12/2025 22:27;U135;P099;TipInt002;Black Friday;New York, USA;6;3.4
I1142;10/31/2025 15:53;U087;P014;TipInt005;Holiday Sale;Sydney, Australia;5;3.6
I1143;11/01/2025 12:37;U107;P084;TipInt006;Holiday Sale;Berlin, Germany;5;1.5
I1144;11/18/2025 06:06;U033;P002;TipInt001;Black Friday;New York, USA;10;3.8
I1145;1/25/2026 08:13;U007;P031;TipInt002;Regular Day;London, UK;3;4.4
I1146;12/15/2025 10:50;U078;P032;TipInt004;Black Friday;Berlin, Germany;7;3.3
I1147;10/06/2025 00:18;U107;P022;TipInt001;Black Friday;Toronto, Canada;5;3.2
I1148;12/07/2025 19:36;U005;P080;TipInt005;Regular Day;London, UK;-;3.8
I1149;12/17/2025 14:47;U049;P056;TipInt002;Holiday Sale;London, UK;-;2.4
I1150;12/12/2025 00:05;U147;P024;TipInt005;Cyber Monday;New York, USA;8;1.8
I1151;1/22/2026 18:59;U083;P001;TipInt006;Holiday Sale;Paris, France;5;3.5
I1152;10/06/2025 08:21;U002;P032;TipInt002;Cyber Monday;Sydney, Australia;1;2.3
I1153;1/27/2026 21:29;U116;P098;TipInt001;Holiday Sale;Toronto, Canada;9;3.3
I1154;1/17/2026 13:41;U105;P016;TipInt003;Black Friday;Sydney, Australia;9;4.7
I1155;12/29/2025 07:06;U040;P080;TipInt004;Holiday Sale;New York, USA;4;1.3
I1156;10/31/2025 07:41;U150;P042;TipInt001;Spring Sale;London, UK;-;2.1
I1157;1/16/2026 19:56;U150;P063;TipInt001;Black Friday;Toronto, Canada;4;1.5
I1158;10/15/2025 03:57;U006;P047;TipInt005;Holiday Sale;London, UK;1;4.2
I1159;12/28/2025 23:11;U122;P001;TipInt001;Spring Sale;Paris, France;1;2.4
I1160;10/12/2025 06:35;U114;P002;TipInt001;Black Friday;Paris, France;1;2.7
I1161;1/08/2026 22:00;U013;P028;TipInt003;Cyber Monday;Paris, France;4;3.3
I1162;10/19/2025 06:19;U023;P064;TipInt004;Holiday Sale;Sydney, Australia;5;4.3
I1163;1/09/2026 22:19;U057;P067;TipInt001;Holiday Sale;London, UK;5;4.2
I1164;11/11/2025 08:16;U138;P029;TipInt002;Holiday Sale;Toronto, Canada;-;4.2
I1165;1/07/2026 00:02;U132;P080;TipInt001;Spring Sale;Sydney, Australia;4;1.3
I1166;1/07/2026 17:21;U080;P022;TipInt005;Spring Sale;Paris, France;5;4.8
I1167;1/19/2026 16:12;U021;P041;TipInt002;Regular Day;New York, USA;8;4.5
I1168;11/25/2025 00:12;U090;P080;TipInt001;Regular Day;Paris, France;2;1.3
I1169;11/23/2025 13:12;U033;P016;TipInt003;Black Friday;Sydney, Australia;10;3.5
I1170;11/15/2025 01:11;U031;P093;TipInt002;Spring Sale;Paris, France;3;1.9
I1171;1/01/2026 17:53;U091;P028;TipInt001;Cyber Monday;Toronto, Canada;3;3.2
I1172;11/04/2025 21:01;U045;P048;TipInt001;Black Friday;London, UK;6;2.6
I1173;11/06/2025 09:30;U028;P071;TipInt004;Black Friday;Paris, France;10;2.1
I1174;10/29/2025 18:22;U077;P038;TipInt001;Regular Day;Sydney, Australia;5;2.4
I1175;11/10/2025 03:34;U110;P023;TipInt003;Black Friday;Sydney, Australia;7;5
I1176;1/22/2026 15:16;U039;P054;TipInt003;Spring Sale;Paris, France;-;3.6
I1177;10/23/2025 09:03;U005;P089;TipInt003;Holiday Sale;Paris, France;8;2.7
I1178;9/29/2025 07:51;U029;P097;TipInt001;Black Friday;Sydney, Australia;9;4.9
I1179;11/17/2025 21:04;U047;P053;TipInt004;Black Friday;Toronto, Canada;8;4.3
I1180;9/30/2025 06:43;U139;P098;TipInt002;Black Friday;Paris, France;7;3.8
I1181;1/01/2026 12:09;U037;P053;TipInt005;Black Friday;Sydney, Australia;2;3.8
I1182;1/27/2026 06:54;U126;P003;TipInt002;Regular Day;New York, USA;10;1.7
I1183;1/30/2026 21:02;U020;P091;TipInt006;Holiday Sale;Paris, France;7;3.3
I1184;11/26/2025 12:14;U055;P047;TipInt001;Regular Day;Toronto, Canada;2;2.1
I1185;11/09/2025 19:20;U030;P056;TipInt005;Regular Day;London, UK;4;2.1
I1186;10/26/2025 03:11;U111;P031;TipInt004;Holiday Sale;Paris, France;3;2.4
I1187;12/28/2025 05:13;U083;P034;TipInt005;Regular Day;Berlin, Germany;10;3.6
I1188;11/04/2025 14:28;U143;P083;TipInt002;Regular Day;Paris, France;4;4.3
I1189;11/20/2025 08:25;U145;P085;TipInt002;Black Friday;Berlin, Germany;4;4.5
I1190;10/08/2025 21:33;U013;P082;TipInt001;Cyber Monday;Berlin, Germany;6;1.9
I1191;12/17/2025 15:57;U048;P065;TipInt002;Cyber Monday;Paris, France;2;2.3
I1192;1/20/2026 12:09;U047;P072;TipInt002;Cyber Monday;London, UK;9;3.7
I1193;12/24/2025 15:57;U115;P030;TipInt002;Cyber Monday;London, UK;8;4.5
I1194;1/02/2026 14:03;U009;P022;TipInt003;Spring Sale;New York, USA;8;4.7
I1195;12/05/2025 00:27;U016;P053;TipInt004;Regular Day;Toronto, Canada;9;1.5
I1196;10/16/2025 08:40;U048;P030;TipInt006;Holiday Sale;New York, USA;-;1.5
I1197;12/30/2025 04:17;U058;P079;TipInt002;Black Friday;Berlin, Germany;9;4.1
I1198;12/17/2025 20:35;U096;P025;TipInt005;Spring Sale;London, UK;9;4.5
I1199;10/11/2025 17:46;U147;P039;TipInt004;Black Friday;Sydney, Australia;1;1.9
I1200;1/01/2026 13:22;U072;P003;TipInt005;Regular Day;Toronto, Canada;4;1.7
I1201;11/24/2025 16:33;U082;P028;TipInt006;Cyber Monday;New York, USA;6;2.5
I1202;11/13/2025 04:54;U142;P066;TipInt004;Regular Day;New York, USA;4;2.5
I1203;1/12/2026 07:03;U021;P012;TipInt006;Black Friday;Paris, France;4;2.3
I1204;10/02/2025 02:48;U109;P062;TipInt002;Holiday Sale;New York, USA;1;1.8
I1205;10/25/2025 18:26;U046;P076;TipInt001;Cyber Monday;Toronto, Canada;6;2.8
I1206;10/09/2025 10:42;U039;P076;TipInt003;Spring Sale;Paris, France;9;3.9
I1207;12/01/2025 11:07;U071;P015;TipInt002;Regular Day;Sydney, Australia;8;1.1
I1208;10/29/2025 16:40;U069;P023;TipInt005;Holiday Sale;London, UK;5;3.8
I1209;12/13/2025 06:40;U118;P046;TipInt003;Cyber Monday;Toronto, Canada;1;4.4
I1210;1/28/2026 01:02;U039;P079;TipInt006;Cyber Monday;New York, USA;8;1.1
I1211;11/06/2025 17:38;U042;P060;TipInt004;Cyber Monday;London, UK;6;3.5
I1212;11/24/2025 23:44;U045;P081;TipInt004;Black Friday;Sydney, Australia;7;4.3
I1213;11/26/2025 19:07;U041;P098;TipInt004;Spring Sale;Berlin, Germany;5;3.8
I1214;11/06/2025 12:15;U093;P055;TipInt006;Cyber Monday;Toronto, Canada;6;2
I1215;11/06/2025 10:37;U044;P008;TipInt004;Spring Sale;London, UK;1;2.2
I1216;11/08/2025 07:09;U148;P025;TipInt004;Regular Day;Toronto, Canada;10;2.1
I1217;12/16/2025 13:25;U129;P042;TipInt001;Cyber Monday;New York, USA;9;3.4
I1218;9/30/2025 03:18;U148;P090;TipInt004;Black Friday;Toronto, Canada;9;1.6
I1219;12/01/2025 07:25;U149;P009;TipInt001;Holiday Sale;Toronto, Canada;3;4.8
I1220;12/31/2025 13:15;U034;P030;TipInt006;Cyber Monday;Toronto, Canada;8;1.6
I1221;1/25/2026 04:06;U105;P048;TipInt006;Holiday Sale;Paris, France;-;2.7
I1222;11/01/2025 08:26;U146;P016;TipInt006;Spring Sale;New York, USA;10;4.5
I1223;12/03/2025 05:04;U020;P063;TipInt002;Spring Sale;Toronto, Canada;4;2.1
I1224;12/23/2025 16:58;U115;P039;TipInt004;Holiday Sale;Paris, France;9;2
I1225;10/12/2025 05:29;U033;P029;TipInt002;Regular Day;London, UK;9;3.1
I1226;10/26/2025 20:25;U047;P052;TipInt005;Cyber Monday;New York, USA;10;3.2
I1227;10/10/2025 14:27;U061;P095;TipInt001;Holiday Sale;Berlin, Germany;9;2.4
I1228;12/09/2025 22:10;U009;P059;TipInt001;Holiday Sale;Berlin, Germany;8;4.3
I1229;10/05/2025 05:21;U112;P045;TipInt001;Cyber Monday;London, UK;8;4.6
I1230;1/27/2026 06:54;U133;P022;TipInt006;Holiday Sale;Berlin, Germany;5;2.3
I1231;1/12/2026 02:49;U018;P078;TipInt005;Black Friday;London, UK;7;3.1
I1232;10/04/2025 07:37;U038;P056;TipInt002;Spring Sale;London, UK;4;1.8
I1233;11/28/2025 15:46;U120;P002;TipInt001;Spring Sale;Paris, France;4;3
I1234;9/29/2025 03:04;U005;P098;TipInt004;Regular Day;Berlin, Germany;5;1.9
I1235;11/07/2025 19:35;U047;P006;TipInt001;Spring Sale;Toronto, Canada;3;2.8
I1236;1/27/2026 22:15;U072;P006;TipInt003;Spring Sale;Sydney, Australia;4;2.6
I1237;12/05/2025 23:53;U023;P061;TipInt001;Regular Day;New York, USA;3;2.2
I1238;12/14/2025 18:05;U068;P071;TipInt002;Cyber Monday;Sydney, Australia;9;5
I1239;1/06/2026 04:36;U035;P070;TipInt004;Spring Sale;Paris, France;7;4.3
I1240;1/16/2026 05:46;U080;P015;TipInt005;Cyber Monday;Berlin, Germany;7;3.6
I1241;11/28/2025 11:22;U030;P078;TipInt002;Cyber Monday;Berlin, Germany;4;1.5
I1242;11/24/2025 14:21;U114;P083;TipInt006;Regular Day;Sydney, Australia;4;2.5
I1243;11/10/2025 17:03;U035;P031;TipInt001;Spring Sale;London, UK;9;1
I1244;1/23/2026 19:02;U137;P037;TipInt002;Regular Day;London, UK;1;1.8
I1245;1/20/2026 01:27;U001;P038;TipInt003;Cyber Monday;Paris, France;8;2.9
I1246;11/04/2025 02:42;U018;P024;TipInt001;Holiday Sale;Berlin, Germany;8;2.2
I1247;12/30/2025 02:03;U119;P077;TipInt005;Regular Day;New York, USA;5;1.8
I1248;10/09/2025 02:14;U132;P077;TipInt002;Cyber Monday;Berlin, Germany;1;3
I1249;12/21/2025 00:56;U087;P034;TipInt005;Regular Day;Toronto, Canada;9;4.2
I1250;10/30/2025 16:07;U052;P032;TipInt004;Spring Sale;Sydney, Australia;2;3.1
I1251;11/26/2025 18:17;U134;P052;TipInt001;Black Friday;Toronto, Canada;6;2
I1252;11/01/2025 00:21;U058;P001;TipInt002;Holiday Sale;London, UK;10;1.1
I1253;10/05/2025 15:48;U118;P003;TipInt005;Cyber Monday;New York, USA;4;1
I1254;1/22/2026 11:28;U009;P087;TipInt006;Regular Day;New York, USA;5;2.3
I1255;11/05/2025 13:22;U145;P022;TipInt001;Cyber Monday;Paris, France;8;3
I1256;12/26/2025 23:31;U099;P061;TipInt006;Holiday Sale;Paris, France;10;3.8
I1257;1/16/2026 03:58;U036;P099;TipInt001;Spring Sale;New York, USA;8;2.9
I1258;12/21/2025 00:48;U064;P067;TipInt005;Black Friday;New York, USA;8;1.2
I1259;12/14/2025 15:49;U059;P035;TipInt006;Cyber Monday;New York, USA;10;2.9
I1260;10/20/2025 23:41;U100;P021;TipInt006;Spring Sale;Toronto, Canada;2;4.9
I1261;12/18/2025 05:52;U075;P038;TipInt003;Spring Sale;New York, USA;10;4.2
I1262;12/05/2025 00:53;U071;P081;TipInt003;Spring Sale;Toronto, Canada;7;1.1
I1263;1/01/2026 07:10;U049;P027;TipInt006;Cyber Monday;Sydney, Australia;9;3.2
I1264;12/05/2025 17:10;U026;P094;TipInt003;Holiday Sale;Berlin, Germany;4;3.7
I1265;1/14/2026 12:50;U088;P037;TipInt004;Holiday Sale;London, UK;6;3.6
I1266;1/09/2026 12:07;U122;P013;TipInt004;Black Friday;Toronto, Canada;9;2.2
I1267;9/30/2025 14:00;U076;P020;TipInt006;Holiday Sale;Berlin, Germany;8;3.3
I1268;11/12/2025 04:22;U150;P067;TipInt006;Black Friday;Sydney, Australia;1;1.9
I1269;11/21/2025 08:02;U028;P043;TipInt003;Regular Day;Sydney, Australia;9;2
I1270;11/05/2025 16:26;U091;P080;TipInt006;Regular Day;Sydney, Australia;5;4.2
I1271;12/25/2025 13:38;U033;P010;TipInt004;Regular Day;Sydney, Australia;3;1.6
I1272;10/24/2025 04:19;U128;P066;TipInt003;Black Friday;London, UK;4;3.3
I1273;12/15/2025 20:04;U136;P017;TipInt005;Regular Day;Sydney, Australia;-;4.8
I1274;10/06/2025 05:29;U005;P018;TipInt004;Regular Day;Paris, France;6;2.9
I1275;12/02/2025 22:00;U140;P067;TipInt001;Spring Sale;London, UK;10;4.9
I1276;12/02/2025 13:37;U039;P024;TipInt005;Black Friday;Toronto, Canada;3;1.9
I1277;9/29/2025 10:47;U093;P058;TipInt004;Holiday Sale;London, UK;7;4.4
I1278;1/19/2026 17:35;U023;P004;TipInt004;Spring Sale;Berlin, Germany;4;2.6
I1279;10/04/2025 09:23;U093;P042;TipInt004;Regular Day;Paris, France;7;3
I1280;1/14/2026 15:48;U101;P025;TipInt006;Holiday Sale;Sydney, Australia;9;4.8
I1281;1/12/2026 05:27;U012;P054;TipInt004;Black Friday;London, UK;9;4.4
I1282;10/18/2025 08:21;U007;P055;TipInt002;Cyber Monday;Berlin, Germany;-;4.4
I1283;1/29/2026 02:08;U142;P019;TipInt006;Regular Day;Sydney, Australia;10;2.8
I1284;12/08/2025 13:58;U150;P019;TipInt002;Black Friday;Toronto, Canada;5;3.4
I1285;12/14/2025 05:48;U075;P008;TipInt005;Spring Sale;New York, USA;4;4.3
I1286;12/27/2025 04:52;U099;P094;TipInt002;Holiday Sale;Berlin, Germany;4;3.2
I1287;12/05/2025 06:38;U059;P031;TipInt003;Regular Day;Toronto, Canada;3;1.1
I1288;12/13/2025 18:20;U024;P085;TipInt004;Black Friday;New York, USA;6;3.5
I1289;10/07/2025 04:12;U087;P045;TipInt003;Black Friday;London, UK;9;1.5
I1290;11/12/2025 18:42;U047;P043;TipInt005;Regular Day;Paris, France;10;3.2
I1291;11/04/2025 02:10;U129;P075;TipInt002;Spring Sale;Toronto, Canada;7;1.9
I1292;11/23/2025 04:49;U044;P062;TipInt004;Holiday Sale;Toronto, Canada;3;1.8
I1293;12/27/2025 11:21;U098;P062;TipInt006;Spring Sale;Sydney, Australia;3;3.6
I1294;11/23/2025 15:10;U111;P016;TipInt005;Holiday Sale;Sydney, Australia;6;3.5
I1295;11/19/2025 16:59;U029;P081;TipInt006;Black Friday;Sydney, Australia;9;2.7
I1296;12/22/2025 11:37;U141;P077;TipInt006;Cyber Monday;Berlin, Germany;-;1.3
I1297;11/02/2025 13:50;U076;P032;TipInt006;Regular Day;Sydney, Australia;3;1
I1298;12/31/2025 22:34;U055;P095;TipInt002;Holiday Sale;New York, USA;9;4.3
I1299;12/11/2025 17:14;U129;P087;TipInt002;Spring Sale;New York, USA;6;2.5
I1300;12/26/2025 10:07;U014;P093;TipInt001;Black Friday;Paris, France;3;1.5
I1301;11/20/2025 12:24;U022;P023;TipInt005;Spring Sale;Berlin, Germany;-;2.4
I1302;11/21/2025 14:31;U119;P042;TipInt004;Cyber Monday;Paris, France;7;3.3
I1303;12/11/2025 03:16;U002;P092;TipInt002;Holiday Sale;New York, USA;4;2.5
I1304;1/09/2026 06:28;U035;P094;TipInt001;Cyber Monday;Paris, France;2;2.4
I1305;1/21/2026 05:40;U085;P003;TipInt005;Cyber Monday;Paris, France;9;2.2
I1306;11/16/2025 10:26;U141;P017;TipInt003;Black Friday;Paris, France;1;3.3
I1307;1/31/2026 09:31;U127;P081;TipInt003;Holiday Sale;Toronto, Canada;7;1.6
I1308;10/23/2025 20:03;U146;P093;TipInt005;Cyber Monday;Berlin, Germany;7;4
I1309;10/03/2025 16:30;U139;P054;TipInt005;Cyber Monday;London, UK;9;3.3
I1310;1/12/2026 11:16;U063;P092;TipInt005;Spring Sale;Toronto, Canada;-;2.8
I1311;11/22/2025 12:44;U069;P025;TipInt005;Black Friday;Toronto, Canada;7;4.2
I1312;12/10/2025 09:10;U043;P097;TipInt005;Regular Day;London, UK;4;1.2
I1313;1/28/2026 05:37;U046;P083;TipInt003;Holiday Sale;Paris, France;5;4.3
I1314;12/04/2025 22:26;U119;P078;TipInt003;Spring Sale;Berlin, Germany;2;1.5
I1315;12/22/2025 14:31;U008;P042;TipInt005;Holiday Sale;Sydney, Australia;10;3.7
I1316;12/11/2025 11:04;U020;P051;TipInt006;Regular Day;Berlin, Germany;9;3.3
I1317;11/01/2025 18:26;U031;P064;TipInt002;Black Friday;Sydney, Australia;2;1.8
I1318;12/19/2025 03:53;U027;P020;TipInt004;Cyber Monday;New York, USA;8;1.7
I1319;10/26/2025 22:07;U047;P004;TipInt006;Cyber Monday;New York, USA;1;4.3
I1320;12/10/2025 16:26;U148;P092;TipInt005;Cyber Monday;Sydney, Australia;1;1.2
I1321;12/30/2025 01:04;U081;P067;TipInt006;Cyber Monday;London, UK;-;2.1
I1322;10/19/2025 22:16;U010;P070;TipInt002;Black Friday;New York, USA;5;3.2
I1323;10/03/2025 22:19;U056;P011;TipInt006;Cyber Monday;London, UK;8;4.1
I1324;1/18/2026 07:14;U066;P031;TipInt004;Black Friday;New York, USA;3;2.2
I1325;10/12/2025 04:29;U091;P015;TipInt002;Cyber Monday;Sydney, Australia;6;4.1
I1326;11/22/2025 03:39;U119;P045;TipInt001;Spring Sale;Berlin, Germany;7;1.8
I1327;10/31/2025 07:52;U080;P053;TipInt004;Holiday Sale;Paris, France;3;3.9
I1328;12/26/2025 03:32;U044;P030;TipInt006;Black Friday;Sydney, Australia;3;4.3
I1329;1/12/2026 23:48;U057;P039;TipInt004;Spring Sale;Toronto, Canada;9;2.9
I1330;11/22/2025 23:41;U010;P031;TipInt001;Holiday Sale;Berlin, Germany;2;1.3
I1331;11/13/2025 23:59;U084;P048;TipInt004;Regular Day;London, UK;5;2
I1332;1/25/2026 07:37;U017;P024;TipInt003;Regular Day;Toronto, Canada;8;4.7
I1333;1/21/2026 18:15;U096;P033;TipInt001;Cyber Monday;New York, USA;-;2
I1334;12/16/2025 13:53;U150;P034;TipInt002;Black Friday;Paris, France;10;1.1
I1335;11/01/2025 08:45;U092;P045;TipInt002;Black Friday;Sydney, Australia;6;2.2
I1336;1/13/2026 12:22;U051;P044;TipInt001;Black Friday;London, UK;4;4.7
I1337;1/24/2026 15:34;U076;P007;TipInt005;Spring Sale;Paris, France;4;3
I1338;1/18/2026 03:09;U068;P050;TipInt002;Cyber Monday;Toronto, Canada;2;3.5
I1339;1/11/2026 09:24;U060;P067;TipInt002;Black Friday;Sydney, Australia;5;2.8
I1340;1/30/2026 13:41;U033;P007;TipInt003;Spring Sale;Paris, France;6;2.7
I1341;1/27/2026 19:43;U109;P012;TipInt005;Spring Sale;London, UK;-;1
I1342;10/15/2025 21:59;U094;P027;TipInt005;Spring Sale;New York, USA;-;2.9
I1343;11/30/2025 08:10;U088;P050;TipInt004;Spring Sale;New York, USA;8;2.1
I1344;1/11/2026 19:02;U134;P088;TipInt005;Holiday Sale;Berlin, Germany;2;1.7
I1345;12/08/2025 17:23;U028;P060;TipInt006;Spring Sale;Sydney, Australia;4;3.2
I1346;12/24/2025 21:21;U135;P048;TipInt001;Spring Sale;London, UK;6;3.2
I1347;12/31/2025 08:40;U051;P038;TipInt003;Spring Sale;Berlin, Germany;-;4.8
I1348;11/08/2025 08:24;U047;P068;TipInt002;Holiday Sale;New York, USA;7;3.5
I1349;10/10/2025 09:04;U145;P048;TipInt004;Holiday Sale;London, UK;8;2.1
I1350;11/21/2025 13:07;U149;P031;TipInt006;Spring Sale;Berlin, Germany;6;1.4
I1351;12/23/2025 19:31;U047;P038;TipInt006;Spring Sale;Berlin, Germany;8;3.8
I1352;9/30/2025 13:37;U110;P038;TipInt001;Regular Day;Paris, France;5;2.2
I1353;12/29/2025 20:36;U081;P001;TipInt004;Regular Day;Paris, France;5;4.1
I1354;12/30/2025 10:28;U136;P020;TipInt004;Spring Sale;New York, USA;4;2.4
I1355;12/29/2025 19:29;U025;P081;TipInt003;Holiday Sale;New York, USA;1;2.4
I1356;11/19/2025 14:59;U144;P053;TipInt003;Regular Day;Sydney, Australia;7;1.4
I1357;11/07/2025 11:49;U086;P083;TipInt003;Holiday Sale;Berlin, Germany;4;3
I1358;11/24/2025 23:00;U040;P060;TipInt005;Spring Sale;London, UK;10;3.1
I1359;12/17/2025 18:42;U132;P002;TipInt004;Cyber Monday;Paris, France;7;2.6
I1360;10/21/2025 12:11;U134;P060;TipInt002;Spring Sale;Paris, France;7;3
I1361;11/24/2025 21:55;U056;P088;TipInt003;Spring Sale;New York, USA;2;1.8
I1362;1/22/2026 18:42;U130;P093;TipInt002;Regular Day;Berlin, Germany;4;3.7
I1363;1/16/2026 11:58;U098;P056;TipInt006;Spring Sale;London, UK;8;3.2
I1364;10/28/2025 00:03;U137;P078;TipInt004;Holiday Sale;Toronto, Canada;4;3.7
I1365;11/03/2025 09:12;U009;P095;TipInt005;Holiday Sale;Berlin, Germany;1;1.1
I1366;1/21/2026 03:27;U066;P050;TipInt001;Black Friday;Paris, France;5;4.9
I1367;11/04/2025 19:21;U107;P086;TipInt006;Cyber Monday;New York, USA;4;1.5
I1368;11/15/2025 16:23;U066;P090;TipInt004;Black Friday;Paris, France;6;4.6
I1369;9/30/2025 17:37;U014;P092;TipInt005;Regular Day;London, UK;7;2.8
I1370;1/31/2026 04:36;U017;P036;TipInt002;Holiday Sale;Sydney, Australia;4;4.1
I1371;10/17/2025 10:01;U098;P064;TipInt002;Cyber Monday;Toronto, Canada;6;2.4
I1372;1/30/2026 16:19;U082;P096;TipInt006;Holiday Sale;Paris, France;8;2.6
I1373;11/27/2025 18:49;U031;P056;TipInt005;Black Friday;London, UK;1;3.7
I1374;11/05/2025 15:29;U030;P057;TipInt002;Regular Day;Paris, France;3;1
I1375;12/05/2025 00:19;U089;P052;TipInt004;Black Friday;Toronto, Canada;6;3.5
I1376;10/01/2025 09:22;U103;P084;TipInt005;Spring Sale;Sydney, Australia;10;1.9
I1377;1/02/2026 00:03;U067;P097;TipInt001;Holiday Sale;Paris, France;6;2.8
I1378;10/27/2025 11:31;U118;P034;TipInt001;Holiday Sale;New York, USA;9;4.1
I1379;10/18/2025 04:47;U065;P008;TipInt001;Holiday Sale;Sydney, Australia;2;3
I1380;10/30/2025 07:21;U040;P037;TipInt006;Cyber Monday;Sydney, Australia;5;3.4
I1381;1/19/2026 08:01;U070;P035;TipInt006;Cyber Monday;London, UK;9;1.6
I1382;1/20/2026 16:15;U011;P069;TipInt006;Holiday Sale;Sydney, Australia;4;4.5
I1383;12/25/2025 11:26;U013;P079;TipInt003;Black Friday;New York, USA;9;4.3
I1384;12/21/2025 04:47;U097;P033;TipInt002;Black Friday;London, UK;4;2.4
I1385;1/10/2026 04:20;U098;P001;TipInt003;Regular Day;Toronto, Canada;-;4.2
I1386;10/02/2025 06:08;U008;P030;TipInt004;Holiday Sale;Paris, France;8;3.4
I1387;10/13/2025 03:15;U127;P077;TipInt002;Holiday Sale;Paris, France;4;1.8
I1388;10/05/2025 19:20;U070;P080;TipInt004;Holiday Sale;Toronto, Canada;7;4.3
I1389;12/14/2025 14:50;U069;P021;TipInt006;Regular Day;London, UK;6;2.1
I1390;1/29/2026 18:43;U118;P077;TipInt003;Regular Day;Toronto, Canada;5;4.8
I1391;12/09/2025 12:31;U042;P081;TipInt001;Holiday Sale;Paris, France;6;2.3
I1392;12/10/2025 18:14;U130;P006;TipInt003;Regular Day;New York, USA;-;3.3
I1393;12/17/2025 05:06;U085;P069;TipInt005;Spring Sale;Paris, France;2;3.8
I1394;11/03/2025 04:47;U025;P047;TipInt005;Black Friday;Paris, France;6;3.2
I1395;10/01/2025 14:36;U084;P054;TipInt001;Regular Day;London, UK;4;4.3
I1396;12/01/2025 20:24;U072;P075;TipInt002;Holiday Sale;Toronto, Canada;5;1.4
I1397;12/14/2025 00:18;U053;P092;TipInt006;Spring Sale;Berlin, Germany;7;4.4
I1398;1/22/2026 15:58;U030;P016;TipInt002;Cyber Monday;Sydney, Australia;-;3.8
I1399;10/18/2025 06:27;U141;P035;TipInt005;Cyber Monday;Toronto, Canada;9;3.6
I1400;12/25/2025 12:32;U026;P011;TipInt001;Spring Sale;New York, USA;7;4.6
I1401;12/10/2025 03:55;U109;P053;TipInt006;Holiday Sale;Berlin, Germany;10;4.7
I1402;11/05/2025 02:09;U127;P016;TipInt004;Black Friday;Toronto, Canada;4;3.6
I1403;10/23/2025 23:59;U143;P098;TipInt004;Black Friday;New York, USA;9;2.3
I1404;10/25/2025 03:50;U067;P061;TipInt006;Black Friday;Toronto, Canada;9;4.2
I1405;11/23/2025 01:39;U060;P004;TipInt004;Black Friday;New York, USA;7;4.9
I1406;10/28/2025 03:27;U010;P052;TipInt004;Spring Sale;Paris, France;1;1.6
I1407;1/18/2026 13:55;U131;P008;TipInt004;Regular Day;London, UK;2;2.6
I1408;9/29/2025 08:57;U082;P044;TipInt004;Black Friday;Paris, France;8;1.3
I1409;11/27/2025 00:45;U118;P048;TipInt005;Black Friday;Paris, France;4;3.9
I1410;10/24/2025 06:17;U001;P095;TipInt001;Spring Sale;Paris, France;1;1.5
I1411;11/11/2025 12:11;U123;P088;TipInt006;Black Friday;Sydney, Australia;3;4.4
I1412;11/06/2025 11:19;U080;P032;TipInt001;Regular Day;Paris, France;8;3.1
I1413;1/12/2026 00:07;U031;P022;TipInt005;Holiday Sale;New York, USA;2;1.9
I1414;12/04/2025 02:04;U145;P012;TipInt006;Cyber Monday;New York, USA;5;1.6
I1415;12/31/2025 05:34;U057;P066;TipInt006;Cyber Monday;New York, USA;2;3.9
I1416;10/10/2025 01:25;U102;P064;TipInt003;Holiday Sale;New York, USA;8;2.8
I1417;1/25/2026 18:58;U021;P024;TipInt001;Cyber Monday;New York, USA;10;3.9
I1418;12/13/2025 07:31;U012;P084;TipInt003;Black Friday;Paris, France;9;4.9
I1419;1/01/2026 00:13;U078;P056;TipInt003;Cyber Monday;Sydney, Australia;8;4.7
I1420;10/28/2025 20:03;U032;P072;TipInt005;Spring Sale;Toronto, Canada;9;3.1
I1421;12/28/2025 00:44;U078;P052;TipInt003;Regular Day;Berlin, Germany;1;4.6
I1422;11/14/2025 12:11;U046;P019;TipInt006;Holiday Sale;New York, USA;2;2.9
I1423;12/25/2025 15:01;U114;P098;TipInt004;Regular Day;Sydney, Australia;7;2.7
I1424;11/16/2025 10:50;U002;P068;TipInt002;Black Friday;Toronto, Canada;7;4.6
I1425;10/06/2025 10:23;U034;P048;TipInt006;Spring Sale;New York, USA;3;1.3
I1426;10/08/2025 11:32;U071;P019;TipInt002;Holiday Sale;Sydney, Australia;2;3.7
I1427;1/21/2026 19:21;U001;P015;TipInt002;Holiday Sale;Sydney, Australia;3;1.1
I1428;10/08/2025 00:51;U060;P048;TipInt002;Regular Day;Berlin, Germany;8;2.5
I1429;11/06/2025 06:19;U050;P072;TipInt002;Black Friday;Sydney, Australia;-;2
I1430;12/12/2025 19:46;U099;P039;TipInt002;Spring Sale;Paris, France;10;4.2
I1431;11/18/2025 00:55;U128;P088;TipInt004;Spring Sale;Paris, France;5;1
I1432;12/09/2025 14:14;U132;P044;TipInt001;Cyber Monday;Berlin, Germany;9;3.8
I1433;11/25/2025 03:57;U012;P085;TipInt001;Holiday Sale;Sydney, Australia;-;1.5
I1434;10/21/2025 09:55;U099;P029;TipInt001;Holiday Sale;Toronto, Canada;3;3
I1435;10/18/2025 19:01;U040;P076;TipInt004;Black Friday;Berlin, Germany;6;3
I1436;10/26/2025 10:22;U082;P031;TipInt001;Black Friday;Sydney, Australia;10;2
I1437;12/13/2025 09:23;U027;P068;TipInt001;Regular Day;Sydney, Australia;2;4.8
I1438;1/03/2026 00:40;U058;P045;TipInt001;Regular Day;Sydney, Australia;5;2
I1439;1/11/2026 22:30;U043;P035;TipInt001;Cyber Monday;New York, USA;6;3.1
I1440;12/06/2025 21:12;U109;P065;TipInt003;Black Friday;New York, USA;7;1.8
I1441;12/04/2025 22:43;U023;P039;TipInt003;Holiday Sale;Sydney, Australia;3;1.9
I1442;1/02/2026 08:28;U069;P057;TipInt001;Holiday Sale;Toronto, Canada;2;2
I1443;12/29/2025 21:15;U039;P060;TipInt004;Holiday Sale;London, UK;2;2.3
I1444;1/31/2026 15:47;U090;P075;TipInt005;Black Friday;Toronto, Canada;4;2.5
I1445;12/10/2025 15:31;U145;P085;TipInt003;Spring Sale;Toronto, Canada;7;2.7
I1446;12/22/2025 19:54;U029;P078;TipInt003;Holiday Sale;New York, USA;1;2.6
I1447;1/08/2026 09:07;U029;P060;TipInt004;Black Friday;Sydney, Australia;6;4.1
I1448;10/12/2025 17:21;U027;P087;TipInt001;Regular Day;Paris, France;-;1.2
I1449;1/20/2026 20:46;U144;P062;TipInt003;Regular Day;Berlin, Germany;3;2.4
I1450;11/02/2025 03:23;U016;P006;TipInt004;Black Friday;Berlin, Germany;1;1.7
I1451;12/21/2025 10:56;U143;P045;TipInt001;Spring Sale;Paris, France;6;1.6
I1452;11/15/2025 22:18;U071;P076;TipInt006;Spring Sale;Berlin, Germany;6;3.7
I1453;12/12/2025 06:55;U124;P038;TipInt005;Black Friday;New York, USA;1;3.4
I1454;12/17/2025 21:44;U003;P009;TipInt001;Holiday Sale;London, UK;-;1.6
I1455;12/25/2025 11:27;U051;P095;TipInt004;Black Friday;Sydney, Australia;7;5
I1456;12/25/2025 05:35;U006;P026;TipInt003;Cyber Monday;London, UK;-;1.5
I1457;1/31/2026 10:56;U078;P088;TipInt001;Black Friday;Toronto, Canada;3;4.2
I1458;12/23/2025 18:38;U090;P007;TipInt005;Black Friday;Sydney, Australia;-;4.8
I1459;11/04/2025 22:03;U115;P076;TipInt005;Black Friday;New York, USA;2;3.7
I1460;1/15/2026 07:06;U069;P062;TipInt002;Black Friday;New York, USA;1;3
I1461;12/28/2025 13:20;U020;P008;TipInt006;Cyber Monday;New York, USA;7;2.6
I1462;11/25/2025 07:19;U041;P067;TipInt002;Regular Day;Toronto, Canada;7;1.3
I1463;1/24/2026 02:04;U077;P006;TipInt006;Cyber Monday;Berlin, Germany;-;2.2
I1464;10/31/2025 05:15;U109;P006;TipInt005;Holiday Sale;Berlin, Germany;1;3.4
I1465;10/01/2025 22:24;U089;P016;TipInt006;Regular Day;Berlin, Germany;4;3.7
I1466;12/17/2025 16:42;U009;P080;TipInt004;Regular Day;Berlin, Germany;1;2.4
I1467;11/17/2025 14:56;U085;P054;TipInt003;Holiday Sale;Toronto, Canada;4;4.5
I1468;10/18/2025 10:20;U054;P084;TipInt002;Regular Day;Sydney, Australia;9;4.9
I1469;11/20/2025 21:29;U016;P050;TipInt001;Spring Sale;Paris, France;9;1.1
I1470;11/28/2025 11:58;U142;P076;TipInt006;Cyber Monday;Toronto, Canada;10;4.3
I1471;1/04/2026 21:04;U133;P005;TipInt002;Regular Day;London, UK;8;4.1
I1472;11/19/2025 04:24;U010;P033;TipInt003;Regular Day;Toronto, Canada;7;4.2
I1473;10/09/2025 13:43;U105;P079;TipInt004;Cyber Monday;Sydney, Australia;5;3.5
I1474;11/07/2025 22:33;U038;P079;TipInt002;Black Friday;Sydney, Australia;4;2.2
I1475;12/15/2025 07:34;U054;P079;TipInt002;Regular Day;New York, USA;9;4.4
I1476;10/30/2025 04:24;U001;P046;TipInt006;Cyber Monday;Toronto, Canada;9;3.5
I1477;12/13/2025 06:10;U028;P076;TipInt005;Black Friday;London, UK;-;3.5
I1478;11/24/2025 17:54;U095;P038;TipInt002;Holiday Sale;New York, USA;-;2.6
I1479;11/12/2025 04:09;U128;P060;TipInt004;Holiday Sale;Toronto, Canada;1;1.4
I1480;1/16/2026 09:35;U004;P015;TipInt002;Cyber Monday;Toronto, Canada;-;3.7
I1481;10/26/2025 03:19;U121;P093;TipInt001;Regular Day;Toronto, Canada;5;1.6
I1482;10/14/2025 00:30;U004;P065;TipInt004;Cyber Monday;Toronto, Canada;10;2.7
I1483;12/12/2025 04:01;U009;P047;TipInt002;Holiday Sale;London, UK;5;1.8
I1484;1/02/2026 11:38;U091;P014;TipInt001;Cyber Monday;New York, USA;2;2
I1485;12/02/2025 13:28;U137;P014;TipInt002;Black Friday;New York, USA;10;1.3
I1486;12/05/2025 20:57;U074;P064;TipInt004;Black Friday;London, UK;5;3.7
I1487;12/13/2025 19:36;U129;P036;TipInt002;Holiday Sale;Berlin, Germany;6;1.7
I1488;1/18/2026 20:49;U058;P054;TipInt003;Regular Day;Paris, France;5;3.4
I1489;10/26/2025 20:12;U031;P033;TipInt004;Black Friday;Toronto, Canada;6;1.6
I1490;12/18/2025 17:57;U055;P046;TipInt001;Regular Day;Toronto, Canada;-;2.4
I1491;11/22/2025 18:51;U084;P081;TipInt005;Holiday Sale;London, UK;9;1.5
I1492;12/29/2025 21:42;U088;P002;TipInt006;Holiday Sale;New York, USA;-;4.2
I1493;12/25/2025 09:25;U119;P070;TipInt006;Regular Day;Paris, France;5;1.7
I1494;10/20/2025 08:01;U116;P079;TipInt006;Spring Sale;Paris, France;8;3.9
I1495;10/30/2025 19:55;U114;P099;TipInt003;Holiday Sale;London, UK;10;4.4
I1496;1/25/2026 23:03;U121;P084;TipInt001;Cyber Monday;London, UK;5;2.8
I1497;1/15/2026 21:33;U002;P047;TipInt006;Holiday Sale;London, UK;1;1
I1498;11/13/2025 17:47;U012;P076;TipInt003;Spring Sale;London, UK;4;1.6
I1499;12/22/2025 13:10;U112;P050;TipInt002;Cyber Monday;Toronto, Canada;10;2
I1500;10/12/2025 23:05;U137;P015;TipInt006;Cyber Monday;London, UK;2;3.4
I1501;10/21/2025 23:54;U088;P090;TipInt002;Regular Day;Toronto, Canada;6;1.6
I1502;10/31/2025 12:07;U065;P068;TipInt002;Regular Day;Paris, France;10;1.9
I1503;12/15/2025 08:29;U107;P051;TipInt006;Regular Day;Berlin, Germany;9;1.4
I1504;10/17/2025 23:21;U048;P030;TipInt004;Spring Sale;Berlin, Germany;5;3.2
I1505;10/13/2025 10:52;U001;P047;TipInt002;Regular Day;Paris, France;9;4.1
I1506;11/10/2025 08:01;U099;P054;TipInt003;Cyber Monday;London, UK;10;2.1
I1507;11/21/2025 11:42;U093;P003;TipInt003;Black Friday;London, UK;8;1.3
I1508;1/09/2026 20:42;U020;P001;TipInt002;Holiday Sale;London, UK;10;5
I1509;11/17/2025 02:34;U028;P065;TipInt006;Regular Day;Toronto, Canada;10;1.3
I1510;12/17/2025 11:10;U031;P033;TipInt002;Regular Day;New York, USA;9;1.3
I1511;10/02/2025 14:57;U107;P007;TipInt005;Spring Sale;New York, USA;4;3.8
I1512;1/21/2026 04:26;U006;P055;TipInt006;Spring Sale;New York, USA;3;1.4
I1513;12/31/2025 22:05;U106;P023;TipInt002;Black Friday;London, UK;5;2
I1514;10/11/2025 21:35;U058;P006;TipInt003;Black Friday;Toronto, Canada;7;4
I1515;1/08/2026 20:06;U002;P033;TipInt006;Regular Day;Paris, France;10;4.2
I1516;11/25/2025 16:07;U136;P069;TipInt004;Regular Day;Sydney, Australia;2;2.5
I1517;11/11/2025 11:44;U106;P018;TipInt006;Spring Sale;Berlin, Germany;8;1.9
I1518;12/03/2025 07:22;U084;P057;TipInt003;Spring Sale;Berlin, Germany;1;3.6
I1519;10/02/2025 04:37;U008;P090;TipInt003;Black Friday;Berlin, Germany;7;4.1
I1520;12/16/2025 07:14;U018;P031;TipInt004;Black Friday;Toronto, Canada;8;2.9
I1521;12/02/2025 17:40;U011;P086;TipInt003;Black Friday;New York, USA;2;3.6
I1522;1/03/2026 08:01;U045;P003;TipInt001;Holiday Sale;Berlin, Germany;4;4.4
I1523;12/21/2025 08:48;U032;P088;TipInt001;Spring Sale;London, UK;6;3.5
I1524;1/19/2026 18:50;U100;P022;TipInt002;Cyber Monday;Sydney, Australia;9;4.5
I1525;10/08/2025 07:01;U040;P022;TipInt002;Cyber Monday;Berlin, Germany;8;2.5
I1526;12/15/2025 10:34;U131;P028;TipInt005;Black Friday;Paris, France;1;1.9
I1527;12/24/2025 17:31;U024;P011;TipInt005;Holiday Sale;New York, USA;4;4.5
I1528;10/01/2025 10:02;U111;P091;TipInt001;Spring Sale;Berlin, Germany;6;4.8
I1529;1/25/2026 05:47;U096;P010;TipInt003;Black Friday;Sydney, Australia;8;2.2
I1530;12/22/2025 10:56;U048;P093;TipInt001;Black Friday;Toronto, Canada;7;3.7
I1531;1/22/2026 01:15;U108;P040;TipInt002;Cyber Monday;Toronto, Canada;4;4.8
I1532;12/29/2025 16:34;U119;P029;TipInt004;Regular Day;Toronto, Canada;5;2.6
I1533;1/01/2026 06:40;U056;P009;TipInt006;Regular Day;Paris, France;7;3.2
I1534;12/29/2025 03:41;U045;P002;TipInt004;Cyber Monday;London, UK;2;1.8
I1535;11/22/2025 06:49;U044;P014;TipInt005;Spring Sale;Paris, France;5;1.7
I1536;10/25/2025 13:16;U113;P020;TipInt002;Holiday Sale;Berlin, Germany;10;3.5
I1537;11/01/2025 11:32;U129;P030;TipInt003;Spring Sale;Sydney, Australia;8;4
I1538;11/05/2025 23:02;U019;P034;TipInt004;Regular Day;Berlin, Germany;10;4.5
I1539;12/11/2025 12:19;U082;P065;TipInt001;Black Friday;Sydney, Australia;-;4
I1540;12/10/2025 21:49;U136;P091;TipInt002;Cyber Monday;Toronto, Canada;3;2.8
I1541;1/27/2026 17:05;U103;P031;TipInt004;Regular Day;Paris, France;3;2.1
I1542;10/08/2025 16:40;U140;P098;TipInt006;Spring Sale;Paris, France;5;3.4
I1543;11/21/2025 15:07;U113;P090;TipInt005;Regular Day;Sydney, Australia;5;4.9
I1544;10/16/2025 19:01;U094;P096;TipInt003;Cyber Monday;Paris, France;10;3.2
I1545;11/03/2025 10:46;U085;P093;TipInt005;Spring Sale;Berlin, Germany;5;3.3
I1546;1/07/2026 09:20;U102;P047;TipInt003;Cyber Monday;Toronto, Canada;5;1.2
I1547;12/13/2025 19:27;U059;P014;TipInt004;Black Friday;New York, USA;5;2.1
I1548;1/23/2026 21:35;U066;P014;TipInt005;Cyber Monday;Toronto, Canada;5;2.2
I1549;12/28/2025 19:23;U081;P087;TipInt003;Holiday Sale;London, UK;2;4.7
I1550;10/12/2025 07:45;U127;P015;TipInt003;Spring Sale;Toronto, Canada;4;1.6
I1551;1/24/2026 06:47;U022;P047;TipInt005;Holiday Sale;Toronto, Canada;4;3.7
I1552;1/15/2026 14:36;U147;P017;TipInt002;Holiday Sale;Paris, France;4;1.9
I1553;11/04/2025 18:17;U037;P059;TipInt001;Black Friday;Sydney, Australia;9;2.4
I1554;1/22/2026 21:08;U072;P093;TipInt006;Cyber Monday;London, UK;2;2.3
I1555;1/31/2026 20:49;U039;P045;TipInt006;Spring Sale;Paris, France;1;3
I1556;10/20/2025 17:38;U150;P088;TipInt001;Spring Sale;London, UK;5;4.9
I1557;11/10/2025 10:09;U052;P053;TipInt001;Spring Sale;London, UK;9;4.2
I1558;10/27/2025 17:40;U012;P043;TipInt004;Holiday Sale;Sydney, Australia;9;1.2
I1559;12/09/2025 00:59;U118;P032;TipInt003;Regular Day;London, UK;1;4.7
I1560;10/25/2025 13:01;U078;P073;TipInt005;Cyber Monday;London, UK;1;5
I1561;10/18/2025 14:18;U001;P009;TipInt002;Cyber Monday;Toronto, Canada;5;1.2
I1562;1/11/2026 05:16;U110;P015;TipInt005;Regular Day;Paris, France;5;1.2
I1563;10/08/2025 00:05;U087;P077;TipInt006;Black Friday;London, UK;5;4.1
I1564;12/12/2025 20:37;U029;P008;TipInt003;Holiday Sale;New York, USA;9;2.7
I1565;10/23/2025 01:48;U084;P013;TipInt001;Regular Day;Berlin, Germany;8;3.1
I1566;11/25/2025 04:55;U110;P042;TipInt002;Holiday Sale;Berlin, Germany;4;4.3
I1567;10/22/2025 18:15;U112;P078;TipInt003;Cyber Monday;Berlin, Germany;9;1.9
I1568;10/12/2025 06:44;U081;P058;TipInt004;Black Friday;New York, USA;9;3.5
I1569;12/07/2025 00:19;U075;P075;TipInt002;Holiday Sale;New York, USA;2;1.8
I1570;12/27/2025 08:21;U076;P082;TipInt006;Black Friday;London, UK;-;1.2
I1571;11/27/2025 10:20;U022;P087;TipInt005;Holiday Sale;Paris, France;4;4.3
I1572;10/27/2025 16:12;U145;P001;TipInt006;Holiday Sale;New York, USA;3;3.4
I1573;11/11/2025 04:31;U084;P073;TipInt004;Cyber Monday;New York, USA;9;1.1
I1574;11/16/2025 22:42;U053;P006;TipInt005;Cyber Monday;New York, USA;6;3
I1575;1/01/2026 01:41;U107;P030;TipInt004;Cyber Monday;Toronto, Canada;6;4
I1576;1/18/2026 23:31;U051;P094;TipInt003;Black Friday;Berlin, Germany;-;4.3
I1577;10/20/2025 23:51;U131;P010;TipInt001;Regular Day;London, UK;1;1.4
I1578;11/21/2025 06:39;U121;P058;TipInt003;Black Friday;New York, USA;7;1.5
I1579;12/09/2025 08:30;U037;P091;TipInt005;Spring Sale;New York, USA;10;2.5
I1580;1/05/2026 16:28;U080;P058;TipInt006;Regular Day;Toronto, Canada;8;3.8
I1581;12/01/2025 09:22;U107;P057;TipInt003;Holiday Sale;London, UK;6;4.3
I1582;1/23/2026 08:16;U132;P092;TipInt001;Cyber Monday;Paris, France;7;1.5
I1583;10/10/2025 22:12;U082;P025;TipInt004;Regular Day;New York, USA;10;4.5
I1584;12/22/2025 21:16;U046;P058;TipInt006;Cyber Monday;Berlin, Germany;3;4.4
I1585;11/08/2025 14:51;U077;P041;TipInt002;Cyber Monday;New York, USA;8;2.1
I1586;1/14/2026 03:45;U013;P019;TipInt001;Holiday Sale;New York, USA;6;1.5
I1587;10/28/2025 20:35;U042;P077;TipInt003;Black Friday;Paris, France;3;4
I1588;10/24/2025 08:14;U053;P005;TipInt002;Spring Sale;London, UK;10;4.7
I1589;12/27/2025 02:30;U001;P018;TipInt006;Regular Day;Toronto, Canada;2;4.6
I1590;11/30/2025 22:18;U103;P059;TipInt003;Regular Day;Sydney, Australia;4;1
I1591;10/21/2025 17:50;U085;P090;TipInt003;Holiday Sale;Toronto, Canada;2;2.6
I1592;1/01/2026 10:36;U068;P064;TipInt003;Holiday Sale;Sydney, Australia;1;2.5
I1593;1/25/2026 19:26;U101;P068;TipInt002;Regular Day;Berlin, Germany;4;3
I1594;10/01/2025 14:32;U008;P020;TipInt004;Regular Day;Berlin, Germany;9;4
I1595;10/25/2025 17:54;U074;P076;TipInt002;Holiday Sale;New York, USA;10;4.3
I1596;1/09/2026 07:43;U122;P070;TipInt004;Cyber Monday;New York, USA;8;2.7
I1597;10/19/2025 14:02;U108;P085;TipInt003;Holiday Sale;London, UK;4;2.1
I1598;11/14/2025 02:54;U023;P030;TipInt003;Holiday Sale;Toronto, Canada;3;1.1
I1599;10/11/2025 09:42;U137;P005;TipInt006;Spring Sale;Berlin, Germany;6;4.9
I1600;1/26/2026 15:56;U084;P024;TipInt005;Holiday Sale;Paris, France;8;1.6
I1601;11/17/2025 04:56;U107;P003;TipInt002;Spring Sale;Berlin, Germany;1;1.3
I1602;1/24/2026 23:20;U055;P002;TipInt003;Cyber Monday;New York, USA;3;4.5
I1603;1/16/2026 16:01;U073;P018;TipInt006;Black Friday;Toronto, Canada;3;2.9
I1604;12/15/2025 23:28;U122;P034;TipInt002;Regular Day;Sydney, Australia;8;2.1
I1605;1/14/2026 14:19;U082;P028;TipInt002;Black Friday;New York, USA;8;4.9
I1606;11/17/2025 00:51;U021;P075;TipInt005;Cyber Monday;Berlin, Germany;6;1.8
I1607;10/08/2025 08:18;U027;P053;TipInt003;Spring Sale;Toronto, Canada;-;4.6
I1608;11/29/2025 06:17;U029;P055;TipInt002;Holiday Sale;London, UK;3;3.2
I1609;1/09/2026 12:52;U041;P067;TipInt005;Holiday Sale;Sydney, Australia;10;3.3
I1610;11/21/2025 00:59;U057;P081;TipInt006;Holiday Sale;New York, USA;8;4.2
I1611;10/29/2025 00:31;U041;P055;TipInt002;Regular Day;Sydney, Australia;10;1.6
I1612;12/30/2025 13:07;U003;P012;TipInt001;Spring Sale;Sydney, Australia;-;3.4
I1613;11/03/2025 23:11;U043;P040;TipInt005;Holiday Sale;New York, USA;10;2.9
I1614;1/18/2026 18:27;U087;P022;TipInt002;Spring Sale;New York, USA;10;2.6
I1615;11/15/2025 12:59;U012;P011;TipInt002;Black Friday;New York, USA;1;3.4
I1616;10/14/2025 02:57;U084;P063;TipInt005;Black Friday;Paris, France;1;4
I1617;11/27/2025 22:25;U026;P011;TipInt003;Black Friday;London, UK;1;2.8
I1618;12/02/2025 02:38;U123;P095;TipInt002;Black Friday;Paris, France;9;4.2
I1619;10/06/2025 03:54;U008;P020;TipInt003;Holiday Sale;Sydney, Australia;8;2.3
I1620;10/11/2025 07:13;U031;P010;TipInt005;Holiday Sale;Paris, France;10;1.7
I1621;10/21/2025 14:21;U103;P033;TipInt005;Cyber Monday;Sydney, Australia;6;4.4
I1622;12/27/2025 16:08;U140;P046;TipInt004;Black Friday;Toronto, Canada;10;3.8
I1623;12/23/2025 21:11;U067;P094;TipInt005;Regular Day;Toronto, Canada;-;4
I1624;12/03/2025 18:35;U054;P066;TipInt003;Regular Day;New York, USA;10;4.7
I1625;11/19/2025 17:28;U033;P099;TipInt001;Spring Sale;London, UK;8;3.6
I1626;11/14/2025 05:37;U073;P089;TipInt002;Regular Day;Toronto, Canada;7;2.7
I1627;11/03/2025 19:14;U041;P052;TipInt004;Cyber Monday;Sydney, Australia;2;1.9
I1628;12/01/2025 09:24;U042;P046;TipInt001;Cyber Monday;London, UK;7;2.1
I1629;10/01/2025 16:40;U100;P007;TipInt004;Spring Sale;Toronto, Canada;9;4.4
I1630;10/23/2025 05:02;U096;P012;TipInt002;Black Friday;Sydney, Australia;9;4.2
I1631;1/20/2026 07:02;U121;P055;TipInt004;Regular Day;London, UK;9;1.3
I1632;12/23/2025 03:51;U118;P026;TipInt004;Cyber Monday;Paris, France;4;4.6
I1633;12/29/2025 16:13;U136;P027;TipInt003;Cyber Monday;Berlin, Germany;1;2.3
I1634;11/05/2025 23:19;U048;P087;TipInt002;Regular Day;Paris, France;5;3
I1635;1/14/2026 05:04;U106;P084;TipInt005;Regular Day;Paris, France;4;4.3
I1636;10/07/2025 00:11;U092;P064;TipInt006;Black Friday;London, UK;7;3
I1637;1/11/2026 02:25;U129;P024;TipInt001;Holiday Sale;New York, USA;8;2.8
I1638;12/02/2025 03:26;U087;P074;TipInt004;Holiday Sale;London, UK;10;1.6
I1639;12/13/2025 03:39;U136;P053;TipInt003;Holiday Sale;Paris, France;3;3.8
I1640;11/08/2025 07:27;U078;P007;TipInt004;Spring Sale;Toronto, Canada;4;3.1
I1641;1/02/2026 09:02;U013;P066;TipInt003;Cyber Monday;London, UK;8;3.8
I1642;11/22/2025 22:42;U004;P094;TipInt004;Regular Day;New York, USA;6;3.5
I1643;10/18/2025 00:56;U116;P045;TipInt004;Cyber Monday;Berlin, Germany;1;4.5
I1644;12/31/2025 15:09;U142;P087;TipInt001;Regular Day;New York, USA;9;3.6
I1645;1/10/2026 02:42;U133;P036;TipInt003;Cyber Monday;Berlin, Germany;6;3.1
I1646;1/27/2026 09:25;U070;P086;TipInt005;Holiday Sale;New York, USA;10;1.7
I1647;11/20/2025 23:04;U119;P054;TipInt005;Black Friday;Toronto, Canada;4;2.5
I1648;12/05/2025 03:09;U137;P047;TipInt002;Spring Sale;New York, USA;1;2.9
I1649;10/28/2025 00:54;U079;P071;TipInt002;Holiday Sale;London, UK;8;4.9
I1650;10/14/2025 21:19;U138;P025;TipInt001;Cyber Monday;Paris, France;-;3
I1651;10/16/2025 20:35;U071;P043;TipInt004;Cyber Monday;London, UK;7;4.6
I1652;1/18/2026 09:14;U097;P061;TipInt006;Spring Sale;London, UK;4;3.6
I1653;10/28/2025 20:53;U085;P007;TipInt005;Holiday Sale;Berlin, Germany;9;2.6
I1654;12/14/2025 15:09;U028;P041;TipInt004;Spring Sale;Berlin, Germany;6;2.9
I1655;12/10/2025 23:25;U131;P052;TipInt001;Black Friday;Toronto, Canada;2;3.4
I1656;10/29/2025 23:20;U093;P099;TipInt006;Cyber Monday;Sydney, Australia;3;2.1
I1657;1/09/2026 23:10;U068;P095;TipInt005;Black Friday;Berlin, Germany;10;1.7
I1658;12/01/2025 10:43;U106;P043;TipInt005;Cyber Monday;Paris, France;10;3.9
I1659;11/19/2025 17:24;U056;P018;TipInt005;Regular Day;London, UK;6;4.9
I1660;12/16/2025 02:32;U103;P008;TipInt003;Spring Sale;Toronto, Canada;-;3.2
I1661;1/29/2026 16:58;U109;P036;TipInt002;Spring Sale;New York, USA;5;1.9
I1662;12/19/2025 06:14;U022;P059;TipInt003;Holiday Sale;New York, USA;1;1.2
I1663;10/31/2025 01:57;U033;P081;TipInt003;Black Friday;Sydney, Australia;1;5
I1664;12/14/2025 20:15;U102;P064;TipInt006;Holiday Sale;Paris, France;-;4.9
I1665;10/13/2025 02:26;U106;P012;TipInt006;Spring Sale;Toronto, Canada;2;2.5
I1666;11/07/2025 07:38;U072;P055;TipInt001;Black Friday;Toronto, Canada;1;2.6
I1667;11/26/2025 16:28;U073;P001;TipInt003;Regular Day;Sydney, Australia;2;1.1
I1668;12/25/2025 05:43;U079;P019;TipInt005;Regular Day;New York, USA;6;3.9
I1669;10/24/2025 13:23;U045;P077;TipInt006;Spring Sale;New York, USA;7;1.2
I1670;12/22/2025 04:53;U062;P067;TipInt005;Black Friday;Toronto, Canada;10;1.5
I1671;10/17/2025 16:06;U008;P083;TipInt002;Spring Sale;Paris, France;-;1.1
I1672;9/29/2025 00:14;U138;P061;TipInt002;Spring Sale;New York, USA;9;2.4
I1673;1/03/2026 05:07;U002;P058;TipInt004;Spring Sale;Paris, France;3;3.5
I1674;11/02/2025 14:16;U052;P082;TipInt005;Spring Sale;Toronto, Canada;10;4.8
I1675;1/16/2026 04:14;U098;P035;TipInt001;Regular Day;New York, USA;-;4.4
I1676;1/20/2026 09:49;U062;P074;TipInt004;Regular Day;Toronto, Canada;1;4.2
I1677;10/28/2025 02:31;U135;P018;TipInt001;Regular Day;Berlin, Germany;7;1.8
I1678;11/17/2025 04:21;U142;P065;TipInt001;Cyber Monday;Berlin, Germany;-;2.5
I1679;12/22/2025 11:53;U038;P033;TipInt002;Spring Sale;London, UK;10;4.4
I1680;1/01/2026 02:38;U012;P053;TipInt006;Holiday Sale;New York, USA;-;3.5
I1681;11/11/2025 15:04;U007;P013;TipInt006;Holiday Sale;Paris, France;3;1.6
I1682;1/06/2026 05:22;U124;P040;TipInt006;Regular Day;Paris, France;1;2.7
I1683;1/14/2026 08:55;U011;P005;TipInt001;Cyber Monday;New York, USA;5;1.5
I1684;1/20/2026 23:36;U084;P089;TipInt006;Cyber Monday;Berlin, Germany;5;4.8
I1685;11/19/2025 01:22;U081;P001;TipInt004;Holiday Sale;New York, USA;3;3.3
I1686;1/12/2026 18:31;U029;P090;TipInt004;Black Friday;Sydney, Australia;4;1.1
I1687;12/05/2025 16:38;U115;P042;TipInt002;Holiday Sale;Berlin, Germany;3;2.7
I1688;1/18/2026 07:15;U035;P096;TipInt005;Spring Sale;New York, USA;1;4.5
I1689;11/14/2025 15:12;U143;P078;TipInt006;Holiday Sale;Berlin, Germany;4;4.6
I1690;12/02/2025 18:49;U124;P079;TipInt006;Regular Day;Sydney, Australia;6;4.2
I1691;1/23/2026 17:25;U077;P089;TipInt006;Cyber Monday;Sydney, Australia;10;4.7
I1692;10/08/2025 03:32;U011;P074;TipInt003;Black Friday;Sydney, Australia;7;3.9
I1693;11/03/2025 19:35;U005;P064;TipInt001;Spring Sale;Paris, France;4;3.1
I1694;1/19/2026 01:28;U150;P032;TipInt003;Holiday Sale;Toronto, Canada;6;1.2
I1695;1/26/2026 20:25;U113;P002;TipInt005;Cyber Monday;Toronto, Canada;4;4.7
I1696;10/29/2025 09:11;U085;P009;TipInt006;Cyber Monday;Berlin, Germany;-;1.8
I1697;1/18/2026 05:12;U144;P070;TipInt006;Regular Day;Paris, France;1;3
I1698;1/04/2026 01:36;U085;P077;TipInt002;Black Friday;Sydney, Australia;4;2.6
I1699;10/23/2025 21:16;U080;P003;TipInt003;Cyber Monday;Toronto, Canada;9;4.5
I1700;10/10/2025 14:09;U112;P068;TipInt003;Spring Sale;Toronto, Canada;6;2
I1701;1/18/2026 15:23;U029;P010;TipInt002;Cyber Monday;Paris, France;10;3.1
I1702;1/13/2026 11:55;U094;P058;TipInt004;Cyber Monday;Toronto, Canada;9;4.5
I1703;10/16/2025 22:29;U149;P036;TipInt001;Cyber Monday;Toronto, Canada;6;1.3
I1704;11/08/2025 07:23;U146;P023;TipInt001;Cyber Monday;Toronto, Canada;1;3.2
I1705;11/25/2025 12:30;U059;P006;TipInt005;Spring Sale;Berlin, Germany;6;3.8
I1706;1/25/2026 19:54;U144;P002;TipInt002;Holiday Sale;Toronto, Canada;6;2.8
I1707;1/13/2026 20:48;U013;P080;TipInt003;Regular Day;Paris, France;1;3.2
I1708;12/15/2025 10:03;U068;P092;TipInt002;Cyber Monday;Toronto, Canada;2;1.9
I1709;12/22/2025 08:10;U071;P063;TipInt003;Holiday Sale;Sydney, Australia;5;3.7
I1710;11/27/2025 11:08;U073;P030;TipInt002;Regular Day;Sydney, Australia;1;4.8
I1711;1/07/2026 00:46;U141;P094;TipInt004;Holiday Sale;New York, USA;6;1.3
I1712;10/26/2025 17:06;U102;P091;TipInt005;Black Friday;Paris, France;10;4.4
I1713;1/14/2026 18:26;U008;P089;TipInt003;Spring Sale;Berlin, Germany;7;2.6
I1714;11/07/2025 08:15;U112;P071;TipInt005;Cyber Monday;Sydney, Australia;5;3.6
I1715;12/05/2025 08:59;U087;P075;TipInt003;Spring Sale;New York, USA;2;2.4
I1716;10/13/2025 23:42;U123;P041;TipInt006;Regular Day;London, UK;2;4.6
I1717;11/18/2025 18:23;U040;P016;TipInt004;Spring Sale;Paris, France;1;3
I1718;1/22/2026 01:44;U149;P077;TipInt004;Spring Sale;Berlin, Germany;5;3.1
I1719;10/23/2025 04:26;U040;P025;TipInt005;Holiday Sale;London, UK;-;3.3
I1720;10/18/2025 06:28;U011;P004;TipInt006;Regular Day;Sydney, Australia;9;4.3
I1721;12/05/2025 23:38;U072;P004;TipInt001;Holiday Sale;Toronto, Canada;1;3.3
I1722;11/10/2025 04:38;U143;P020;TipInt001;Cyber Monday;London, UK;10;1.6
I1723;11/09/2025 19:46;U089;P010;TipInt004;Holiday Sale;Berlin, Germany;8;3.9
I1724;10/22/2025 22:04;U042;P084;TipInt004;Black Friday;Berlin, Germany;5;1.9
I1725;10/14/2025 19:36;U139;P007;TipInt003;Black Friday;Paris, France;5;2.4
I1726;1/08/2026 15:13;U097;P024;TipInt003;Black Friday;Berlin, Germany;10;3.4
I1727;10/10/2025 13:47;U119;P033;TipInt006;Spring Sale;Sydney, Australia;4;4.4
I1728;10/07/2025 07:10;U118;P074;TipInt001;Regular Day;Sydney, Australia;2;1.1
I1729;12/27/2025 03:52;U068;P014;TipInt003;Regular Day;Paris, France;9;3.5
I1730;1/28/2026 17:23;U056;P064;TipInt001;Cyber Monday;Paris, France;-;2
I1731;10/24/2025 11:25;U129;P002;TipInt006;Black Friday;Paris, France;9;4.9
I1732;10/04/2025 02:41;U138;P070;TipInt003;Holiday Sale;Paris, France;6;3.3
I1733;12/03/2025 03:43;U150;P034;TipInt005;Holiday Sale;Sydney, Australia;8;3.3
I1734;10/20/2025 11:30;U100;P056;TipInt002;Regular Day;Sydney, Australia;8;2.8
I1735;1/13/2026 18:59;U023;P099;TipInt004;Regular Day;Berlin, Germany;4;1.4
I1736;10/07/2025 15:09;U129;P035;TipInt003;Holiday Sale;Paris, France;3;3.7
I1737;12/04/2025 02:35;U005;P092;TipInt002;Holiday Sale;Paris, France;2;1.7
I1738;11/19/2025 09:58;U096;P026;TipInt001;Cyber Monday;Toronto, Canada;4;3.4
I1739;11/15/2025 07:18;U114;P022;TipInt002;Spring Sale;Sydney, Australia;3;3.2
I1740;1/17/2026 19:54;U026;P036;TipInt004;Regular Day;Berlin, Germany;2;2.5
I1741;1/31/2026 22:33;U004;P046;TipInt005;Spring Sale;London, UK;6;1.8
I1742;11/10/2025 10:43;U079;P076;TipInt004;Regular Day;Sydney, Australia;4;2.3
I1743;11/02/2025 07:28;U086;P039;TipInt002;Black Friday;Paris, France;9;3.6
I1744;10/30/2025 20:00;U118;P018;TipInt006;Holiday Sale;Paris, France;5;3.8
I1745;12/29/2025 22:23;U136;P033;TipInt004;Cyber Monday;Toronto, Canada;7;1.7
I1746;10/17/2025 12:54;U028;P061;TipInt005;Cyber Monday;London, UK;7;4.2
I1747;1/01/2026 17:47;U037;P001;TipInt004;Regular Day;London, UK;5;4.7
I1748;1/01/2026 16:44;U080;P089;TipInt001;Black Friday;Sydney, Australia;8;2.1
I1749;1/13/2026 06:27;U111;P021;TipInt001;Regular Day;Toronto, Canada;9;1.5
I1750;1/25/2026 11:27;U150;P010;TipInt001;Regular Day;Sydney, Australia;3;3.1
I1751;10/05/2025 22:17;U108;P025;TipInt001;Black Friday;Paris, France;10;4
I1752;10/05/2025 08:58;U070;P094;TipInt005;Black Friday;London, UK;9;2.4
I1753;10/30/2025 05:28;U001;P081;TipInt002;Cyber Monday;Berlin, Germany;6;1.5
I1754;12/12/2025 19:30;U036;P034;TipInt003;Cyber Monday;Sydney, Australia;9;2.6
I1755;1/25/2026 18:07;U055;P027;TipInt006;Spring Sale;London, UK;-;3.8
I1756;1/04/2026 08:26;U104;P049;TipInt006;Holiday Sale;Berlin, Germany;2;3.5
I1757;11/18/2025 00:27;U009;P085;TipInt001;Holiday Sale;Sydney, Australia;-;4.4
I1758;1/21/2026 04:03;U111;P001;TipInt005;Spring Sale;Berlin, Germany;6;1.7
I1759;1/02/2026 01:58;U127;P039;TipInt006;Spring Sale;London, UK;4;2.4
I1760;11/27/2025 23:34;U003;P023;TipInt004;Spring Sale;Toronto, Canada;7;4.8
I1761;1/27/2026 07:04;U096;P098;TipInt004;Black Friday;London, UK;7;1.1
I1762;11/25/2025 17:22;U028;P016;TipInt001;Spring Sale;Berlin, Germany;4;2.1
I1763;12/14/2025 08:27;U091;P054;TipInt001;Cyber Monday;Sydney, Australia;6;2.2
I1764;12/10/2025 18:36;U088;P083;TipInt006;Cyber Monday;Paris, France;8;3.8
I1765;11/12/2025 16:10;U031;P061;TipInt003;Regular Day;Paris, France;6;1.9
I1766;11/20/2025 14:03;U091;P067;TipInt004;Black Friday;Berlin, Germany;9;1.6
I1767;10/08/2025 14:26;U004;P013;TipInt002;Spring Sale;Paris, France;5;3.2
I1768;10/01/2025 12:16;U145;P031;TipInt002;Holiday Sale;Berlin, Germany;4;1.5
I1769;12/08/2025 00:51;U055;P003;TipInt001;Black Friday;London, UK;-;4.6
I1770;11/21/2025 08:15;U118;P084;TipInt006;Spring Sale;Berlin, Germany;10;2
I1771;1/06/2026 01:58;U084;P087;TipInt002;Holiday Sale;New York, USA;4;3
I1772;10/15/2025 12:31;U066;P034;TipInt003;Spring Sale;New York, USA;6;4.2
I1773;12/06/2025 19:09;U140;P070;TipInt003;Spring Sale;London, UK;-;3.4
I1774;1/30/2026 00:31;U101;P073;TipInt005;Spring Sale;Sydney, Australia;2;1.4
I1775;11/20/2025 23:06;U103;P024;TipInt004;Holiday Sale;Paris, France;5;3.5
I1776;11/22/2025 03:00;U049;P094;TipInt005;Holiday Sale;Toronto, Canada;1;1.7
I1777;11/27/2025 01:41;U101;P022;TipInt003;Cyber Monday;Sydney, Australia;4;2.3
I1778;11/29/2025 14:46;U118;P075;TipInt003;Regular Day;New York, USA;1;4.2
I1779;1/12/2026 09:11;U100;P043;TipInt004;Holiday Sale;New York, USA;9;1.6
I1780;12/18/2025 20:20;U020;P047;TipInt006;Cyber Monday;Paris, France;7;4.7
I1781;12/12/2025 19:22;U137;P038;TipInt004;Black Friday;Paris, France;4;3.8
I1782;11/20/2025 12:41;U135;P020;TipInt002;Cyber Monday;New York, USA;-;3
I1783;12/18/2025 11:47;U057;P002;TipInt004;Holiday Sale;Berlin, Germany;5;4.7
I1784;11/16/2025 15:37;U071;P016;TipInt003;Holiday Sale;Toronto, Canada;10;4.3
I1785;11/09/2025 19:52;U041;P096;TipInt002;Holiday Sale;New York, USA;6;4
I1786;1/26/2026 05:08;U059;P037;TipInt005;Cyber Monday;New York, USA;4;1.4
I1787;10/06/2025 18:28;U006;P043;TipInt001;Cyber Monday;Berlin, Germany;5;3.3
I1788;12/19/2025 13:38;U078;P011;TipInt003;Holiday Sale;Sydney, Australia;9;2.5
I1789;12/29/2025 13:51;U139;P051;TipInt001;Black Friday;New York, USA;10;3.7
I1790;1/07/2026 02:49;U059;P061;TipInt006;Holiday Sale;New York, USA;1;3.4
I1791;10/02/2025 22:14;U130;P087;TipInt003;Holiday Sale;Toronto, Canada;5;1.4
I1792;1/21/2026 23:38;U044;P097;TipInt003;Regular Day;New York, USA;10;4.5
I1793;11/10/2025 01:14;U035;P012;TipInt001;Black Friday;Toronto, Canada;1;1.3
I1794;11/25/2025 17:05;U103;P060;TipInt001;Regular Day;Berlin, Germany;5;1
I1795;12/23/2025 05:51;U076;P032;TipInt003;Black Friday;Toronto, Canada;4;2.8
I1796;12/14/2025 06:00;U111;P042;TipInt005;Regular Day;Berlin, Germany;3;4.9
I1797;11/30/2025 21:19;U020;P094;TipInt006;Spring Sale;Paris, France;5;1.2
I1798;12/25/2025 09:50;U022;P023;TipInt003;Black Friday;Berlin, Germany;5;2
I1799;1/19/2026 20:46;U031;P052;TipInt002;Cyber Monday;New York, USA;4;1.7
I1800;10/04/2025 08:20;U054;P056;TipInt004;Regular Day;Sydney, Australia;2;4.9
I1801;12/25/2025 13:51;U103;P080;TipInt006;Black Friday;Toronto, Canada;9;2.7
I1802;11/10/2025 06:55;U082;P085;TipInt003;Regular Day;Toronto, Canada;-;4.3
I1803;11/27/2025 19:28;U117;P006;TipInt001;Spring Sale;Sydney, Australia;6;2.4
I1804;11/27/2025 16:03;U080;P095;TipInt004;Spring Sale;Paris, France;1;1.1
I1805;1/30/2026 02:31;U003;P049;TipInt006;Regular Day;Sydney, Australia;2;4.1
I1806;11/19/2025 23:05;U137;P014;TipInt002;Cyber Monday;Toronto, Canada;3;4.8
I1807;1/26/2026 10:47;U104;P036;TipInt001;Holiday Sale;Berlin, Germany;5;1.2
I1808;11/04/2025 00:47;U022;P072;TipInt005;Black Friday;Sydney, Australia;-;4.7
I1809;10/14/2025 23:59;U031;P035;TipInt004;Cyber Monday;Paris, France;5;2.3
I1810;11/02/2025 22:15;U074;P055;TipInt004;Regular Day;New York, USA;7;3.9
I1811;11/26/2025 05:43;U037;P028;TipInt002;Cyber Monday;Sydney, Australia;3;3.2
I1812;1/30/2026 19:25;U110;P060;TipInt003;Black Friday;Sydney, Australia;7;4.5
I1813;10/25/2025 06:14;U035;P047;TipInt005;Holiday Sale;Toronto, Canada;4;1.8
I1814;11/27/2025 10:39;U043;P071;TipInt004;Holiday Sale;Berlin, Germany;6;1.1
I1815;12/31/2025 13:58;U140;P089;TipInt006;Cyber Monday;New York, USA;10;5
I1816;10/04/2025 06:24;U053;P066;TipInt003;Black Friday;London, UK;1;2.1
I1817;1/28/2026 00:32;U119;P046;TipInt005;Black Friday;New York, USA;5;4.7
I1818;12/18/2025 02:28;U004;P083;TipInt006;Black Friday;Sydney, Australia;8;1.4
I1819;1/18/2026 19:16;U140;P070;TipInt005;Regular Day;Sydney, Australia;3;4.2
I1820;12/06/2025 13:12;U144;P068;TipInt004;Regular Day;Sydney, Australia;3;3
I1821;11/04/2025 06:14;U033;P019;TipInt005;Black Friday;London, UK;-;2.9
I1822;10/12/2025 15:06;U095;P026;TipInt006;Cyber Monday;Paris, France;10;4.4
I1823;1/04/2026 18:10;U058;P022;TipInt004;Cyber Monday;London, UK;9;4.6
I1824;11/20/2025 11:03;U127;P009;TipInt004;Cyber Monday;Toronto, Canada;1;1.2
I1825;10/08/2025 06:41;U089;P013;TipInt004;Black Friday;Sydney, Australia;1;4.5
I1826;11/27/2025 04:34;U036;P011;TipInt006;Spring Sale;Sydney, Australia;1;1.2
I1827;1/13/2026 20:15;U117;P085;TipInt004;Black Friday;Paris, France;4;4.3
I1828;11/14/2025 11:58;U014;P067;TipInt005;Black Friday;Berlin, Germany;10;1.3
I1829;1/12/2026 05:01;U090;P027;TipInt002;Holiday Sale;New York, USA;3;2
I1830;10/19/2025 11:04;U055;P023;TipInt002;Regular Day;Paris, France;7;1.9
I1831;10/18/2025 05:09;U127;P019;TipInt001;Regular Day;Sydney, Australia;8;4.4
I1832;12/07/2025 19:30;U034;P086;TipInt003;Black Friday;Toronto, Canada;6;4.7
I1833;11/21/2025 19:22;U014;P066;TipInt001;Black Friday;Toronto, Canada;2;1.6
I1834;12/06/2025 14:56;U142;P020;TipInt006;Black Friday;Berlin, Germany;9;4.2
I1835;10/03/2025 08:47;U004;P011;TipInt006;Spring Sale;Toronto, Canada;8;3
I1836;1/22/2026 13:38;U134;P097;TipInt003;Holiday Sale;Toronto, Canada;10;2.8
I1837;10/12/2025 03:41;U026;P072;TipInt004;Holiday Sale;New York, USA;2;4.6
I1838;1/27/2026 23:26;U028;P035;TipInt005;Black Friday;Toronto, Canada;1;1.2
I1839;11/21/2025 00:30;U132;P055;TipInt002;Black Friday;London, UK;2;2.4
I1840;10/27/2025 13:01;U003;P022;TipInt001;Cyber Monday;New York, USA;4;3.9
I1841;1/02/2026 16:16;U098;P051;TipInt005;Black Friday;London, UK;2;4.8
I1842;11/08/2025 08:43;U096;P080;TipInt002;Regular Day;New York, USA;-;4.8
I1843;10/02/2025 11:47;U111;P052;TipInt004;Black Friday;New York, USA;10;1.9
I1844;1/09/2026 03:36;U090;P099;TipInt003;Regular Day;Sydney, Australia;7;2.5
I1845;1/03/2026 17:00;U117;P083;TipInt004;Cyber Monday;Sydney, Australia;8;4.4
I1846;12/21/2025 05:50;U013;P055;TipInt001;Regular Day;London, UK;5;3.4
I1847;11/13/2025 03:24;U078;P085;TipInt004;Regular Day;Toronto, Canada;7;1.7
I1848;10/12/2025 12:28;U128;P039;TipInt002;Cyber Monday;Berlin, Germany;5;2.1
I1849;1/12/2026 19:03;U011;P074;TipInt001;Black Friday;London, UK;8;2.2
I1850;10/25/2025 21:56;U088;P033;TipInt005;Regular Day;Sydney, Australia;7;4.4
I1851;12/26/2025 13:43;U090;P047;TipInt005;Holiday Sale;New York, USA;8;2.5
I1852;1/03/2026 06:54;U133;P057;TipInt003;Regular Day;London, UK;8;2.6
I1853;10/29/2025 17:22;U057;P028;TipInt002;Holiday Sale;Toronto, Canada;3;4.3
I1854;1/13/2026 18:18;U105;P054;TipInt004;Regular Day;Berlin, Germany;9;2.6
I1855;12/12/2025 10:10;U117;P086;TipInt002;Black Friday;New York, USA;7;4.7
I1856;1/27/2026 20:35;U001;P018;TipInt004;Spring Sale;Paris, France;6;1.6
I1857;10/22/2025 12:39;U082;P013;TipInt006;Holiday Sale;Sydney, Australia;6;2.2
I1858;11/22/2025 23:34;U063;P066;TipInt003;Cyber Monday;London, UK;5;2.1
I1859;1/26/2026 01:00;U126;P044;TipInt003;Holiday Sale;Berlin, Germany;2;1.6
I1860;11/26/2025 14:16;U132;P065;TipInt005;Regular Day;Toronto, Canada;7;1.5
I1861;12/18/2025 23:51;U094;P066;TipInt005;Spring Sale;Paris, France;5;4.4
I1862;1/31/2026 10:40;U144;P010;TipInt005;Black Friday;London, UK;8;4.8
I1863;1/31/2026 02:05;U090;P023;TipInt004;Holiday Sale;Paris, France;2;2
I1864;12/21/2025 18:03;U083;P038;TipInt004;Cyber Monday;Toronto, Canada;2;4.7
I1865;11/15/2025 19:43;U073;P043;TipInt002;Holiday Sale;Toronto, Canada;2;3.5
I1866;1/11/2026 05:27;U073;P091;TipInt001;Cyber Monday;London, UK;4;2.8
I1867;10/02/2025 08:29;U143;P030;TipInt001;Regular Day;New York, USA;1;1.8
I1868;11/19/2025 03:50;U096;P040;TipInt002;Regular Day;New York, USA;6;1.8
I1869;10/01/2025 11:17;U096;P016;TipInt001;Spring Sale;Berlin, Germany;5;4.9
I1870;10/10/2025 05:39;U040;P053;TipInt002;Black Friday;New York, USA;4;2.2
I1871;10/22/2025 05:57;U111;P037;TipInt005;Regular Day;New York, USA;-;3.4
I1872;11/11/2025 11:57;U094;P034;TipInt005;Cyber Monday;Paris, France;8;4.3
I1873;11/21/2025 04:09;U018;P003;TipInt001;Regular Day;Paris, France;6;4.8
I1874;1/24/2026 13:37;U142;P094;TipInt003;Spring Sale;Toronto, Canada;8;4.4
I1875;10/13/2025 09:36;U017;P076;TipInt001;Holiday Sale;New York, USA;4;2.7
I1876;11/20/2025 04:40;U110;P041;TipInt006;Holiday Sale;Toronto, Canada;9;4.8
I1877;10/14/2025 03:57;U140;P099;TipInt003;Cyber Monday;Sydney, Australia;1;4
I1878;12/14/2025 04:51;U039;P054;TipInt001;Spring Sale;Sydney, Australia;10;4.6
I1879;12/03/2025 16:14;U115;P037;TipInt006;Black Friday;London, UK;5;3.9
I1880;12/12/2025 00:29;U026;P087;TipInt003;Black Friday;New York, USA;6;2.8
I1881;1/07/2026 02:36;U048;P081;TipInt001;Cyber Monday;Sydney, Australia;-;3.9
I1882;12/09/2025 05:28;U052;P061;TipInt006;Holiday Sale;London, UK;8;4.6
I1883;12/28/2025 12:43;U097;P071;TipInt001;Spring Sale;Paris, France;6;4.2
I1884;11/07/2025 21:43;U116;P016;TipInt001;Holiday Sale;London, UK;10;3.4
I1885;12/07/2025 23:53;U024;P031;TipInt004;Holiday Sale;London, UK;9;2.6
I1886;11/07/2025 05:03;U066;P062;TipInt006;Holiday Sale;Paris, France;1;3.4
I1887;11/02/2025 18:07;U020;P024;TipInt001;Holiday Sale;Sydney, Australia;8;4.3
I1888;11/28/2025 03:00;U058;P072;TipInt004;Holiday Sale;New York, USA;4;3.9
I1889;10/25/2025 02:29;U071;P065;TipInt002;Cyber Monday;New York, USA;8;3.9
I1890;10/28/2025 10:16;U114;P081;TipInt001;Cyber Monday;Sydney, Australia;7;1.9
I1891;10/12/2025 19:34;U092;P011;TipInt002;Cyber Monday;Berlin, Germany;5;2.8
I1892;11/29/2025 08:36;U077;P082;TipInt006;Regular Day;Toronto, Canada;2;2.1
I1893;11/28/2025 01:23;U124;P071;TipInt001;Spring Sale;Paris, France;2;3.2
I1894;12/11/2025 00:34;U140;P022;TipInt005;Black Friday;Berlin, Germany;9;1.1
I1895;11/23/2025 16:36;U140;P099;TipInt003;Black Friday;New York, USA;8;3.4
I1896;11/22/2025 09:34;U132;P066;TipInt005;Black Friday;New York, USA;4;2.3
I1897;10/16/2025 10:07;U013;P021;TipInt005;Spring Sale;London, UK;6;1.6
I1898;12/15/2025 13:26;U058;P075;TipInt005;Holiday Sale;London, UK;10;4.4
I1899;1/26/2026 11:05;U085;P036;TipInt002;Black Friday;Toronto, Canada;1;2.6
I1900;9/30/2025 06:31;U065;P080;TipInt003;Holiday Sale;Paris, France;9;1.1
I1901;12/29/2025 00:46;U101;P035;TipInt004;Spring Sale;Sydney, Australia;6;2.3
I1902;10/16/2025 03:20;U047;P031;TipInt003;Regular Day;Berlin, Germany;8;1.3
I1903;12/21/2025 03:46;U061;P002;TipInt006;Cyber Monday;Toronto, Canada;1;4.3
I1904;12/28/2025 22:29;U094;P034;TipInt002;Holiday Sale;Berlin, Germany;8;1.1
I1905;1/24/2026 23:00;U023;P027;TipInt003;Regular Day;Berlin, Germany;5;3.8
I1906;12/09/2025 07:18;U150;P083;TipInt003;Cyber Monday;London, UK;10;1.5
I1907;1/31/2026 12:00;U027;P087;TipInt005;Holiday Sale;Paris, France;5;4.4
I1908;1/05/2026 04:06;U118;P054;TipInt005;Holiday Sale;Berlin, Germany;7;4.5
I1909;11/29/2025 20:14;U055;P070;TipInt005;Spring Sale;London, UK;3;1.9
I1910;11/07/2025 16:25;U013;P077;TipInt001;Spring Sale;Toronto, Canada;3;4.1
I1911;10/10/2025 16:00;U063;P034;TipInt003;Spring Sale;New York, USA;3;4.6
I1912;1/09/2026 02:50;U111;P062;TipInt004;Cyber Monday;London, UK;1;1.1
I1913;1/08/2026 22:51;U013;P044;TipInt006;Holiday Sale;New York, USA;6;2.7
I1914;10/29/2025 09:20;U073;P094;TipInt001;Black Friday;Toronto, Canada;3;4.6
I1915;1/11/2026 02:52;U023;P031;TipInt002;Cyber Monday;Toronto, Canada;7;4.4
I1916;11/27/2025 08:21;U040;P034;TipInt004;Spring Sale;London, UK;7;3
I1917;10/24/2025 09:48;U088;P077;TipInt003;Black Friday;Sydney, Australia;1;1.9
I1918;11/15/2025 13:37;U061;P011;TipInt003;Black Friday;Sydney, Australia;7;4.1
I1919;12/30/2025 03:05;U090;P009;TipInt001;Holiday Sale;London, UK;4;4.8
I1920;11/16/2025 12:06;U026;P061;TipInt002;Spring Sale;Toronto, Canada;8;4.7
I1921;10/03/2025 02:26;U081;P021;TipInt005;Spring Sale;Paris, France;6;1.7
I1922;1/23/2026 09:47;U131;P066;TipInt006;Holiday Sale;Toronto, Canada;10;4.2
I1923;12/27/2025 17:50;U033;P018;TipInt005;Black Friday;Toronto, Canada;4;3.7
I1924;10/02/2025 09:18;U128;P001;TipInt003;Holiday Sale;New York, USA;9;1.2
I1925;11/15/2025 18:04;U122;P006;TipInt005;Black Friday;New York, USA;5;3.1
I1926;12/08/2025 19:48;U128;P061;TipInt005;Spring Sale;Paris, France;2;3.8
I1927;11/19/2025 19:52;U015;P091;TipInt005;Cyber Monday;Berlin, Germany;9;4
I1928;11/09/2025 06:16;U087;P036;TipInt003;Black Friday;Toronto, Canada;8;2.7
I1929;11/01/2025 05:14;U095;P085;TipInt005;Spring Sale;Berlin, Germany;6;2.3
I1930;11/11/2025 18:00;U043;P006;TipInt005;Holiday Sale;Toronto, Canada;-;2.1
I1931;10/02/2025 16:19;U113;P053;TipInt001;Cyber Monday;Sydney, Australia;-;1.1
I1932;10/20/2025 05:12;U071;P077;TipInt002;Regular Day;New York, USA;-;1.7
I1933;10/14/2025 08:13;U092;P027;TipInt001;Spring Sale;Berlin, Germany;4;4.8
I1934;10/10/2025 11:06;U037;P027;TipInt003;Black Friday;Berlin, Germany;9;2.4
I1935;10/27/2025 16:00;U115;P071;TipInt003;Holiday Sale;London, UK;10;1.8
I1936;12/06/2025 10:56;U070;P040;TipInt004;Cyber Monday;New York, USA;5;2.5
I1937;1/14/2026 21:13;U105;P019;TipInt003;Holiday Sale;London, UK;5;4
I1938;10/05/2025 00:15;U093;P051;TipInt005;Black Friday;New York, USA;1;1.4
I1939;11/05/2025 00:39;U083;P077;TipInt005;Black Friday;New York, USA;7;4.1
I1940;1/31/2026 16:50;U117;P025;TipInt003;Black Friday;Toronto, Canada;5;3.6
I1941;11/22/2025 15:31;U054;P007;TipInt006;Cyber Monday;Toronto, Canada;4;1.4
I1942;10/04/2025 02:25;U123;P024;TipInt004;Regular Day;Berlin, Germany;1;4.8
I1943;10/11/2025 23:13;U059;P069;TipInt001;Black Friday;Paris, France;8;1.4
I1944;10/05/2025 00:42;U104;P024;TipInt002;Black Friday;Paris, France;8;1.8
I1945;10/13/2025 16:30;U092;P063;TipInt004;Black Friday;New York, USA;4;4.8
I1946;12/01/2025 08:42;U037;P028;TipInt004;Regular Day;Sydney, Australia;1;3.4
I1947;10/18/2025 04:07;U083;P099;TipInt003;Spring Sale;New York, USA;6;2.6
I1948;11/26/2025 15:05;U045;P010;TipInt005;Holiday Sale;Paris, France;5;1.4
I1949;9/29/2025 16:42;U100;P064;TipInt002;Holiday Sale;Sydney, Australia;-;4.3
I1950;12/24/2025 22:54;U136;P055;TipInt003;Cyber Monday;Paris, France;9;1.9
I1951;12/11/2025 07:47;U139;P066;TipInt004;Cyber Monday;New York, USA;7;1.6
I1952;12/26/2025 02:47;U141;P044;TipInt001;Holiday Sale;New York, USA;6;1.5
I1953;11/15/2025 02:12;U082;P098;TipInt003;Black Friday;Berlin, Germany;6;1.4
I1954;12/16/2025 10:49;U149;P006;TipInt006;Holiday Sale;Sydney, Australia;1;2.6
I1955;12/27/2025 13:35;U081;P066;TipInt001;Spring Sale;Toronto, Canada;3;1.7
I1956;10/03/2025 23:47;U117;P060;TipInt001;Black Friday;London, UK;5;4.7
I1957;1/24/2026 22:37;U122;P015;TipInt006;Spring Sale;Toronto, Canada;-;3.7
I1958;10/03/2025 16:06;U096;P091;TipInt004;Holiday Sale;Sydney, Australia;5;1.1
I1959;1/02/2026 22:36;U017;P029;TipInt004;Black Friday;Berlin, Germany;4;3.5
I1960;10/09/2025 08:01;U098;P003;TipInt005;Black Friday;Berlin, Germany;6;3.4
I1961;1/09/2026 13:25;U124;P001;TipInt006;Holiday Sale;New York, USA;10;2.9
I1962;1/03/2026 14:05;U046;P038;TipInt005;Regular Day;Paris, France;6;1.3
I1963;1/11/2026 18:42;U104;P058;TipInt003;Spring Sale;New York, USA;2;4.5
I1964;12/22/2025 07:15;U140;P075;TipInt006;Spring Sale;Toronto, Canada;-;2.6
I1965;1/26/2026 22:03;U011;P019;TipInt006;Spring Sale;London, UK;2;4.3
I1966;12/28/2025 17:57;U063;P050;TipInt001;Cyber Monday;London, UK;9;1.5
I1967;12/05/2025 08:38;U097;P001;TipInt006;Regular Day;London, UK;2;2.1
I1968;11/04/2025 13:53;U039;P016;TipInt002;Spring Sale;London, UK;3;2.2
I1969;1/25/2026 17:51;U021;P006;TipInt003;Spring Sale;Sydney, Australia;3;4.2
I1970;11/24/2025 12:05;U143;P061;TipInt004;Holiday Sale;Berlin, Germany;6;3
I1971;1/05/2026 06:34;U004;P032;TipInt002;Black Friday;Berlin, Germany;10;2.8
I1972;11/22/2025 06:24;U114;P046;TipInt003;Black Friday;Berlin, Germany;9;4.5
I1973;11/25/2025 02:06;U130;P060;TipInt006;Black Friday;Toronto, Canada;5;4.5
I1974;1/07/2026 15:57;U088;P055;TipInt004;Cyber Monday;London, UK;4;3.6
I1975;1/27/2026 10:59;U113;P063;TipInt006;Cyber Monday;Berlin, Germany;9;3.4
I1976;1/27/2026 13:28;U002;P008;TipInt006;Holiday Sale;New York, USA;8;2.1
I1977;12/19/2025 05:10;U010;P059;TipInt006;Black Friday;Toronto, Canada;3;2.4
I1978;12/01/2025 11:02;U080;P044;TipInt002;Spring Sale;New York, USA;2;4.3
I1979;12/16/2025 17:12;U048;P093;TipInt006;Spring Sale;Toronto, Canada;10;4
I1980;10/17/2025 13:29;U099;P049;TipInt001;Black Friday;Paris, France;6;1.9
I1981;10/14/2025 06:16;U043;P024;TipInt001;Holiday Sale;Toronto, Canada;3;4.1
I1982;9/29/2025 14:35;U089;P059;TipInt006;Regular Day;Paris, France;6;3.7
I1983;11/01/2025 01:03;U069;P056;TipInt001;Holiday Sale;Berlin, Germany;10;2.3
I1984;1/07/2026 14:10;U038;P007;TipInt006;Regular Day;Sydney, Australia;5;2
I1985;11/24/2025 00:09;U010;P007;TipInt001;Black Friday;Paris, France;2;3.1
I1986;10/25/2025 15:49;U037;P062;TipInt004;Holiday Sale;New York, USA;10;4.4
I1987;11/22/2025 22:50;U145;P029;TipInt005;Spring Sale;London, UK;7;4.6
I1988;12/21/2025 18:50;U059;P005;TipInt003;Black Friday;New York, USA;6;3.3
I1989;11/06/2025 15:36;U046;P038;TipInt002;Spring Sale;New York, USA;5;3.1
I1990;11/28/2025 05:21;U116;P016;TipInt001;Holiday Sale;New York, USA;5;3.9
I1991;11/11/2025 05:03;U144;P034;TipInt006;Holiday Sale;Paris, France;5;4.4
I1992;10/23/2025 06:05;U019;P043;TipInt004;Holiday Sale;Sydney, Australia;5;4
I1993;12/15/2025 10:55;U147;P056;TipInt004;Cyber Monday;New York, USA;10;3.7
I1994;12/12/2025 17:54;U009;P024;TipInt003;Cyber Monday;Sydney, Australia;1;2.9
I1995;10/15/2025 07:11;U141;P032;TipInt001;Regular Day;Berlin, Germany;7;3.1
I1996;1/23/2026 09:56;U074;P054;TipInt002;Cyber Monday;Paris, France;5;4.7
I1997;11/08/2025 23:17;U046;P014;TipInt005;Spring Sale;New York, USA;7;2.6
I1998;1/23/2026 23:09;U076;P086;TipInt002;Spring Sale;New York, USA;9;1.1
I1999;1/18/2026 07:07;U097;P067;TipInt001;Regular Day;Sydney, Australia;9;2.9
I2000;10/12/2025 11:46;U007;P031;TipInt005;Cyber Monday;London, UK;3;3.8
I2001;10/14/2025 06:43;U075;P008;TipInt005;Black Friday;Paris, France;3;1
I2002;11/16/2025 18:52;U125;P084;TipInt004;Spring Sale;London, UK;1;1.2
I2003;12/21/2025 17:25;U038;P058;TipInt001;Holiday Sale;Paris, France;3;3.9
I2004;12/02/2025 06:51;U114;P030;TipInt001;Cyber Monday;Sydney, Australia;3;4.1
I2005;12/23/2025 11:36;U111;P036;TipInt006;Holiday Sale;Toronto, Canada;-;3.2
I2006;10/31/2025 09:27;U116;P052;TipInt006;Black Friday;London, UK;-;3.3
I2007;11/11/2025 06:15;U025;P049;TipInt002;Spring Sale;Paris, France;8;3.6
I2008;11/17/2025 22:56;U128;P071;TipInt001;Regular Day;London, UK;-;3.5
I2009;10/28/2025 03:33;U034;P019;TipInt001;Spring Sale;Berlin, Germany;5;4.7
I2010;10/21/2025 13:20;U133;P090;TipInt002;Spring Sale;Berlin, Germany;1;3.1
I2011;1/24/2026 23:40;U089;P036;TipInt003;Black Friday;New York, USA;7;3.9
I2012;11/21/2025 03:19;U104;P029;TipInt002;Regular Day;Paris, France;5;1.1
I2013;12/29/2025 03:21;U003;P020;TipInt003;Spring Sale;Paris, France;10;1.4
I2014;11/12/2025 08:50;U039;P016;TipInt006;Black Friday;Sydney, Australia;9;4.1
I2015;1/07/2026 03:11;U094;P079;TipInt003;Spring Sale;Paris, France;10;1.8
I2016;10/03/2025 04:04;U021;P085;TipInt003;Regular Day;Sydney, Australia;4;2.7
I2017;12/21/2025 01:32;U119;P072;TipInt006;Regular Day;Sydney, Australia;1;1.7
I2018;1/17/2026 01:39;U035;P026;TipInt002;Spring Sale;London, UK;2;1.5
I2019;1/03/2026 10:40;U016;P006;TipInt005;Cyber Monday;New York, USA;5;4
I2020;12/17/2025 18:36;U038;P061;TipInt001;Holiday Sale;Berlin, Germany;4;3.8
I2021;9/29/2025 15:23;U144;P026;TipInt004;Cyber Monday;New York, USA;5;1
I2022;12/21/2025 14:23;U057;P010;TipInt003;Spring Sale;Toronto, Canada;5;4.5
I2023;10/27/2025 00:01;U137;P040;TipInt001;Holiday Sale;Paris, France;5;3.4
I2024;1/05/2026 18:18;U094;P040;TipInt003;Black Friday;London, UK;9;4
I2025;11/29/2025 13:54;U082;P051;TipInt001;Black Friday;Berlin, Germany;3;3.3
I2026;12/11/2025 23:41;U015;P048;TipInt003;Black Friday;Berlin, Germany;7;2.6
I2027;1/30/2026 02:03;U115;P072;TipInt006;Cyber Monday;Sydney, Australia;4;3.8
I2028;1/08/2026 01:26;U149;P098;TipInt006;Cyber Monday;New York, USA;2;3.9
I2029;11/16/2025 17:23;U057;P075;TipInt006;Cyber Monday;Toronto, Canada;1;4.6
I2030;12/04/2025 10:39;U057;P023;TipInt003;Black Friday;Paris, France;6;2.8
I2031;1/05/2026 10:37;U060;P076;TipInt005;Cyber Monday;Berlin, Germany;3;3.2
I2032;11/10/2025 10:06;U007;P046;TipInt002;Regular Day;London, UK;7;3.5
I2033;12/13/2025 16:02;U138;P011;TipInt002;Regular Day;Berlin, Germany;9;4.8
I2034;10/01/2025 12:22;U098;P016;TipInt003;Holiday Sale;Sydney, Australia;4;2.4
I2035;1/04/2026 04:16;U126;P070;TipInt006;Cyber Monday;Berlin, Germany;7;1.8
I2036;1/04/2026 19:45;U051;P059;TipInt002;Black Friday;London, UK;8;2
I2037;10/26/2025 18:02;U003;P090;TipInt005;Cyber Monday;Sydney, Australia;-;4.1
I2038;11/15/2025 11:59;U011;P056;TipInt005;Regular Day;New York, USA;5;3.9
I2039;10/20/2025 15:27;U107;P024;TipInt002;Spring Sale;Sydney, Australia;5;1.8
I2040;9/29/2025 15:39;U083;P030;TipInt001;Spring Sale;Berlin, Germany;1;2.8
I2041;1/09/2026 18:03;U012;P028;TipInt004;Black Friday;Toronto, Canada;5;3.4
I2042;1/07/2026 10:22;U068;P073;TipInt003;Spring Sale;Sydney, Australia;2;2.6
I2043;1/25/2026 10:15;U018;P078;TipInt002;Cyber Monday;Paris, France;3;4.9
I2044;12/29/2025 14:07;U031;P030;TipInt003;Regular Day;Sydney, Australia;3;1.2
I2045;1/29/2026 16:02;U089;P043;TipInt005;Holiday Sale;Paris, France;4;1
I2046;12/09/2025 01:47;U050;P058;TipInt006;Cyber Monday;Berlin, Germany;9;4.3
I2047;10/19/2025 09:09;U119;P013;TipInt004;Spring Sale;Toronto, Canada;7;2.1
I2048;12/16/2025 13:30;U025;P077;TipInt002;Regular Day;Paris, France;5;1.5
I2049;11/20/2025 06:54;U117;P018;TipInt005;Regular Day;Paris, France;10;3.2
I2050;10/06/2025 17:02;U134;P025;TipInt002;Holiday Sale;Paris, France;1;3.3
I2051;12/03/2025 14:39;U077;P001;TipInt004;Spring Sale;Berlin, Germany;4;3.5
I2052;1/10/2026 17:59;U004;P089;TipInt001;Cyber Monday;New York, USA;4;1.3
I2053;10/23/2025 08:36;U108;P072;TipInt005;Holiday Sale;New York, USA;1;1.1
I2054;1/27/2026 23:10;U090;P010;TipInt001;Spring Sale;London, UK;2;3.7
I2055;10/09/2025 21:36;U066;P066;TipInt005;Holiday Sale;Berlin, Germany;4;1
I2056;11/09/2025 04:14;U107;P096;TipInt002;Cyber Monday;Paris, France;4;1.8
I2057;11/11/2025 10:12;U033;P079;TipInt002;Spring Sale;Paris, France;5;4.6
I2058;10/25/2025 17:40;U027;P017;TipInt001;Spring Sale;London, UK;2;1.1
I2059;1/20/2026 22:27;U045;P094;TipInt004;Regular Day;New York, USA;8;2.6
I2060;12/11/2025 11:47;U086;P002;TipInt006;Black Friday;Sydney, Australia;5;1.8
I2061;10/09/2025 07:29;U139;P092;TipInt001;Black Friday;New York, USA;-;1.5
I2062;11/30/2025 10:28;U133;P013;TipInt003;Cyber Monday;London, UK;3;4.7
I2063;11/19/2025 03:09;U023;P010;TipInt002;Spring Sale;Paris, France;2;4.2
I2064;10/25/2025 18:34;U009;P039;TipInt001;Holiday Sale;London, UK;2;2.5
I2065;11/24/2025 10:04;U036;P069;TipInt004;Cyber Monday;Sydney, Australia;3;4.6
I2066;11/10/2025 21:07;U028;P004;TipInt001;Black Friday;New York, USA;6;3
I2067;1/16/2026 09:44;U146;P014;TipInt004;Holiday Sale;Paris, France;9;1.2
I2068;12/25/2025 18:09;U019;P001;TipInt004;Regular Day;London, UK;1;1.9
I2069;10/30/2025 19:40;U105;P029;TipInt001;Cyber Monday;London, UK;5;3.2
I2070;10/13/2025 08:40;U070;P027;TipInt005;Cyber Monday;Sydney, Australia;-;1.2
I2071;12/19/2025 08:16;U008;P038;TipInt006;Cyber Monday;New York, USA;4;4.9
I2072;1/19/2026 19:32;U030;P088;TipInt004;Spring Sale;London, UK;4;4.9
I2073;11/12/2025 05:11;U113;P016;TipInt001;Regular Day;Sydney, Australia;2;2.4
I2074;12/08/2025 06:02;U066;P069;TipInt001;Holiday Sale;Berlin, Germany;8;3.9
I2075;11/20/2025 13:01;U051;P022;TipInt001;Black Friday;New York, USA;4;4.8
I2076;10/21/2025 15:50;U002;P085;TipInt002;Cyber Monday;Sydney, Australia;7;1.7
I2077;1/01/2026 06:01;U122;P066;TipInt006;Black Friday;Toronto, Canada;10;1.8
I2078;11/10/2025 18:50;U115;P033;TipInt004;Spring Sale;Toronto, Canada;10;4.2
I2079;11/25/2025 16:38;U133;P051;TipInt004;Cyber Monday;London, UK;6;2.1
I2080;10/11/2025 19:30;U065;P066;TipInt001;Black Friday;New York, USA;2;3.9
I2081;12/16/2025 16:36;U039;P092;TipInt002;Regular Day;Berlin, Germany;10;2.1
I2082;1/05/2026 14:47;U045;P091;TipInt005;Cyber Monday;Sydney, Australia;7;3.8
I2083;1/06/2026 09:15;U101;P031;TipInt003;Holiday Sale;Berlin, Germany;1;2.9
I2084;10/15/2025 15:34;U063;P034;TipInt006;Regular Day;Sydney, Australia;1;2.8
I2085;11/10/2025 14:16;U054;P079;TipInt003;Regular Day;Toronto, Canada;3;1.4
I2086;12/18/2025 08:10;U112;P049;TipInt001;Holiday Sale;Toronto, Canada;9;1.6
I2087;11/09/2025 08:26;U025;P053;TipInt003;Spring Sale;London, UK;1;2.3
I2088;11/17/2025 22:16;U067;P034;TipInt001;Black Friday;Toronto, Canada;5;1.9
I2089;11/09/2025 00:31;U067;P011;TipInt006;Holiday Sale;New York, USA;10;5
I2090;1/23/2026 16:37;U042;P015;TipInt006;Spring Sale;London, UK;4;2.4
I2091;10/29/2025 19:25;U034;P088;TipInt002;Cyber Monday;Toronto, Canada;-;4.5
I2092;1/11/2026 12:25;U074;P089;TipInt002;Cyber Monday;Paris, France;5;4
I2093;1/27/2026 09:53;U044;P062;TipInt004;Regular Day;Sydney, Australia;5;4.1
I2094;1/16/2026 20:23;U147;P093;TipInt002;Regular Day;Sydney, Australia;8;3.2
I2095;1/20/2026 10:58;U128;P089;TipInt006;Spring Sale;Toronto, Canada;8;3.4
I2096;1/28/2026 23:46;U079;P071;TipInt006;Black Friday;Berlin, Germany;1;3.7
I2097;12/24/2025 20:12;U041;P009;TipInt005;Cyber Monday;Toronto, Canada;9;5
I2098;1/20/2026 16:01;U120;P066;TipInt005;Black Friday;Toronto, Canada;5;1.3
I2099;11/05/2025 10:23;U149;P092;TipInt001;Regular Day;Sydney, Australia;8;1.4
I2100;10/24/2025 17:32;U027;P070;TipInt004;Holiday Sale;Toronto, Canada;3;1.8
I2101;1/12/2026 03:10;U148;P023;TipInt004;Regular Day;London, UK;8;1.6
I2102;10/02/2025 16:34;U133;P080;TipInt004;Cyber Monday;Sydney, Australia;8;3.9
I2103;12/30/2025 02:37;U132;P048;TipInt004;Black Friday;New York, USA;6;3.8
I2104;10/27/2025 05:54;U109;P018;TipInt006;Spring Sale;London, UK;1;3.7
I2105;1/05/2026 06:35;U065;P027;TipInt002;Black Friday;Paris, France;5;4.8
I2106;10/07/2025 11:06;U042;P068;TipInt005;Cyber Monday;London, UK;3;2.9
I2107;1/23/2026 07:24;U016;P094;TipInt004;Regular Day;Sydney, Australia;5;4.9
I2108;10/01/2025 05:06;U083;P090;TipInt001;Spring Sale;London, UK;3;4.9
I2109;1/03/2026 10:52;U131;P091;TipInt006;Black Friday;New York, USA;6;2
I2110;1/08/2026 01:04;U123;P008;TipInt002;Cyber Monday;Sydney, Australia;10;3.6
I2111;12/16/2025 12:16;U063;P009;TipInt002;Regular Day;Paris, France;8;4.8
I2112;11/19/2025 01:28;U112;P059;TipInt002;Regular Day;London, UK;7;3.4
I2113;12/07/2025 20:06;U139;P098;TipInt003;Spring Sale;Paris, France;2;1.7
I2114;10/30/2025 04:19;U061;P073;TipInt001;Regular Day;Toronto, Canada;-;1.4
I2115;1/24/2026 07:51;U005;P076;TipInt006;Cyber Monday;Paris, France;5;4.3
I2116;12/18/2025 12:23;U072;P065;TipInt006;Black Friday;New York, USA;9;2.6
I2117;12/04/2025 10:47;U041;P053;TipInt006;Black Friday;New York, USA;10;3.5
I2118;12/26/2025 00:00;U032;P088;TipInt006;Black Friday;London, UK;5;3.4
I2119;10/19/2025 08:04;U024;P015;TipInt003;Black Friday;New York, USA;6;2.6
I2120;1/09/2026 23:38;U109;P076;TipInt004;Cyber Monday;Berlin, Germany;8;3.6
I2121;12/01/2025 13:41;U111;P037;TipInt004;Regular Day;Paris, France;10;4.5
I2122;1/09/2026 10:53;U022;P090;TipInt006;Cyber Monday;Toronto, Canada;8;2.3
I2123;12/13/2025 03:48;U082;P098;TipInt006;Black Friday;New York, USA;9;1.7
I2124;10/28/2025 12:15;U033;P014;TipInt004;Holiday Sale;London, UK;6;5
I2125;1/12/2026 18:45;U036;P012;TipInt003;Holiday Sale;Sydney, Australia;2;3.8
I2126;12/19/2025 01:58;U147;P042;TipInt001;Cyber Monday;Paris, France;10;1.5
I2127;11/12/2025 01:25;U140;P088;TipInt005;Spring Sale;Paris, France;6;5
I2128;10/04/2025 21:34;U124;P094;TipInt006;Holiday Sale;London, UK;1;1.4
I2129;10/13/2025 02:05;U026;P055;TipInt002;Spring Sale;London, UK;-;2.5
I2130;12/31/2025 13:52;U087;P030;TipInt002;Black Friday;New York, USA;6;1
I2131;1/04/2026 06:31;U101;P027;TipInt002;Cyber Monday;Sydney, Australia;3;1
I2132;1/15/2026 07:31;U135;P022;TipInt001;Black Friday;London, UK;6;4.3
I2133;1/22/2026 13:48;U038;P067;TipInt001;Cyber Monday;Toronto, Canada;7;2.9
I2134;10/20/2025 20:15;U010;P058;TipInt003;Regular Day;Berlin, Germany;2;2.9
I2135;12/26/2025 06:25;U078;P011;TipInt001;Holiday Sale;London, UK;10;1.2
I2136;1/03/2026 15:10;U001;P044;TipInt005;Black Friday;London, UK;4;4.6
I2137;12/01/2025 08:00;U101;P059;TipInt003;Black Friday;Sydney, Australia;5;1.8
I2138;10/19/2025 01:26;U005;P034;TipInt004;Black Friday;London, UK;4;4.8
I2139;11/16/2025 09:44;U100;P068;TipInt004;Regular Day;Sydney, Australia;7;2.7
I2140;10/06/2025 01:12;U134;P045;TipInt006;Holiday Sale;Paris, France;7;2.8
I2141;12/02/2025 17:57;U051;P086;TipInt001;Cyber Monday;Toronto, Canada;10;1.4
I2142;1/10/2026 10:57;U143;P086;TipInt003;Regular Day;London, UK;4;1.8
I2143;11/19/2025 20:37;U008;P006;TipInt003;Cyber Monday;Berlin, Germany;6;2.9
I2144;11/08/2025 01:24;U098;P067;TipInt006;Regular Day;Sydney, Australia;4;1.5
I2145;10/26/2025 12:21;U148;P037;TipInt005;Black Friday;London, UK;2;1
I2146;11/16/2025 20:38;U103;P009;TipInt003;Regular Day;Sydney, Australia;2;4.9
I2147;11/24/2025 12:36;U106;P003;TipInt006;Holiday Sale;Toronto, Canada;10;4.7
I2148;11/05/2025 21:06;U067;P083;TipInt001;Regular Day;Toronto, Canada;4;4.1
I2149;12/19/2025 23:45;U113;P014;TipInt001;Spring Sale;Sydney, Australia;3;1.4
I2150;12/19/2025 17:42;U077;P091;TipInt001;Cyber Monday;London, UK;2;1.2
I2151;12/25/2025 02:54;U030;P058;TipInt006;Regular Day;New York, USA;10;2.9
I2152;10/28/2025 20:21;U050;P027;TipInt004;Spring Sale;Toronto, Canada;1;2.1
I2153;11/05/2025 12:59;U083;P064;TipInt003;Cyber Monday;London, UK;-;2.1
I2154;11/04/2025 08:00;U002;P074;TipInt001;Regular Day;Sydney, Australia;1;1.7
I2155;12/01/2025 03:27;U117;P040;TipInt006;Regular Day;London, UK;3;1.6
I2156;11/02/2025 17:20;U116;P058;TipInt003;Black Friday;New York, USA;6;3.7
I2157;10/02/2025 22:05;U118;P069;TipInt004;Holiday Sale;Toronto, Canada;4;4.8
I2158;1/25/2026 13:13;U097;P085;TipInt004;Regular Day;Berlin, Germany;6;1
I2159;12/15/2025 10:53;U108;P055;TipInt005;Spring Sale;Berlin, Germany;8;3.7
I2160;1/03/2026 12:47;U079;P076;TipInt004;Spring Sale;Berlin, Germany;2;3
I2161;12/23/2025 11:24;U142;P093;TipInt004;Black Friday;Toronto, Canada;2;1.3
I2162;11/23/2025 20:51;U060;P014;TipInt001;Cyber Monday;Paris, France;7;3
I2163;10/10/2025 07:32;U003;P089;TipInt005;Holiday Sale;New York, USA;3;2.4
I2164;10/19/2025 09:54;U122;P003;TipInt001;Black Friday;New York, USA;6;1.2
I2165;12/09/2025 14:37;U020;P051;TipInt002;Regular Day;New York, USA;5;2
I2166;11/14/2025 07:08;U136;P011;TipInt001;Cyber Monday;Berlin, Germany;10;3.6
I2167;11/07/2025 07:37;U081;P020;TipInt001;Spring Sale;Paris, France;7;2.2
I2168;11/08/2025 17:28;U003;P079;TipInt006;Regular Day;Toronto, Canada;1;2.1
I2169;12/29/2025 15:53;U004;P025;TipInt001;Holiday Sale;New York, USA;3;3.2
I2170;12/21/2025 11:58;U040;P099;TipInt003;Holiday Sale;Berlin, Germany;3;2.5
I2171;11/01/2025 09:47;U142;P067;TipInt003;Black Friday;Toronto, Canada;6;3.9
I2172;10/06/2025 15:41;U107;P001;TipInt006;Black Friday;New York, USA;4;2.3
I2173;10/03/2025 10:42;U133;P057;TipInt002;Regular Day;Toronto, Canada;-;4.1
I2174;12/22/2025 20:13;U003;P082;TipInt003;Cyber Monday;New York, USA;10;3
I2175;11/07/2025 16:03;U046;P075;TipInt004;Holiday Sale;Toronto, Canada;3;1.5
I2176;12/04/2025 22:40;U038;P026;TipInt001;Holiday Sale;Toronto, Canada;6;3.7
I2177;12/05/2025 10:43;U018;P055;TipInt001;Black Friday;Paris, France;5;3.1
I2178;1/17/2026 20:34;U099;P015;TipInt004;Regular Day;Sydney, Australia;8;4.3
I2179;12/12/2025 18:06;U147;P083;TipInt004;Black Friday;Paris, France;5;3.5
I2180;9/29/2025 10:07;U029;P087;TipInt002;Black Friday;Sydney, Australia;6;2.7
I2181;1/26/2026 08:12;U069;P085;TipInt001;Black Friday;Berlin, Germany;8;4
I2182;12/31/2025 17:45;U063;P013;TipInt004;Holiday Sale;New York, USA;6;1.2
I2183;10/21/2025 09:07;U074;P042;TipInt003;Holiday Sale;New York, USA;7;2.4
I2184;11/22/2025 08:29;U014;P044;TipInt004;Black Friday;Paris, France;8;3.6
I2185;1/02/2026 00:02;U130;P063;TipInt006;Black Friday;Toronto, Canada;-;2.6
I2186;11/02/2025 16:41;U048;P043;TipInt006;Spring Sale;Berlin, Germany;7;3.5
I2187;12/29/2025 20:38;U002;P026;TipInt002;Holiday Sale;Sydney, Australia;8;4
I2188;10/15/2025 19:41;U127;P097;TipInt002;Regular Day;Toronto, Canada;2;3.2
I2189;10/27/2025 10:17;U084;P035;TipInt004;Spring Sale;London, UK;4;4.8
I2190;12/04/2025 01:46;U106;P008;TipInt006;Cyber Monday;New York, USA;8;3.8
I2191;1/20/2026 11:42;U025;P073;TipInt003;Cyber Monday;Paris, France;7;2.2
I2192;1/31/2026 03:10;U096;P087;TipInt002;Spring Sale;Berlin, Germany;1;1.4
I2193;1/30/2026 10:36;U084;P054;TipInt005;Black Friday;Berlin, Germany;1;3.7
I2194;11/17/2025 06:41;U116;P030;TipInt004;Black Friday;Berlin, Germany;10;2.8
I2195;1/15/2026 01:25;U011;P061;TipInt003;Cyber Monday;Toronto, Canada;5;4
I2196;10/24/2025 10:29;U075;P049;TipInt003;Holiday Sale;Toronto, Canada;2;2.6
I2197;1/13/2026 18:38;U079;P068;TipInt006;Cyber Monday;London, UK;7;1.8
I2198;10/26/2025 22:49;U076;P013;TipInt005;Cyber Monday;New York, USA;6;4.6
I2199;12/27/2025 03:39;U058;P053;TipInt002;Black Friday;London, UK;-;2.6
I2200;10/11/2025 16:12;U037;P036;TipInt004;Cyber Monday;Sydney, Australia;7;3.5
I2201;10/28/2025 08:05;U042;P078;TipInt006;Cyber Monday;Berlin, Germany;7;3.7
I2202;11/11/2025 00:58;U145;P056;TipInt006;Holiday Sale;Sydney, Australia;9;4.5
I2203;11/02/2025 13:02;U005;P062;TipInt003;Holiday Sale;London, UK;4;3.8
I2204;11/30/2025 07:13;U070;P020;TipInt006;Spring Sale;New York, USA;1;1.9
I2205;12/06/2025 17:28;U045;P016;TipInt001;Black Friday;Toronto, Canada;2;2.9
I2206;1/23/2026 13:53;U035;P035;TipInt004;Cyber Monday;New York, USA;8;2.8
I2207;10/28/2025 15:41;U030;P073;TipInt004;Black Friday;New York, USA;10;4.1
I2208;10/04/2025 22:49;U039;P094;TipInt002;Cyber Monday;Sydney, Australia;3;2.5
I2209;10/16/2025 10:53;U111;P017;TipInt002;Regular Day;Paris, France;4;1.8
I2210;1/10/2026 23:54;U030;P065;TipInt004;Spring Sale;Sydney, Australia;4;3.6
I2211;12/25/2025 21:10;U024;P070;TipInt006;Spring Sale;Berlin, Germany;6;3.9
I2212;1/08/2026 23:17;U071;P097;TipInt005;Regular Day;Sydney, Australia;5;4.2
I2213;11/08/2025 23:06;U036;P099;TipInt005;Regular Day;Toronto, Canada;3;1.4
I2214;10/02/2025 15:14;U149;P068;TipInt005;Spring Sale;New York, USA;7;4.7
I2215;11/03/2025 17:22;U038;P008;TipInt004;Spring Sale;Paris, France;4;1.9
I2216;1/24/2026 12:32;U077;P028;TipInt004;Holiday Sale;Berlin, Germany;5;2.5
I2217;10/13/2025 09:36;U055;P014;TipInt001;Holiday Sale;Berlin, Germany;4;1
I2218;1/09/2026 12:22;U021;P078;TipInt003;Holiday Sale;Sydney, Australia;4;1.7
I2219;10/22/2025 17:29;U095;P038;TipInt005;Cyber Monday;Berlin, Germany;10;4.1
I2220;12/29/2025 17:48;U063;P094;TipInt005;Black Friday;New York, USA;4;4.1
I2221;1/27/2026 05:53;U091;P007;TipInt004;Spring Sale;Paris, France;10;3.2
I2222;1/21/2026 20:57;U046;P092;TipInt004;Cyber Monday;London, UK;1;1.9
I2223;10/13/2025 18:06;U061;P097;TipInt001;Regular Day;Toronto, Canada;6;1.9
I2224;12/25/2025 01:07;U139;P050;TipInt004;Spring Sale;London, UK;9;1.9
I2225;11/15/2025 22:09;U044;P061;TipInt005;Spring Sale;Sydney, Australia;8;4.3
I2226;1/13/2026 19:49;U122;P014;TipInt001;Holiday Sale;London, UK;10;2
I2227;12/30/2025 08:27;U082;P020;TipInt005;Black Friday;New York, USA;6;1.3
I2228;11/09/2025 02:08;U009;P077;TipInt003;Holiday Sale;Berlin, Germany;9;3.9
I2229;12/24/2025 16:23;U054;P044;TipInt001;Holiday Sale;Berlin, Germany;3;1.1
I2230;10/02/2025 17:08;U077;P079;TipInt001;Holiday Sale;Paris, France;-;3.1
I2231;1/03/2026 14:30;U087;P061;TipInt003;Spring Sale;Sydney, Australia;6;5
I2232;11/13/2025 18:10;U015;P007;TipInt004;Black Friday;London, UK;7;2.6
I2233;1/12/2026 10:37;U138;P049;TipInt003;Regular Day;London, UK;-;3.1
I2234;1/19/2026 23:34;U005;P024;TipInt001;Regular Day;New York, USA;1;4.1
I2235;1/11/2026 07:06;U008;P077;TipInt001;Regular Day;London, UK;10;4.4
I2236;10/31/2025 17:17;U142;P084;TipInt006;Regular Day;Berlin, Germany;-;1.8
I2237;11/28/2025 17:19;U039;P012;TipInt001;Regular Day;Paris, France;9;4.9
I2238;11/07/2025 21:17;U107;P019;TipInt004;Spring Sale;New York, USA;6;1.6
I2239;1/26/2026 01:08;U112;P059;TipInt001;Cyber Monday;New York, USA;3;3.9
I2240;10/05/2025 02:39;U110;P043;TipInt004;Holiday Sale;Berlin, Germany;2;3.5
I2241;12/12/2025 09:38;U005;P090;TipInt003;Black Friday;London, UK;7;3.6
I2242;12/01/2025 22:27;U092;P029;TipInt004;Spring Sale;Toronto, Canada;1;4.9
I2243;1/06/2026 00:31;U136;P091;TipInt005;Holiday Sale;Paris, France;2;3.3
I2244;11/04/2025 07:30;U034;P064;TipInt004;Spring Sale;London, UK;5;4.7
I2245;10/16/2025 21:35;U121;P059;TipInt005;Cyber Monday;Toronto, Canada;8;3.9
I2246;11/12/2025 02:37;U011;P014;TipInt004;Spring Sale;Berlin, Germany;6;2.8
I2247;1/22/2026 04:45;U049;P041;TipInt001;Spring Sale;New York, USA;5;2.1
I2248;12/18/2025 17:44;U148;P061;TipInt001;Holiday Sale;Berlin, Germany;10;2.1
I2249;11/13/2025 06:29;U130;P074;TipInt006;Black Friday;Berlin, Germany;-;1.1
I2250;11/09/2025 03:08;U128;P019;TipInt002;Regular Day;Toronto, Canada;10;2.7
I2251;12/25/2025 14:11;U010;P023;TipInt006;Cyber Monday;London, UK;6;1.8
I2252;10/15/2025 06:06;U110;P028;TipInt002;Spring Sale;Paris, France;9;4.6
I2253;11/28/2025 19:36;U010;P060;TipInt003;Regular Day;Toronto, Canada;5;3.1
I2254;1/21/2026 23:48;U132;P096;TipInt006;Cyber Monday;Berlin, Germany;1;4.1
I2255;12/13/2025 11:02;U133;P021;TipInt003;Black Friday;Toronto, Canada;7;1.1
I2256;11/15/2025 03:55;U112;P008;TipInt002;Spring Sale;Berlin, Germany;10;3
I2257;12/04/2025 06:22;U062;P052;TipInt001;Black Friday;Paris, France;8;4.6
I2258;12/29/2025 11:59;U149;P059;TipInt001;Black Friday;Sydney, Australia;9;4.8
I2259;1/30/2026 09:55;U135;P020;TipInt006;Regular Day;Toronto, Canada;10;1.3
I2260;1/24/2026 14:08;U087;P068;TipInt006;Regular Day;London, UK;6;4.6
I2261;1/12/2026 08:07;U060;P034;TipInt004;Spring Sale;Berlin, Germany;6;4
I2262;12/29/2025 12:44;U135;P071;TipInt005;Black Friday;Berlin, Germany;4;4.8
I2263;11/24/2025 10:14;U080;P017;TipInt005;Regular Day;Toronto, Canada;10;4.4
I2264;1/26/2026 12:21;U105;P046;TipInt001;Holiday Sale;London, UK;-;1.1
I2265;1/30/2026 11:38;U037;P060;TipInt002;Regular Day;Paris, France;5;3.7
I2266;11/01/2025 01:42;U114;P051;TipInt006;Regular Day;Berlin, Germany;6;2.1
I2267;11/11/2025 07:41;U046;P028;TipInt001;Regular Day;Toronto, Canada;2;4.7
I2268;11/10/2025 19:18;U085;P037;TipInt001;Regular Day;Berlin, Germany;6;4.8
I2269;11/17/2025 14:58;U073;P075;TipInt003;Black Friday;New York, USA;-;3.1
I2270;10/06/2025 01:04;U006;P011;TipInt003;Holiday Sale;New York, USA;6;1
I2271;10/05/2025 04:57;U019;P078;TipInt003;Holiday Sale;Sydney, Australia;4;2.3
I2272;11/15/2025 14:14;U027;P067;TipInt004;Black Friday;London, UK;10;3.2
I2273;10/13/2025 16:02;U002;P013;TipInt006;Black Friday;Paris, France;10;3.5
I2274;10/09/2025 11:36;U118;P075;TipInt005;Black Friday;Berlin, Germany;-;4.8
I2275;10/14/2025 22:18;U035;P031;TipInt003;Cyber Monday;Sydney, Australia;2;2.9
I2276;12/06/2025 03:21;U057;P036;TipInt003;Regular Day;New York, USA;1;3.9
I2277;12/25/2025 15:49;U131;P011;TipInt006;Holiday Sale;Toronto, Canada;-;1.1
I2278;10/15/2025 09:26;U009;P024;TipInt003;Holiday Sale;New York, USA;3;3.6
I2279;1/19/2026 23:09;U039;P002;TipInt004;Regular Day;Berlin, Germany;9;3.8
I2280;1/10/2026 01:28;U109;P088;TipInt005;Regular Day;Sydney, Australia;2;3.7
I2281;11/18/2025 04:42;U146;P088;TipInt002;Black Friday;London, UK;-;1.8
I2282;10/16/2025 22:41;U095;P082;TipInt002;Black Friday;Toronto, Canada;10;1.3
I2283;12/13/2025 22:09;U031;P078;TipInt001;Black Friday;Berlin, Germany;1;3.7
I2284;1/25/2026 16:03;U069;P088;TipInt006;Spring Sale;Paris, France;6;2.4
I2285;11/11/2025 10:37;U060;P024;TipInt002;Black Friday;London, UK;2;1.7
I2286;12/15/2025 00:01;U015;P003;TipInt002;Spring Sale;Toronto, Canada;6;2.5
I2287;1/18/2026 16:21;U029;P046;TipInt002;Spring Sale;London, UK;1;1.1
I2288;10/29/2025 14:39;U067;P039;TipInt004;Regular Day;London, UK;8;2.7
I2289;12/27/2025 01:27;U119;P086;TipInt003;Black Friday;New York, USA;10;3.2
I2290;12/25/2025 12:45;U105;P089;TipInt003;Cyber Monday;Berlin, Germany;4;3.2
I2291;11/03/2025 16:32;U058;P030;TipInt004;Holiday Sale;Toronto, Canada;4;2.7
I2292;1/16/2026 20:01;U137;P014;TipInt006;Holiday Sale;London, UK;10;2.2
I2293;1/23/2026 09:47;U005;P073;TipInt001;Cyber Monday;Toronto, Canada;4;4.7
I2294;11/26/2025 06:49;U070;P079;TipInt002;Cyber Monday;Berlin, Germany;10;5
I2295;10/17/2025 06:47;U101;P068;TipInt003;Spring Sale;Berlin, Germany;6;3.4
I2296;11/07/2025 14:28;U049;P051;TipInt005;Holiday Sale;New York, USA;3;4.2
I2297;12/11/2025 05:53;U096;P004;TipInt006;Black Friday;London, UK;5;3.3
I2298;12/12/2025 18:05;U043;P009;TipInt001;Black Friday;London, UK;1;1.5
I2299;12/18/2025 07:41;U072;P082;TipInt002;Cyber Monday;New York, USA;10;1.5
I2300;11/05/2025 11:10;U030;P077;TipInt003;Black Friday;Toronto, Canada;7;4.5
I2301;11/09/2025 07:42;U015;P028;TipInt005;Holiday Sale;Paris, France;10;2.6
I2302;1/22/2026 23:19;U068;P031;TipInt003;Holiday Sale;New York, USA;10;1.2
I2303;12/12/2025 20:14;U095;P006;TipInt002;Black Friday;Toronto, Canada;1;1.2
I2304;12/25/2025 18:07;U041;P077;TipInt003;Spring Sale;Toronto, Canada;-;3.7
I2305;1/25/2026 18:13;U138;P047;TipInt003;Holiday Sale;Berlin, Germany;9;2.5
I2306;12/02/2025 03:19;U078;P097;TipInt003;Black Friday;Paris, France;9;3.1
I2307;1/03/2026 10:10;U023;P066;TipInt006;Black Friday;Toronto, Canada;7;1.8
I2308;1/08/2026 14:07;U047;P083;TipInt005;Black Friday;London, UK;9;1.9
I2309;10/20/2025 06:16;U091;P087;TipInt001;Spring Sale;Berlin, Germany;3;3.1
I2310;11/20/2025 04:06;U047;P028;TipInt001;Cyber Monday;Toronto, Canada;1;3.3
I2311;1/06/2026 11:19;U002;P089;TipInt001;Black Friday;London, UK;3;1.2
I2312;1/07/2026 12:54;U049;P012;TipInt002;Spring Sale;Berlin, Germany;7;4.4
I2313;11/14/2025 22:30;U118;P075;TipInt005;Holiday Sale;New York, USA;6;2.9
I2314;12/03/2025 14:36;U070;P066;TipInt001;Regular Day;Berlin, Germany;4;3.1
I2315;12/18/2025 12:28;U063;P017;TipInt002;Spring Sale;Paris, France;8;2.2
I2316;12/21/2025 02:15;U055;P005;TipInt003;Black Friday;Sydney, Australia;2;2.9
I2317;1/15/2026 04:01;U040;P060;TipInt002;Black Friday;Toronto, Canada;2;3.2
I2318;1/24/2026 21:28;U102;P096;TipInt003;Black Friday;London, UK;8;2.7
I2319;11/26/2025 04:08;U027;P001;TipInt001;Regular Day;New York, USA;6;3.7
I2320;11/04/2025 23:34;U019;P060;TipInt006;Black Friday;London, UK;4;1.2
I2321;12/27/2025 12:27;U049;P088;TipInt001;Regular Day;New York, USA;7;3.8
I2322;10/02/2025 02:08;U057;P077;TipInt005;Holiday Sale;Toronto, Canada;10;2.2
I2323;10/11/2025 18:01;U122;P096;TipInt005;Holiday Sale;New York, USA;4;3.1
I2324;11/14/2025 16:53;U001;P044;TipInt004;Regular Day;Paris, France;6;2.4
I2325;10/13/2025 15:04;U003;P035;TipInt006;Regular Day;Paris, France;10;2.4
I2326;12/24/2025 13:56;U024;P087;TipInt005;Spring Sale;London, UK;8;1.1
I2327;11/08/2025 15:04;U084;P078;TipInt004;Cyber Monday;London, UK;4;1
I2328;1/19/2026 20:01;U043;P029;TipInt005;Spring Sale;London, UK;-;1.7
I2329;1/27/2026 13:55;U005;P034;TipInt005;Spring Sale;New York, USA;7;1.3
I2330;1/12/2026 22:11;U001;P037;TipInt003;Black Friday;Berlin, Germany;2;3.1
I2331;10/30/2025 05:12;U038;P016;TipInt006;Holiday Sale;London, UK;2;3.5
I2332;11/29/2025 23:18;U021;P023;TipInt002;Black Friday;New York, USA;5;4.2
I2333;1/09/2026 05:07;U011;P086;TipInt003;Holiday Sale;Paris, France;-;4.4
I2334;1/30/2026 00:55;U067;P028;TipInt004;Holiday Sale;Toronto, Canada;5;4.5
I2335;11/24/2025 05:48;U077;P091;TipInt001;Black Friday;Paris, France;5;1
I2336;12/25/2025 23:41;U021;P041;TipInt002;Spring Sale;Paris, France;9;3.9
I2337;1/30/2026 09:52;U010;P075;TipInt003;Regular Day;New York, USA;8;2.7
I2338;11/08/2025 02:33;U119;P040;TipInt001;Cyber Monday;London, UK;10;4.3
I2339;1/09/2026 20:55;U066;P069;TipInt004;Spring Sale;Toronto, Canada;2;1.1
I2340;12/08/2025 13:33;U102;P078;TipInt002;Spring Sale;London, UK;5;3.3
I2341;12/06/2025 13:50;U126;P075;TipInt005;Black Friday;Sydney, Australia;9;4.3
I2342;1/20/2026 08:24;U084;P067;TipInt004;Holiday Sale;New York, USA;6;1.6
I2343;1/02/2026 04:58;U031;P019;TipInt004;Regular Day;Berlin, Germany;8;1.4
I2344;10/03/2025 05:42;U087;P030;TipInt006;Black Friday;London, UK;3;1.8
I2345;12/09/2025 20:54;U065;P085;TipInt003;Black Friday;Paris, France;10;2.1
I2346;11/22/2025 01:53;U002;P068;TipInt002;Holiday Sale;Sydney, Australia;9;3.6
I2347;10/26/2025 04:02;U066;P039;TipInt001;Regular Day;Sydney, Australia;-;2.4
I2348;1/02/2026 05:24;U061;P037;TipInt002;Regular Day;New York, USA;8;2.5
I2349;11/13/2025 18:26;U051;P002;TipInt005;Holiday Sale;London, UK;10;4.9
I2350;1/03/2026 08:20;U052;P063;TipInt004;Regular Day;Berlin, Germany;7;1.4
I2351;11/27/2025 15:31;U084;P037;TipInt003;Regular Day;London, UK;2;1.8
I2352;10/14/2025 22:06;U129;P027;TipInt006;Regular Day;London, UK;4;4.4
I2353;1/22/2026 13:22;U092;P062;TipInt001;Black Friday;Toronto, Canada;3;4.2
I2354;11/26/2025 00:47;U006;P012;TipInt001;Cyber Monday;Sydney, Australia;4;4
I2355;11/23/2025 11:46;U134;P085;TipInt003;Regular Day;London, UK;6;2.8
I2356;12/28/2025 17:52;U018;P021;TipInt004;Holiday Sale;New York, USA;2;2.9
I2357;1/02/2026 18:44;U087;P047;TipInt004;Cyber Monday;Toronto, Canada;6;3.8
I2358;1/24/2026 03:21;U127;P061;TipInt001;Black Friday;Paris, France;2;2.7
I2359;1/31/2026 09:46;U120;P004;TipInt002;Spring Sale;Berlin, Germany;8;2.9
I2360;12/21/2025 05:50;U134;P094;TipInt001;Cyber Monday;Toronto, Canada;2;2.3
I2361;10/15/2025 11:14;U130;P061;TipInt001;Holiday Sale;Sydney, Australia;1;3.3
I2362;11/27/2025 20:02;U072;P070;TipInt002;Regular Day;London, UK;3;3.9
I2363;12/07/2025 16:52;U132;P095;TipInt004;Cyber Monday;Paris, France;1;1.3
I2364;11/12/2025 06:10;U021;P088;TipInt006;Regular Day;Toronto, Canada;10;4.6
I2365;12/07/2025 15:41;U084;P054;TipInt001;Holiday Sale;London, UK;5;4.3
I2366;12/21/2025 08:37;U074;P008;TipInt004;Spring Sale;Berlin, Germany;10;2.4
I2367;10/27/2025 08:42;U020;P044;TipInt002;Regular Day;Paris, France;3;4.7
I2368;12/20/2025 20:16;U081;P021;TipInt001;Black Friday;Berlin, Germany;1;3.6
I2369;12/07/2025 08:54;U071;P082;TipInt005;Regular Day;London, UK;7;3.9
I2370;12/29/2025 07:06;U100;P083;TipInt005;Cyber Monday;Berlin, Germany;6;4.9
I2371;10/10/2025 18:12;U005;P051;TipInt006;Regular Day;Toronto, Canada;2;4.2
I2372;10/08/2025 03:10;U074;P038;TipInt001;Spring Sale;Toronto, Canada;3;3.5
I2373;11/15/2025 00:44;U072;P082;TipInt006;Regular Day;New York, USA;8;5
I2374;12/21/2025 04:56;U063;P001;TipInt001;Black Friday;Sydney, Australia;9;4.4
I2375;11/12/2025 14:51;U002;P032;TipInt004;Black Friday;Sydney, Australia;10;4.9
I2376;12/29/2025 17:17;U017;P073;TipInt005;Spring Sale;London, UK;6;2.2
I2377;10/27/2025 14:21;U102;P043;TipInt003;Spring Sale;Berlin, Germany;1;1
I2378;12/05/2025 21:33;U071;P060;TipInt001;Spring Sale;New York, USA;6;4.6
I2379;1/28/2026 11:49;U004;P019;TipInt002;Spring Sale;New York, USA;9;2.6
I2380;12/19/2025 04:33;U118;P097;TipInt006;Spring Sale;New York, USA;9;3.8
I2381;11/16/2025 14:59;U012;P066;TipInt001;Holiday Sale;Sydney, Australia;9;4.6
I2382;11/05/2025 00:01;U023;P068;TipInt004;Regular Day;Paris, France;4;3
I2383;10/13/2025 14:48;U021;P065;TipInt001;Spring Sale;Berlin, Germany;6;3.5
I2384;1/24/2026 14:43;U150;P098;TipInt002;Holiday Sale;New York, USA;10;3.2
I2385;11/23/2025 01:11;U032;P069;TipInt006;Holiday Sale;Sydney, Australia;10;2.1
I2386;1/09/2026 21:25;U031;P090;TipInt005;Holiday Sale;Berlin, Germany;9;2.8
I2387;10/13/2025 15:20;U021;P013;TipInt006;Holiday Sale;Paris, France;2;2.4
I2388;12/04/2025 08:53;U107;P021;TipInt004;Regular Day;New York, USA;9;4.9
I2389;11/04/2025 03:34;U122;P002;TipInt003;Cyber Monday;New York, USA;2;3.3
I2390;10/09/2025 04:31;U002;P043;TipInt001;Cyber Monday;Berlin, Germany;7;2.4
I2391;11/18/2025 02:17;U030;P091;TipInt005;Regular Day;London, UK;1;2.6
I2392;10/24/2025 15:40;U044;P083;TipInt003;Holiday Sale;Toronto, Canada;3;3.8
I2393;1/18/2026 02:53;U043;P068;TipInt001;Spring Sale;Berlin, Germany;7;4
I2394;10/24/2025 18:49;U131;P093;TipInt006;Spring Sale;Berlin, Germany;8;1.1
I2395;11/18/2025 11:22;U042;P073;TipInt006;Black Friday;Berlin, Germany;8;1.3
I2396;1/22/2026 11:05;U113;P018;TipInt001;Black Friday;Toronto, Canada;3;3.3
I2397;1/02/2026 22:58;U032;P063;TipInt001;Black Friday;Paris, France;-;4.3
I2398;10/11/2025 06:37;U031;P053;TipInt004;Cyber Monday;New York, USA;10;1.6
I2399;10/18/2025 01:59;U120;P062;TipInt001;Spring Sale;Toronto, Canada;9;1.8
I2400;1/07/2026 08:27;U139;P034;TipInt001;Regular Day;New York, USA;4;1.9
I2401;12/08/2025 00:16;U052;P005;TipInt004;Regular Day;Paris, France;10;1.6
I2402;1/09/2026 09:03;U035;P004;TipInt003;Holiday Sale;Sydney, Australia;9;4.1
I2403;1/20/2026 15:30;U055;P009;TipInt003;Spring Sale;London, UK;10;4.8
I2404;12/22/2025 04:55;U134;P074;TipInt004;Cyber Monday;Paris, France;3;2.2
I2405;10/17/2025 09:59;U068;P038;TipInt005;Regular Day;Paris, France;3;1.9
I2406;11/12/2025 19:59;U032;P024;TipInt001;Regular Day;New York, USA;10;1.6
I2407;10/31/2025 20:37;U068;P004;TipInt005;Cyber Monday;Toronto, Canada;10;4.8
I2408;10/02/2025 03:32;U005;P076;TipInt005;Spring Sale;Paris, France;1;2.8
I2409;12/13/2025 04:43;U002;P088;TipInt005;Black Friday;Sydney, Australia;4;3.1
I2410;12/01/2025 03:08;U076;P026;TipInt001;Cyber Monday;Paris, France;6;1.5
I2411;10/17/2025 20:22;U148;P035;TipInt003;Cyber Monday;New York, USA;3;3.2
I2412;1/30/2026 01:30;U046;P050;TipInt005;Regular Day;Sydney, Australia;7;3.9
I2413;11/25/2025 19:21;U065;P041;TipInt002;Regular Day;New York, USA;-;4.3
I2414;1/02/2026 07:48;U138;P007;TipInt003;Holiday Sale;London, UK;7;4.6
I2415;10/28/2025 23:44;U102;P048;TipInt006;Regular Day;Berlin, Germany;8;3.6
I2416;12/02/2025 18:14;U089;P062;TipInt001;Holiday Sale;Sydney, Australia;-;4.8
I2417;11/27/2025 11:43;U097;P072;TipInt005;Regular Day;Paris, France;10;4.4
I2418;12/23/2025 19:08;U106;P049;TipInt002;Regular Day;Paris, France;8;2.8
I2419;12/02/2025 07:28;U045;P022;TipInt002;Cyber Monday;New York, USA;6;1.6
I2420;1/14/2026 12:20;U083;P082;TipInt001;Holiday Sale;Berlin, Germany;5;2.9
I2421;12/22/2025 00:55;U130;P058;TipInt004;Black Friday;Berlin, Germany;8;1.1
I2422;1/16/2026 16:27;U144;P057;TipInt001;Regular Day;London, UK;-;3.8
I2423;10/12/2025 03:53;U130;P087;TipInt004;Regular Day;Berlin, Germany;6;1.2
I2424;10/11/2025 14:30;U025;P083;TipInt002;Holiday Sale;Paris, France;7;4.5
I2425;12/26/2025 02:39;U078;P075;TipInt001;Regular Day;New York, USA;10;1.1
I2426;11/15/2025 11:28;U115;P040;TipInt001;Cyber Monday;New York, USA;2;4
I2427;1/27/2026 22:43;U011;P077;TipInt006;Holiday Sale;London, UK;-;1.8
I2428;1/23/2026 14:15;U081;P070;TipInt001;Cyber Monday;Toronto, Canada;3;1.9
I2429;1/05/2026 16:25;U042;P087;TipInt002;Holiday Sale;Sydney, Australia;10;2.4
I2430;10/02/2025 22:28;U097;P075;TipInt004;Black Friday;Berlin, Germany;8;1.9
I2431;1/19/2026 13:42;U133;P046;TipInt006;Spring Sale;Toronto, Canada;9;2.4
I2432;10/07/2025 23:20;U108;P039;TipInt003;Spring Sale;Berlin, Germany;2;2.1
I2433;10/13/2025 02:46;U104;P007;TipInt005;Regular Day;Berlin, Germany;6;4.7
I2434;11/07/2025 10:43;U012;P010;TipInt005;Holiday Sale;Berlin, Germany;7;2.8
I2435;10/13/2025 08:35;U068;P054;TipInt006;Regular Day;Sydney, Australia;6;2.9
I2436;11/20/2025 06:22;U106;P013;TipInt001;Black Friday;Toronto, Canada;6;1.6
I2437;11/14/2025 01:07;U058;P060;TipInt001;Holiday Sale;Berlin, Germany;1;1
I2438;1/08/2026 20:29;U147;P021;TipInt003;Regular Day;Paris, France;5;3.2
I2439;11/29/2025 01:34;U150;P028;TipInt006;Holiday Sale;Berlin, Germany;1;1.5
I2440;11/18/2025 12:27;U131;P043;TipInt005;Cyber Monday;Berlin, Germany;5;3.1
I2441;1/30/2026 23:13;U020;P015;TipInt001;Regular Day;Paris, France;4;2.5
I2442;12/30/2025 12:33;U143;P012;TipInt001;Holiday Sale;New York, USA;2;4.8
I2443;12/18/2025 03:02;U078;P003;TipInt001;Black Friday;New York, USA;6;3
I2444;12/09/2025 07:36;U039;P008;TipInt004;Spring Sale;London, UK;8;2.7
I2445;1/08/2026 22:43;U049;P047;TipInt003;Regular Day;New York, USA;3;4.8
I2446;1/21/2026 15:30;U088;P004;TipInt003;Black Friday;Berlin, Germany;-;4.3
I2447;11/25/2025 18:48;U054;P027;TipInt002;Holiday Sale;London, UK;9;4.1
I2448;10/10/2025 07:22;U134;P049;TipInt002;Cyber Monday;Toronto, Canada;1;1.8
I2449;10/27/2025 09:36;U148;P028;TipInt003;Holiday Sale;Berlin, Germany;3;1.8
I2450;1/29/2026 20:38;U133;P029;TipInt006;Black Friday;London, UK;3;3.9
I2451;1/30/2026 21:54;U040;P016;TipInt002;Black Friday;Paris, France;-;3.7
I2452;1/14/2026 13:50;U055;P056;TipInt005;Holiday Sale;Toronto, Canada;7;1.1
I2453;1/05/2026 07:16;U078;P010;TipInt002;Holiday Sale;Sydney, Australia;3;3.3
I2454;12/17/2025 06:21;U035;P066;TipInt005;Holiday Sale;Sydney, Australia;7;1.2
I2455;10/23/2025 12:44;U050;P007;TipInt004;Black Friday;London, UK;4;4.8
I2456;11/02/2025 17:38;U123;P074;TipInt003;Black Friday;London, UK;1;1.1
I2457;10/03/2025 10:06;U030;P025;TipInt005;Holiday Sale;New York, USA;7;3.9
I2458;11/27/2025 21:41;U075;P080;TipInt003;Regular Day;Berlin, Germany;6;4.5
I2459;1/04/2026 00:48;U121;P058;TipInt001;Spring Sale;New York, USA;1;2.4
I2460;12/15/2025 00:57;U015;P042;TipInt004;Black Friday;Berlin, Germany;5;3.1
I2461;10/08/2025 18:45;U100;P016;TipInt002;Holiday Sale;Toronto, Canada;6;2.2
I2462;12/05/2025 03:22;U015;P085;TipInt003;Black Friday;New York, USA;3;2.5
I2463;11/06/2025 02:43;U044;P054;TipInt005;Spring Sale;Toronto, Canada;4;2.9
I2464;1/22/2026 22:34;U027;P067;TipInt004;Cyber Monday;New York, USA;4;4.7
I2465;1/29/2026 21:59;U096;P077;TipInt003;Spring Sale;New York, USA;2;1.5
I2466;12/03/2025 09:24;U084;P027;TipInt003;Holiday Sale;Sydney, Australia;7;4.3
I2467;1/11/2026 11:46;U053;P059;TipInt005;Spring Sale;Paris, France;3;3.9
I2468;1/17/2026 22:59;U142;P001;TipInt001;Regular Day;London, UK;10;2
I2469;9/29/2025 04:19;U120;P024;TipInt006;Black Friday;Paris, France;5;2.9
I2470;11/25/2025 16:15;U110;P071;TipInt001;Regular Day;Sydney, Australia;3;3.6
I2471;12/20/2025 03:52;U011;P081;TipInt004;Regular Day;Toronto, Canada;4;4.8
I2472;1/06/2026 07:28;U109;P054;TipInt002;Spring Sale;London, UK;8;3.5
I2473;12/03/2025 03:04;U045;P019;TipInt004;Spring Sale;Toronto, Canada;1;3.8
I2474;12/22/2025 17:11;U046;P016;TipInt001;Regular Day;Toronto, Canada;3;2.6
I2475;1/09/2026 13:20;U075;P040;TipInt004;Black Friday;Toronto, Canada;7;4.2
I2476;11/21/2025 13:55;U103;P003;TipInt002;Cyber Monday;Toronto, Canada;7;1
I2477;10/25/2025 15:23;U129;P022;TipInt003;Spring Sale;Toronto, Canada;3;2.6
I2478;10/14/2025 16:27;U031;P022;TipInt002;Spring Sale;Toronto, Canada;4;4.6
I2479;10/26/2025 07:51;U075;P085;TipInt005;Regular Day;Berlin, Germany;2;1.7
I2480;1/31/2026 07:57;U066;P072;TipInt003;Spring Sale;London, UK;5;3.1
I2481;1/13/2026 16:42;U017;P013;TipInt004;Cyber Monday;Berlin, Germany;2;1.3
I2482;10/06/2025 06:31;U132;P077;TipInt002;Cyber Monday;New York, USA;1;3.7
I2483;11/07/2025 08:16;U072;P007;TipInt004;Holiday Sale;Paris, France;1;2.9
I2484;12/28/2025 00:03;U073;P044;TipInt002;Spring Sale;Sydney, Australia;5;3.2
I2485;10/29/2025 19:22;U019;P093;TipInt003;Regular Day;New York, USA;2;4.4
I2486;9/29/2025 10:54;U074;P017;TipInt001;Regular Day;London, UK;10;3.1
I2487;1/20/2026 17:49;U022;P077;TipInt001;Spring Sale;Paris, France;-;2.6
I2488;1/07/2026 21:39;U083;P044;TipInt002;Black Friday;Berlin, Germany;8;4.6
I2489;10/25/2025 23:39;U046;P050;TipInt005;Cyber Monday;London, UK;10;2.4
I2490;11/29/2025 20:34;U069;P051;TipInt003;Regular Day;London, UK;2;3.6
I2491;11/29/2025 08:47;U033;P005;TipInt006;Regular Day;New York, USA;-;4
I2492;11/18/2025 22:45;U020;P035;TipInt002;Black Friday;Paris, France;10;4.9
I2493;12/16/2025 03:40;U109;P009;TipInt006;Regular Day;London, UK;1;2.6
I2494;12/15/2025 02:30;U123;P003;TipInt001;Regular Day;Paris, France;6;2.8
I2495;11/29/2025 15:35;U068;P095;TipInt003;Holiday Sale;London, UK;7;2.2
I2496;11/15/2025 02:20;U120;P044;TipInt004;Spring Sale;Sydney, Australia;5;1.7
I2497;11/05/2025 08:27;U010;P012;TipInt004;Cyber Monday;New York, USA;7;4
I2498;11/02/2025 21:00;U095;P091;TipInt004;Cyber Monday;Toronto, Canada;7;3.4
I2499;11/29/2025 09:18;U143;P007;TipInt004;Black Friday;Paris, France;3;1.5
I2500;1/24/2026 01:05;U121;P017;TipInt002;Black Friday;Paris, France;2;4
I2501;12/08/2025 22:12;U052;P009;TipInt002;Holiday Sale;Sydney, Australia;7;2.1
I2502;11/19/2025 18:04;U060;P071;TipInt004;Spring Sale;London, UK;6;2.8
I2503;1/17/2026 10:28;U099;P010;TipInt004;Cyber Monday;Sydney, Australia;8;4.3
I2504;12/24/2025 17:50;U061;P051;TipInt006;Cyber Monday;New York, USA;4;4.9
I2505;1/15/2026 05:14;U085;P092;TipInt003;Holiday Sale;New York, USA;1;1.3
I2506;10/21/2025 23:39;U046;P025;TipInt005;Regular Day;Toronto, Canada;6;4.6
I2507;10/11/2025 14:35;U111;P021;TipInt003;Regular Day;Paris, France;4;3.7
I2508;12/01/2025 21:51;U122;P094;TipInt002;Holiday Sale;Sydney, Australia;9;4.6
I2509;1/02/2026 02:12;U046;P022;TipInt004;Spring Sale;Paris, France;1;3.9
I2510;12/10/2025 09:05;U144;P033;TipInt003;Regular Day;Sydney, Australia;8;3.7
I2511;10/26/2025 13:35;U102;P071;TipInt005;Black Friday;Toronto, Canada;6;1.2
I2512;12/15/2025 02:06;U039;P064;TipInt005;Regular Day;Berlin, Germany;5;2.5
I2513;12/29/2025 13:28;U116;P056;TipInt005;Regular Day;New York, USA;6;1.5
I2514;1/14/2026 17:29;U037;P040;TipInt003;Spring Sale;Berlin, Germany;9;1.1
I2515;10/27/2025 16:58;U060;P021;TipInt003;Regular Day;Sydney, Australia;10;4.7
I2516;1/26/2026 18:30;U108;P044;TipInt006;Spring Sale;Sydney, Australia;3;3
I2517;12/19/2025 03:23;U091;P066;TipInt005;Spring Sale;New York, USA;1;4.9
I2518;10/05/2025 08:52;U081;P070;TipInt002;Regular Day;Paris, France;8;2.7
I2519;9/30/2025 00:38;U103;P039;TipInt001;Regular Day;New York, USA;10;1.9
I2520;11/02/2025 18:59;U043;P097;TipInt002;Regular Day;London, UK;4;1.9
I2521;10/17/2025 21:06;U035;P019;TipInt004;Regular Day;Paris, France;10;1.2
I2522;10/17/2025 10:59;U106;P074;TipInt002;Spring Sale;London, UK;6;3.8
I2523;10/24/2025 12:23;U127;P090;TipInt006;Holiday Sale;London, UK;-;3.5
I2524;12/05/2025 05:43;U079;P094;TipInt005;Holiday Sale;Sydney, Australia;5;1.4
I2525;11/15/2025 11:33;U123;P050;TipInt002;Spring Sale;Sydney, Australia;2;1.1
I2526;1/02/2026 07:39;U020;P029;TipInt002;Cyber Monday;London, UK;7;1.1
I2527;1/20/2026 23:17;U133;P010;TipInt003;Holiday Sale;Toronto, Canada;10;2.6
I2528;11/28/2025 21:38;U100;P054;TipInt001;Black Friday;Paris, France;5;1.8
I2529;12/25/2025 21:21;U013;P058;TipInt001;Cyber Monday;Toronto, Canada;7;2.6
I2530;10/07/2025 15:52;U098;P045;TipInt004;Spring Sale;Berlin, Germany;3;2.7
I2531;11/23/2025 09:02;U004;P064;TipInt004;Spring Sale;Toronto, Canada;1;3.9
I2532;1/06/2026 17:00;U124;P049;TipInt006;Spring Sale;Paris, France;8;3.7
I2533;1/16/2026 00:46;U089;P040;TipInt003;Holiday Sale;Toronto, Canada;-;3.2
I2534;11/20/2025 21:50;U131;P090;TipInt001;Holiday Sale;Paris, France;10;1.8
I2535;10/27/2025 23:58;U149;P057;TipInt005;Black Friday;Toronto, Canada;4;4.4
I2536;11/08/2025 06:01;U135;P093;TipInt006;Spring Sale;Toronto, Canada;3;4.3
I2537;11/22/2025 16:58;U049;P029;TipInt001;Holiday Sale;Paris, France;3;2.2
I2538;1/20/2026 05:16;U048;P082;TipInt003;Spring Sale;London, UK;8;1.1
I2539;12/19/2025 12:14;U027;P047;TipInt006;Black Friday;Berlin, Germany;2;2
I2540;11/10/2025 12:29;U129;P002;TipInt005;Holiday Sale;New York, USA;6;4.4
I2541;11/16/2025 17:31;U014;P080;TipInt001;Holiday Sale;London, UK;5;3.2
I2542;12/23/2025 05:15;U005;P099;TipInt006;Black Friday;Paris, France;-;1.3
I2543;11/11/2025 12:23;U106;P048;TipInt006;Black Friday;Paris, France;8;2.2
I2544;12/04/2025 18:56;U008;P008;TipInt003;Black Friday;New York, USA;10;3
I2545;12/02/2025 17:46;U046;P098;TipInt005;Regular Day;Toronto, Canada;1;1
I2546;10/10/2025 17:05;U133;P058;TipInt002;Black Friday;Berlin, Germany;9;2.2
I2547;1/27/2026 00:55;U059;P025;TipInt004;Spring Sale;Berlin, Germany;5;1.6
I2548;12/07/2025 03:10;U040;P048;TipInt003;Cyber Monday;Berlin, Germany;8;2.4
I2549;12/06/2025 22:48;U062;P088;TipInt006;Black Friday;Berlin, Germany;6;4.1
I2550;10/14/2025 17:31;U099;P070;TipInt004;Holiday Sale;London, UK;7;3.9
I2551;10/22/2025 13:36;U094;P096;TipInt001;Black Friday;Berlin, Germany;8;1.8
I2552;11/11/2025 21:03;U146;P087;TipInt002;Cyber Monday;Paris, France;8;3.7
I2553;12/20/2025 00:04;U069;P088;TipInt001;Spring Sale;Paris, France;3;4.2
I2554;11/19/2025 12:55;U127;P083;TipInt001;Holiday Sale;New York, USA;3;3.2
I2555;1/12/2026 11:32;U040;P035;TipInt001;Spring Sale;Sydney, Australia;8;3.9
I2556;1/07/2026 11:55;U048;P020;TipInt001;Holiday Sale;New York, USA;5;1.5
I2557;10/31/2025 10:41;U029;P083;TipInt001;Black Friday;Berlin, Germany;-;4.2
I2558;1/28/2026 13:32;U025;P024;TipInt003;Regular Day;Berlin, Germany;3;3.8
I2559;1/21/2026 13:31;U103;P007;TipInt005;Cyber Monday;Berlin, Germany;5;4.5
I2560;1/31/2026 07:25;U014;P054;TipInt005;Regular Day;Sydney, Australia;10;2.9
I2561;11/25/2025 18:27;U114;P003;TipInt002;Black Friday;New York, USA;4;4.6
I2562;10/18/2025 04:10;U082;P083;TipInt006;Regular Day;New York, USA;4;3.4
I2563;12/24/2025 12:25;U119;P044;TipInt002;Black Friday;London, UK;10;4.3
I2564;11/22/2025 14:44;U017;P034;TipInt005;Cyber Monday;Toronto, Canada;3;3.4
I2565;1/20/2026 08:51;U139;P026;TipInt005;Black Friday;Berlin, Germany;2;3.1
I2566;12/21/2025 00:04;U013;P014;TipInt001;Spring Sale;Berlin, Germany;5;1.9
I2567;10/21/2025 23:16;U033;P034;TipInt005;Spring Sale;Paris, France;2;3.4
I2568;1/21/2026 00:41;U123;P048;TipInt006;Black Friday;Paris, France;5;1.9
I2569;9/30/2025 02:56;U142;P059;TipInt001;Cyber Monday;New York, USA;10;3.3
I2570;1/09/2026 17:58;U027;P062;TipInt004;Cyber Monday;New York, USA;5;4.8
I2571;12/13/2025 23:09;U079;P005;TipInt002;Holiday Sale;Toronto, Canada;1;3.5
I2572;1/29/2026 08:35;U102;P030;TipInt005;Spring Sale;Berlin, Germany;5;3.2
I2573;12/19/2025 21:11;U085;P035;TipInt002;Black Friday;Sydney, Australia;6;1.3
I2574;12/07/2025 04:29;U011;P015;TipInt005;Spring Sale;Toronto, Canada;7;3.5
I2575;12/23/2025 09:13;U038;P070;TipInt006;Cyber Monday;New York, USA;9;3
I2576;1/11/2026 21:24;U016;P052;TipInt006;Spring Sale;Berlin, Germany;-;1.2
I2577;9/29/2025 14:48;U092;P097;TipInt002;Holiday Sale;Sydney, Australia;1;4.3
I2578;10/17/2025 16:26;U050;P069;TipInt006;Cyber Monday;London, UK;9;4.1
I2579;12/03/2025 17:35;U108;P034;TipInt003;Spring Sale;Toronto, Canada;8;4.9
I2580;10/13/2025 00:27;U066;P079;TipInt005;Holiday Sale;Sydney, Australia;10;4.2
I2581;10/11/2025 16:12;U040;P063;TipInt004;Holiday Sale;London, UK;9;2.1
I2582;9/30/2025 22:19;U030;P041;TipInt005;Cyber Monday;London, UK;5;4.4
I2583;12/24/2025 12:58;U107;P041;TipInt002;Spring Sale;Berlin, Germany;7;4.3
I2584;1/18/2026 06:17;U115;P042;TipInt003;Cyber Monday;Sydney, Australia;-;2.4
I2585;1/26/2026 06:33;U139;P030;TipInt004;Holiday Sale;London, UK;6;3
I2586;12/27/2025 03:40;U110;P090;TipInt005;Holiday Sale;New York, USA;3;3.7
I2587;12/08/2025 03:08;U040;P085;TipInt003;Spring Sale;Sydney, Australia;8;3.5
I2588;10/26/2025 00:01;U135;P045;TipInt002;Cyber Monday;London, UK;9;4
I2589;11/26/2025 00:45;U075;P030;TipInt005;Regular Day;New York, USA;9;4
I2590;11/22/2025 09:39;U070;P048;TipInt002;Holiday Sale;Sydney, Australia;6;2.1
I2591;11/22/2025 04:06;U071;P076;TipInt005;Holiday Sale;Toronto, Canada;3;3
I2592;1/01/2026 11:54;U074;P087;TipInt002;Cyber Monday;Toronto, Canada;5;3
I2593;1/31/2026 23:53;U067;P044;TipInt003;Regular Day;Sydney, Australia;2;2.5
I2594;1/15/2026 22:25;U150;P021;TipInt004;Black Friday;Paris, France;1;3.3
I2595;12/26/2025 12:12;U102;P003;TipInt006;Holiday Sale;New York, USA;8;2.1
I2596;11/25/2025 10:53;U018;P043;TipInt001;Holiday Sale;Toronto, Canada;10;4.6
I2597;10/31/2025 19:40;U095;P032;TipInt001;Holiday Sale;Toronto, Canada;7;3.1
I2598;12/05/2025 20:36;U023;P002;TipInt005;Spring Sale;Paris, France;7;4.2
I2599;1/16/2026 02:00;U018;P071;TipInt003;Cyber Monday;Berlin, Germany;-;1.9
I2600;10/24/2025 00:59;U003;P068;TipInt002;Holiday Sale;Sydney, Australia;5;1.3
I2601;1/13/2026 05:55;U070;P057;TipInt005;Cyber Monday;Sydney, Australia;9;3.4
I2602;12/06/2025 03:53;U011;P015;TipInt004;Regular Day;London, UK;10;4.5
I2603;10/26/2025 09:18;U093;P006;TipInt001;Black Friday;Paris, France;6;2
I2604;1/23/2026 10:08;U072;P030;TipInt005;Black Friday;Berlin, Germany;1;4.6
I2605;1/13/2026 05:04;U150;P008;TipInt005;Black Friday;Paris, France;4;2.2
I2606;12/20/2025 08:37;U144;P094;TipInt004;Holiday Sale;London, UK;3;2.7
I2607;12/21/2025 16:25;U115;P042;TipInt001;Holiday Sale;London, UK;5;2.1
I2608;1/20/2026 23:47;U022;P025;TipInt004;Regular Day;Paris, France;1;3.2
I2609;12/06/2025 08:41;U042;P015;TipInt005;Holiday Sale;Paris, France;-;2.5
I2610;11/04/2025 19:16;U001;P050;TipInt006;Holiday Sale;Toronto, Canada;7;4.3
I2611;10/27/2025 02:02;U146;P010;TipInt001;Holiday Sale;New York, USA;7;3.1
I2612;11/12/2025 10:29;U024;P026;TipInt005;Cyber Monday;Toronto, Canada;6;4.4
I2613;12/02/2025 13:15;U111;P009;TipInt002;Holiday Sale;New York, USA;10;3.1
I2614;10/31/2025 08:04;U086;P069;TipInt006;Cyber Monday;London, UK;1;2.3
I2615;11/14/2025 02:54;U025;P079;TipInt005;Holiday Sale;London, UK;10;1.2
I2616;11/15/2025 05:37;U035;P063;TipInt002;Spring Sale;Berlin, Germany;5;3.8
I2617;10/27/2025 08:51;U133;P037;TipInt001;Black Friday;New York, USA;1;3.8
I2618;11/14/2025 07:09;U121;P060;TipInt005;Regular Day;Sydney, Australia;10;1.1
I2619;11/18/2025 10:38;U043;P048;TipInt001;Spring Sale;Paris, France;1;2.5
I2620;12/24/2025 10:02;U150;P090;TipInt001;Black Friday;New York, USA;1;4.2
I2621;1/21/2026 08:47;U083;P069;TipInt001;Regular Day;New York, USA;2;4.3
I2622;11/15/2025 04:46;U046;P054;TipInt003;Cyber Monday;Sydney, Australia;10;1
I2623;1/10/2026 01:05;U072;P018;TipInt003;Black Friday;New York, USA;2;3.6
I2624;10/22/2025 20:52;U051;P006;TipInt001;Regular Day;London, UK;3;2.8
I2625;12/29/2025 14:34;U047;P085;TipInt003;Spring Sale;Sydney, Australia;4;1.2
I2626;1/20/2026 00:17;U029;P052;TipInt005;Holiday Sale;London, UK;10;4.8
I2627;1/26/2026 03:09;U032;P008;TipInt005;Spring Sale;Toronto, Canada;4;2.7
I2628;10/26/2025 23:56;U062;P077;TipInt003;Spring Sale;Toronto, Canada;3;2.9
I2629;1/01/2026 13:31;U034;P013;TipInt001;Spring Sale;Paris, France;4;3.6
I2630;12/20/2025 07:42;U080;P089;TipInt001;Spring Sale;Sydney, Australia;10;2.8
I2631;1/27/2026 05:05;U092;P093;TipInt002;Black Friday;London, UK;-;2.3
I2632;12/19/2025 06:03;U082;P071;TipInt001;Holiday Sale;Berlin, Germany;4;1.2
I2633;10/28/2025 11:06;U036;P075;TipInt005;Cyber Monday;Sydney, Australia;8;3.1
I2634;1/25/2026 07:49;U095;P055;TipInt002;Holiday Sale;Paris, France;8;3.6
I2635;1/26/2026 20:58;U086;P079;TipInt002;Black Friday;Berlin, Germany;10;1.2
I2636;10/02/2025 10:52;U088;P064;TipInt003;Spring Sale;Sydney, Australia;2;2.3
I2637;12/11/2025 07:49;U109;P091;TipInt003;Regular Day;Berlin, Germany;7;3
I2638;10/08/2025 03:47;U124;P033;TipInt006;Cyber Monday;Berlin, Germany;2;2.7
I2639;10/17/2025 03:09;U119;P053;TipInt006;Black Friday;Berlin, Germany;1;3.1
I2640;9/29/2025 03:35;U144;P079;TipInt002;Regular Day;Paris, France;-;2.1
I2641;11/18/2025 20:39;U094;P091;TipInt006;Cyber Monday;Toronto, Canada;2;4.1
I2642;10/04/2025 00:52;U004;P020;TipInt003;Black Friday;Sydney, Australia;-;4.2
I2643;11/06/2025 03:59;U032;P026;TipInt002;Regular Day;Toronto, Canada;9;3.9
I2644;10/22/2025 17:33;U045;P043;TipInt003;Regular Day;Berlin, Germany;1;2.6
I2645;10/19/2025 22:21;U001;P014;TipInt001;Spring Sale;Berlin, Germany;2;3.2
I2646;10/16/2025 19:48;U093;P023;TipInt001;Black Friday;New York, USA;3;3.3
I2647;1/27/2026 10:04;U129;P007;TipInt001;Black Friday;Paris, France;10;2.1
I2648;1/27/2026 13:24;U092;P048;TipInt006;Regular Day;Toronto, Canada;7;4.2
I2649;10/30/2025 11:03;U012;P049;TipInt004;Regular Day;Sydney, Australia;6;1.7
I2650;11/16/2025 22:53;U116;P058;TipInt003;Black Friday;Sydney, Australia;9;3.2
I2651;10/09/2025 05:23;U124;P004;TipInt001;Cyber Monday;New York, USA;2;2.6
I2652;10/03/2025 11:45;U118;P050;TipInt002;Black Friday;Paris, France;3;2.6
I2653;12/06/2025 15:19;U048;P081;TipInt005;Black Friday;London, UK;5;4.8
I2654;10/01/2025 18:21;U043;P025;TipInt003;Cyber Monday;Paris, France;10;4.3
I2655;10/12/2025 08:05;U073;P092;TipInt005;Holiday Sale;Berlin, Germany;2;1.9
I2656;12/11/2025 14:18;U097;P031;TipInt005;Black Friday;New York, USA;8;1.5
I2657;1/07/2026 04:36;U009;P007;TipInt002;Regular Day;Sydney, Australia;9;1.5
I2658;12/21/2025 10:39;U062;P057;TipInt003;Holiday Sale;Sydney, Australia;8;4
I2659;11/09/2025 06:17;U124;P061;TipInt003;Regular Day;Sydney, Australia;8;3.3
I2660;10/28/2025 15:20;U144;P046;TipInt005;Holiday Sale;Toronto, Canada;1;3.6
I2661;10/18/2025 11:45;U020;P018;TipInt004;Spring Sale;Sydney, Australia;8;1.7
I2662;12/15/2025 23:03;U110;P011;TipInt005;Black Friday;Berlin, Germany;3;3.5
I2663;1/27/2026 01:25;U008;P009;TipInt006;Black Friday;Berlin, Germany;6;1.9
I2664;12/04/2025 21:43;U040;P069;TipInt003;Black Friday;Sydney, Australia;10;3.6
I2665;1/14/2026 14:57;U006;P036;TipInt001;Holiday Sale;Toronto, Canada;8;2.1
I2666;11/13/2025 18:54;U069;P052;TipInt003;Regular Day;Sydney, Australia;2;4
I2667;11/18/2025 23:23;U071;P060;TipInt005;Regular Day;Sydney, Australia;5;4.4
I2668;10/06/2025 09:55;U054;P060;TipInt005;Cyber Monday;Berlin, Germany;5;4.5
I2669;12/27/2025 16:20;U099;P018;TipInt002;Holiday Sale;London, UK;6;1.8
I2670;12/11/2025 18:44;U046;P091;TipInt004;Regular Day;London, UK;5;1.2
I2671;1/18/2026 08:39;U100;P001;TipInt004;Cyber Monday;Toronto, Canada;7;4.6
I2672;10/03/2025 10:01;U071;P021;TipInt006;Black Friday;Paris, France;5;4.6
I2673;11/02/2025 06:33;U085;P011;TipInt006;Black Friday;Paris, France;-;2.6
I2674;12/27/2025 22:30;U040;P014;TipInt005;Spring Sale;Toronto, Canada;5;4.3
I2675;10/27/2025 00:39;U073;P017;TipInt006;Regular Day;Berlin, Germany;10;2.1
I2676;12/14/2025 06:08;U110;P007;TipInt001;Regular Day;Sydney, Australia;7;2.7
I2677;10/20/2025 02:14;U047;P078;TipInt006;Holiday Sale;Toronto, Canada;3;4.8
I2678;11/20/2025 22:10;U067;P033;TipInt006;Regular Day;New York, USA;6;4.6
I2679;1/28/2026 09:56;U007;P028;TipInt001;Regular Day;Paris, France;4;3.7
I2680;10/01/2025 13:32;U116;P050;TipInt001;Holiday Sale;Sydney, Australia;-;1.4
I2681;1/27/2026 00:50;U128;P066;TipInt004;Holiday Sale;Sydney, Australia;2;3.2
I2682;1/08/2026 10:45;U021;P029;TipInt005;Spring Sale;Toronto, Canada;5;2.5
I2683;11/06/2025 20:47;U109;P029;TipInt003;Holiday Sale;Sydney, Australia;6;3.2
I2684;9/29/2025 11:49;U130;P041;TipInt002;Black Friday;New York, USA;4;1.6
I2685;10/31/2025 02:33;U050;P089;TipInt006;Black Friday;Toronto, Canada;6;4.8
I2686;11/20/2025 08:02;U121;P030;TipInt001;Regular Day;Toronto, Canada;8;1.4
I2687;12/15/2025 06:32;U009;P073;TipInt004;Black Friday;Berlin, Germany;2;1.3
I2688;11/07/2025 20:56;U114;P080;TipInt001;Holiday Sale;New York, USA;5;3.2
I2689;11/19/2025 10:01;U035;P075;TipInt003;Regular Day;Paris, France;1;3.5
I2690;1/26/2026 05:14;U068;P050;TipInt005;Black Friday;Berlin, Germany;7;2.2
I2691;10/31/2025 23:47;U013;P037;TipInt001;Black Friday;Berlin, Germany;5;4.7
I2692;11/10/2025 22:55;U112;P056;TipInt001;Black Friday;Paris, France;5;3.9
I2693;10/21/2025 04:22;U111;P099;TipInt003;Black Friday;London, UK;10;1.1
I2694;12/19/2025 22:15;U046;P041;TipInt001;Regular Day;Paris, France;8;4.6
I2695;11/19/2025 16:16;U137;P055;TipInt001;Cyber Monday;New York, USA;5;3
I2696;11/05/2025 22:25;U100;P014;TipInt004;Holiday Sale;Berlin, Germany;7;4.6
I2697;10/15/2025 21:13;U134;P088;TipInt005;Spring Sale;Sydney, Australia;2;3.3
I2698;1/24/2026 05:45;U038;P071;TipInt006;Spring Sale;Sydney, Australia;4;2.4
I2699;10/28/2025 18:32;U145;P084;TipInt001;Regular Day;London, UK;-;2.9
I2700;10/31/2025 03:40;U056;P029;TipInt003;Black Friday;London, UK;1;2
I2701;1/04/2026 05:11;U042;P010;TipInt005;Regular Day;Berlin, Germany;4;3.9
I2702;1/17/2026 09:09;U015;P029;TipInt004;Cyber Monday;Berlin, Germany;5;4.8
I2703;12/30/2025 08:56;U142;P086;TipInt006;Regular Day;Berlin, Germany;9;4.5
I2704;11/11/2025 04:08;U095;P008;TipInt003;Cyber Monday;Sydney, Australia;6;2.1
I2705;11/08/2025 01:22;U139;P004;TipInt006;Black Friday;Paris, France;4;2.5
I2706;12/23/2025 02:54;U032;P082;TipInt002;Holiday Sale;Paris, France;8;3.3
I2707;1/22/2026 12:08;U022;P055;TipInt006;Cyber Monday;Berlin, Germany;4;4.7
I2708;10/03/2025 18:27;U141;P080;TipInt003;Regular Day;New York, USA;5;3.8
I2709;12/19/2025 10:30;U068;P053;TipInt001;Holiday Sale;Sydney, Australia;2;2.8
I2710;9/29/2025 03:28;U111;P056;TipInt006;Black Friday;Sydney, Australia;-;1
I2711;11/01/2025 10:13;U080;P001;TipInt006;Black Friday;Berlin, Germany;3;5
I2712;12/18/2025 08:41;U005;P028;TipInt002;Regular Day;Paris, France;5;4.7
I2713;1/12/2026 03:59;U032;P066;TipInt005;Regular Day;Paris, France;9;2.2
I2714;12/30/2025 21:08;U139;P072;TipInt006;Holiday Sale;London, UK;10;1.8
I2715;11/25/2025 17:32;U062;P027;TipInt003;Regular Day;Sydney, Australia;2;2.8
I2716;11/15/2025 04:23;U120;P044;TipInt004;Regular Day;Paris, France;10;4.3
I2717;1/30/2026 11:06;U069;P096;TipInt006;Black Friday;New York, USA;3;4.6
I2718;11/16/2025 12:45;U037;P024;TipInt003;Cyber Monday;Paris, France;10;1.2
I2719;1/25/2026 16:43;U119;P004;TipInt003;Cyber Monday;Berlin, Germany;3;3.1
I2720;1/23/2026 05:43;U045;P025;TipInt003;Cyber Monday;Toronto, Canada;10;4.3
I2721;1/10/2026 16:50;U030;P071;TipInt006;Black Friday;London, UK;5;3
I2722;12/09/2025 08:09;U086;P006;TipInt006;Regular Day;New York, USA;1;1.8
I2723;11/10/2025 04:44;U122;P096;TipInt003;Spring Sale;London, UK;2;4.8
I2724;12/06/2025 07:31;U019;P006;TipInt006;Regular Day;Berlin, Germany;4;2.1
I2725;11/30/2025 23:49;U098;P074;TipInt001;Cyber Monday;Berlin, Germany;1;2.6
I2726;1/17/2026 17:17;U060;P089;TipInt003;Cyber Monday;London, UK;4;2
I2727;10/01/2025 16:10;U045;P054;TipInt006;Spring Sale;Berlin, Germany;5;2.9
I2728;12/06/2025 20:56;U149;P065;TipInt004;Black Friday;Berlin, Germany;1;3.8
I2729;10/10/2025 11:56;U096;P057;TipInt001;Regular Day;Toronto, Canada;3;3.8
I2730;11/20/2025 03:40;U039;P004;TipInt003;Spring Sale;Paris, France;2;2.1
I2731;11/21/2025 17:28;U044;P010;TipInt002;Black Friday;Berlin, Germany;-;4.2
I2732;10/27/2025 01:05;U137;P042;TipInt003;Cyber Monday;New York, USA;5;3.9
I2733;11/22/2025 17:22;U072;P039;TipInt002;Holiday Sale;Paris, France;4;3
I2734;11/28/2025 09:30;U048;P063;TipInt004;Holiday Sale;Berlin, Germany;7;4.7
I2735;1/04/2026 11:59;U046;P058;TipInt003;Regular Day;Berlin, Germany;4;4.5
I2736;1/31/2026 12:50;U006;P094;TipInt001;Cyber Monday;Toronto, Canada;1;3.3
I2737;12/01/2025 11:43;U082;P010;TipInt006;Holiday Sale;Berlin, Germany;10;1.7
I2738;11/21/2025 10:44;U005;P005;TipInt006;Cyber Monday;Sydney, Australia;8;4.5
I2739;11/15/2025 17:46;U091;P057;TipInt005;Cyber Monday;Berlin, Germany;5;2.5
I2740;1/30/2026 23:30;U121;P069;TipInt003;Cyber Monday;Paris, France;3;3.2
I2741;10/14/2025 17:44;U095;P039;TipInt006;Holiday Sale;Sydney, Australia;8;3.9
I2742;11/20/2025 17:17;U074;P080;TipInt005;Black Friday;Sydney, Australia;3;3.7
I2743;12/20/2025 15:53;U131;P024;TipInt003;Spring Sale;Berlin, Germany;9;4.7
I2744;11/30/2025 05:23;U066;P016;TipInt006;Regular Day;New York, USA;1;2.7
I2745;11/29/2025 23:01;U074;P005;TipInt002;Spring Sale;Berlin, Germany;6;2.8
I2746;11/09/2025 03:36;U095;P013;TipInt006;Cyber Monday;New York, USA;10;4.3
I2747;12/19/2025 14:25;U106;P087;TipInt001;Black Friday;New York, USA;10;2.2
I2748;10/27/2025 14:28;U041;P018;TipInt005;Spring Sale;London, UK;1;3.4
I2749;11/06/2025 00:48;U046;P013;TipInt004;Cyber Monday;New York, USA;5;4.8
I2750;12/14/2025 09:45;U035;P097;TipInt002;Cyber Monday;Paris, France;-;3.9
I2751;11/20/2025 02:01;U096;P039;TipInt004;Spring Sale;Berlin, Germany;8;2
I2752;11/13/2025 13:16;U091;P019;TipInt004;Cyber Monday;Sydney, Australia;1;2.1
I2753;10/01/2025 14:50;U119;P061;TipInt002;Holiday Sale;Sydney, Australia;7;1.6
I2754;10/31/2025 05:10;U072;P080;TipInt006;Regular Day;London, UK;7;3.7
I2755;1/06/2026 07:01;U110;P063;TipInt006;Cyber Monday;New York, USA;4;1.5
I2756;1/19/2026 02:00;U016;P076;TipInt004;Regular Day;Sydney, Australia;9;2.1
I2757;12/12/2025 22:54;U019;P005;TipInt001;Cyber Monday;Berlin, Germany;8;2.5
I2758;11/16/2025 15:22;U119;P094;TipInt006;Holiday Sale;Paris, France;8;3.6
I2759;11/06/2025 03:48;U086;P073;TipInt004;Spring Sale;New York, USA;2;4.1
I2760;11/05/2025 04:39;U046;P044;TipInt006;Regular Day;Sydney, Australia;2;3
I2761;11/16/2025 12:48;U144;P066;TipInt003;Regular Day;New York, USA;10;2.3
I2762;11/23/2025 08:24;U021;P049;TipInt005;Black Friday;Paris, France;4;4.6
I2763;11/10/2025 21:11;U108;P065;TipInt006;Spring Sale;Toronto, Canada;8;1.7
I2764;10/31/2025 15:30;U135;P062;TipInt004;Black Friday;Berlin, Germany;2;4
I2765;11/24/2025 23:13;U004;P085;TipInt002;Cyber Monday;London, UK;2;2.8
I2766;12/07/2025 19:32;U138;P040;TipInt002;Cyber Monday;Paris, France;6;3
I2767;1/05/2026 19:31;U006;P018;TipInt001;Spring Sale;Sydney, Australia;7;1.6
I2768;10/29/2025 05:57;U020;P005;TipInt002;Spring Sale;London, UK;2;4.2
I2769;1/19/2026 07:54;U035;P066;TipInt001;Spring Sale;Berlin, Germany;-;1.2
I2770;10/24/2025 06:29;U120;P080;TipInt006;Cyber Monday;London, UK;-;1.5
I2771;1/22/2026 06:13;U127;P039;TipInt003;Spring Sale;London, UK;5;2.3
I2772;11/07/2025 16:54;U013;P091;TipInt006;Cyber Monday;Berlin, Germany;6;1.2
I2773;11/10/2025 17:29;U032;P079;TipInt006;Black Friday;Sydney, Australia;8;1.6
I2774;10/11/2025 00:55;U138;P095;TipInt004;Black Friday;Toronto, Canada;1;2.8
I2775;12/16/2025 14:01;U104;P026;TipInt001;Cyber Monday;Toronto, Canada;1;2
I2776;11/19/2025 18:18;U110;P075;TipInt005;Regular Day;Berlin, Germany;1;1.1
I2777;11/18/2025 15:32;U030;P080;TipInt006;Holiday Sale;London, UK;5;2.6
I2778;1/08/2026 02:58;U005;P004;TipInt006;Cyber Monday;Paris, France;2;4.3
I2779;10/17/2025 13:45;U085;P056;TipInt005;Holiday Sale;Berlin, Germany;5;3.6
I2780;10/05/2025 01:55;U080;P023;TipInt002;Black Friday;New York, USA;5;2.2
I2781;1/19/2026 17:13;U149;P010;TipInt002;Black Friday;Paris, France;5;1.8
I2782;12/24/2025 21:40;U133;P070;TipInt003;Holiday Sale;Paris, France;7;2.1
I2783;1/14/2026 19:38;U114;P093;TipInt005;Cyber Monday;Sydney, Australia;5;4.9
I2784;11/01/2025 09:55;U036;P083;TipInt004;Spring Sale;London, UK;7;2.8
I2785;1/25/2026 23:55;U072;P004;TipInt002;Regular Day;London, UK;7;4.1
I2786;1/04/2026 20:54;U070;P047;TipInt004;Holiday Sale;New York, USA;6;1.3
I2787;12/20/2025 00:59;U010;P060;TipInt002;Black Friday;London, UK;4;4
I2788;11/05/2025 10:35;U069;P078;TipInt002;Regular Day;Paris, France;2;3.9
I2789;1/21/2026 16:54;U043;P065;TipInt001;Black Friday;New York, USA;7;2.1
I2790;11/26/2025 20:47;U080;P085;TipInt003;Spring Sale;Berlin, Germany;6;1
I2791;1/25/2026 16:08;U104;P002;TipInt001;Cyber Monday;New York, USA;-;1.5
I2792;1/02/2026 17:48;U139;P065;TipInt005;Holiday Sale;Sydney, Australia;5;3.4
I2793;12/29/2025 11:24;U037;P044;TipInt004;Spring Sale;London, UK;7;1.5
I2794;10/20/2025 11:29;U103;P052;TipInt003;Cyber Monday;Berlin, Germany;8;3.6
I2795;11/09/2025 00:49;U109;P023;TipInt005;Black Friday;New York, USA;4;4.8
I2796;12/27/2025 01:25;U039;P095;TipInt001;Black Friday;Toronto, Canada;7;2
I2797;1/03/2026 12:11;U087;P018;TipInt001;Black Friday;London, UK;9;3.8
I2798;1/21/2026 10:16;U073;P080;TipInt004;Cyber Monday;Sydney, Australia;7;1.1
I2799;1/17/2026 08:31;U076;P075;TipInt001;Cyber Monday;New York, USA;8;1.6
I2800;10/27/2025 03:14;U007;P073;TipInt002;Regular Day;Paris, France;1;1.5
I2801;11/24/2025 01:10;U108;P053;TipInt001;Regular Day;New York, USA;3;1.6
I2802;11/09/2025 02:45;U040;P065;TipInt001;Black Friday;London, UK;-;1.5
I2803;1/01/2026 21:17;U007;P098;TipInt005;Black Friday;Sydney, Australia;1;4.8
I2804;11/21/2025 06:34;U102;P059;TipInt001;Holiday Sale;Toronto, Canada;6;4.2
I2805;10/28/2025 06:17;U132;P028;TipInt001;Black Friday;Sydney, Australia;3;4.4
I2806;1/02/2026 11:29;U064;P085;TipInt003;Black Friday;Paris, France;5;4.9
I2807;10/17/2025 19:58;U006;P061;TipInt003;Spring Sale;Paris, France;1;2.9
I2808;1/08/2026 18:33;U096;P061;TipInt003;Black Friday;Toronto, Canada;10;3.9
I2809;12/31/2025 03:10;U143;P031;TipInt006;Spring Sale;Berlin, Germany;-;2.5
I2810;1/20/2026 23:26;U034;P097;TipInt005;Spring Sale;New York, USA;8;2.3
I2811;10/11/2025 19:07;U030;P072;TipInt005;Holiday Sale;Paris, France;9;4.9
I2812;12/14/2025 00:16;U107;P070;TipInt002;Holiday Sale;Toronto, Canada;1;3
I2813;10/02/2025 16:35;U138;P014;TipInt005;Holiday Sale;Toronto, Canada;8;4.3
I2814;11/27/2025 06:53;U011;P063;TipInt005;Holiday Sale;New York, USA;9;4
I2815;11/08/2025 01:14;U084;P022;TipInt005;Black Friday;Toronto, Canada;8;4.6
I2816;11/22/2025 19:06;U028;P050;TipInt001;Regular Day;New York, USA;5;1
I2817;10/04/2025 20:46;U103;P050;TipInt002;Cyber Monday;London, UK;3;4.8
I2818;11/21/2025 16:28;U078;P009;TipInt001;Spring Sale;Paris, France;7;2.3
I2819;12/01/2025 09:21;U145;P029;TipInt002;Holiday Sale;Sydney, Australia;2;4.5
I2820;1/17/2026 12:37;U019;P096;TipInt006;Spring Sale;New York, USA;9;1.5
I2821;10/29/2025 16:29;U107;P068;TipInt006;Regular Day;Paris, France;8;2.1
I2822;10/16/2025 16:36;U096;P097;TipInt001;Black Friday;New York, USA;1;3.9
I2823;11/06/2025 00:49;U044;P072;TipInt005;Holiday Sale;Berlin, Germany;1;1.2
I2824;9/29/2025 06:56;U008;P018;TipInt001;Holiday Sale;Berlin, Germany;6;4.5
I2825;1/16/2026 09:39;U138;P047;TipInt004;Spring Sale;London, UK;10;4.2
I2826;10/25/2025 03:04;U090;P074;TipInt001;Holiday Sale;London, UK;4;4.7
I2827;1/27/2026 23:17;U063;P055;TipInt005;Regular Day;Sydney, Australia;4;4.1
I2828;12/07/2025 12:55;U110;P047;TipInt003;Black Friday;Berlin, Germany;2;3.2
I2829;11/10/2025 19:32;U120;P086;TipInt001;Regular Day;Toronto, Canada;1;4.4
I2830;11/28/2025 18:50;U007;P006;TipInt004;Holiday Sale;New York, USA;4;4.6
I2831;12/14/2025 02:05;U117;P031;TipInt001;Cyber Monday;Berlin, Germany;10;2.2
I2832;1/12/2026 23:45;U015;P089;TipInt003;Black Friday;Paris, France;4;3.7
I2833;10/08/2025 15:44;U146;P014;TipInt006;Cyber Monday;Sydney, Australia;9;1.6
I2834;1/02/2026 08:23;U099;P062;TipInt006;Cyber Monday;New York, USA;9;3.3
I2835;12/01/2025 08:42;U137;P062;TipInt003;Black Friday;Paris, France;5;1.8
I2836;12/10/2025 12:07;U126;P061;TipInt001;Regular Day;Paris, France;1;2.4
I2837;12/20/2025 09:06;U117;P071;TipInt001;Black Friday;New York, USA;8;4.6
I2838;1/01/2026 04:03;U143;P058;TipInt006;Black Friday;Sydney, Australia;8;2.4
I2839;11/11/2025 17:08;U136;P036;TipInt001;Black Friday;Paris, France;2;2.1
I2840;12/14/2025 11:20;U046;P024;TipInt003;Holiday Sale;Toronto, Canada;1;1.2
I2841;10/19/2025 14:21;U099;P047;TipInt001;Regular Day;New York, USA;6;2.6
I2842;10/24/2025 07:01;U019;P076;TipInt005;Regular Day;Sydney, Australia;9;4.9
I2843;11/20/2025 19:02;U021;P048;TipInt002;Black Friday;Toronto, Canada;5;2.2
I2844;12/07/2025 07:39;U029;P085;TipInt004;Spring Sale;Berlin, Germany;1;2
I2845;12/29/2025 12:26;U057;P078;TipInt006;Cyber Monday;Toronto, Canada;8;2.7
I2846;12/08/2025 01:41;U003;P031;TipInt006;Cyber Monday;London, UK;7;1
I2847;11/13/2025 02:31;U065;P063;TipInt004;Spring Sale;Paris, France;3;5
I2848;12/22/2025 06:53;U055;P006;TipInt001;Black Friday;New York, USA;4;3.6
I2849;10/01/2025 20:28;U084;P011;TipInt002;Black Friday;Berlin, Germany;2;1.3
I2850;12/17/2025 19:21;U047;P054;TipInt003;Cyber Monday;Sydney, Australia;4;1.3
I2851;12/04/2025 11:38;U104;P007;TipInt004;Regular Day;Sydney, Australia;4;2.2
I2852;10/26/2025 22:34;U051;P004;TipInt002;Regular Day;New York, USA;7;3.8
I2853;1/30/2026 16:41;U072;P094;TipInt004;Cyber Monday;Toronto, Canada;9;2.2
I2854;11/01/2025 18:12;U029;P063;TipInt001;Spring Sale;London, UK;-;1.4
I2855;12/23/2025 11:18;U012;P019;TipInt003;Black Friday;New York, USA;1;1.4
I2856;12/08/2025 13:18;U116;P012;TipInt002;Regular Day;Berlin, Germany;6;2.4
I2857;12/22/2025 02:12;U112;P098;TipInt005;Spring Sale;Berlin, Germany;6;4.6
I2858;12/11/2025 20:17;U150;P093;TipInt001;Holiday Sale;London, UK;5;3.4
I2859;11/11/2025 12:48;U140;P037;TipInt001;Spring Sale;New York, USA;-;2.7
I2860;11/12/2025 13:37;U085;P074;TipInt006;Cyber Monday;New York, USA;4;4.9
I2861;11/13/2025 21:11;U116;P036;TipInt005;Spring Sale;London, UK;6;3.4
I2862;10/09/2025 01:36;U042;P051;TipInt006;Regular Day;Sydney, Australia;1;1.8
I2863;10/11/2025 17:58;U055;P040;TipInt002;Black Friday;Sydney, Australia;6;4.6
I2864;11/03/2025 01:13;U094;P042;TipInt004;Cyber Monday;Berlin, Germany;6;3.3
I2865;10/20/2025 12:17;U045;P036;TipInt003;Spring Sale;Toronto, Canada;1;3.3
I2866;11/17/2025 15:53;U029;P086;TipInt001;Regular Day;Sydney, Australia;2;1.3
I2867;12/03/2025 08:34;U022;P087;TipInt005;Spring Sale;Paris, France;8;1.5
I2868;10/05/2025 12:22;U054;P092;TipInt001;Holiday Sale;London, UK;7;2.8
I2869;10/10/2025 17:24;U121;P059;TipInt003;Spring Sale;New York, USA;-;4.9
I2870;1/12/2026 02:01;U104;P031;TipInt001;Holiday Sale;New York, USA;4;3.4
I2871;12/09/2025 20:11;U072;P020;TipInt005;Spring Sale;New York, USA;4;2.2
I2872;11/21/2025 14:12;U008;P070;TipInt004;Cyber Monday;Toronto, Canada;3;1.7
I2873;1/10/2026 13:10;U078;P049;TipInt006;Spring Sale;New York, USA;5;4
I2874;11/27/2025 17:36;U107;P047;TipInt002;Black Friday;London, UK;4;4.9
I2875;10/08/2025 08:02;U047;P005;TipInt002;Spring Sale;London, UK;8;4.8
I2876;1/15/2026 01:53;U089;P004;TipInt002;Spring Sale;Sydney, Australia;2;1.1
I2877;1/25/2026 10:42;U078;P071;TipInt003;Regular Day;Toronto, Canada;9;4.5
I2878;12/20/2025 01:33;U098;P005;TipInt001;Holiday Sale;London, UK;4;3
I2879;11/25/2025 04:15;U114;P087;TipInt001;Spring Sale;Paris, France;5;2.5
I2880;12/19/2025 08:43;U143;P095;TipInt003;Holiday Sale;Paris, France;6;1.6
I2881;12/08/2025 19:28;U064;P019;TipInt002;Regular Day;Paris, France;5;4.9
I2882;10/21/2025 01:19;U098;P054;TipInt002;Holiday Sale;Paris, France;4;1.6
I2883;12/15/2025 12:55;U112;P003;TipInt005;Regular Day;Berlin, Germany;10;3.7
I2884;10/01/2025 04:16;U106;P028;TipInt005;Spring Sale;New York, USA;10;3.2
I2885;11/13/2025 14:37;U108;P063;TipInt002;Regular Day;Sydney, Australia;-;2.3
I2886;12/09/2025 10:58;U017;P024;TipInt002;Regular Day;New York, USA;8;2.8
I2887;12/22/2025 01:46;U111;P048;TipInt005;Black Friday;Sydney, Australia;6;1.1
I2888;11/27/2025 02:13;U010;P042;TipInt003;Spring Sale;Berlin, Germany;3;4.8
I2889;1/16/2026 01:23;U123;P056;TipInt005;Cyber Monday;Berlin, Germany;10;4.2
I2890;11/07/2025 14:19;U032;P001;TipInt003;Regular Day;Paris, France;5;4.8
I2891;1/01/2026 20:47;U143;P015;TipInt001;Black Friday;Berlin, Germany;7;1.7
I2892;10/17/2025 14:43;U104;P098;TipInt005;Regular Day;Paris, France;7;4.9
I2893;12/19/2025 19:33;U075;P084;TipInt001;Cyber Monday;Toronto, Canada;7;2.4
I2894;11/30/2025 05:54;U132;P094;TipInt006;Cyber Monday;Paris, France;9;2.5
I2895;10/19/2025 10:37;U110;P014;TipInt006;Cyber Monday;Sydney, Australia;9;4.6
I2896;12/04/2025 00:55;U134;P082;TipInt006;Black Friday;London, UK;-;4.9
I2897;12/11/2025 18:15;U071;P015;TipInt006;Regular Day;Sydney, Australia;5;2.5
I2898;12/14/2025 08:22;U067;P055;TipInt006;Spring Sale;Paris, France;5;1
I2899;10/24/2025 04:11;U039;P006;TipInt004;Holiday Sale;Toronto, Canada;10;2.4
I2900;10/10/2025 18:36;U012;P019;TipInt002;Regular Day;Berlin, Germany;8;3.3
I2901;1/03/2026 21:53;U137;P045;TipInt002;Black Friday;London, UK;1;2
I2902;1/13/2026 21:35;U048;P074;TipInt002;Black Friday;Berlin, Germany;3;4.2
I2903;1/02/2026 04:16;U103;P031;TipInt003;Holiday Sale;Sydney, Australia;2;2.9
I2904;12/18/2025 18:28;U024;P021;TipInt002;Cyber Monday;Toronto, Canada;6;3.8
I2905;12/07/2025 19:07;U143;P065;TipInt003;Holiday Sale;Toronto, Canada;10;3.5
I2906;10/15/2025 17:00;U124;P015;TipInt004;Regular Day;Toronto, Canada;4;2.6
I2907;11/10/2025 04:12;U115;P037;TipInt002;Cyber Monday;Toronto, Canada;10;2.8
I2908;10/15/2025 23:34;U102;P045;TipInt005;Black Friday;Paris, France;3;1.4
I2909;1/12/2026 05:41;U078;P021;TipInt001;Cyber Monday;New York, USA;6;1.8
I2910;10/22/2025 22:52;U130;P016;TipInt005;Regular Day;New York, USA;2;4
I2911;1/01/2026 13:20;U105;P046;TipInt003;Black Friday;Paris, France;9;2.1
I2912;11/05/2025 11:21;U071;P052;TipInt005;Holiday Sale;New York, USA;-;1.1
I2913;12/04/2025 14:56;U141;P034;TipInt002;Holiday Sale;New York, USA;-;1.8
I2914;10/12/2025 18:05;U043;P043;TipInt003;Holiday Sale;Berlin, Germany;1;2.8
I2915;12/29/2025 16:11;U060;P022;TipInt005;Regular Day;London, UK;-;3.1
I2916;11/15/2025 08:57;U145;P074;TipInt005;Spring Sale;Paris, France;8;4
I2917;11/28/2025 20:38;U098;P063;TipInt004;Regular Day;Paris, France;6;1.1
I2918;11/08/2025 13:03;U125;P071;TipInt004;Spring Sale;London, UK;6;2.9
I2919;11/18/2025 15:38;U035;P044;TipInt001;Spring Sale;Paris, France;1;4.3
I2920;10/15/2025 06:11;U098;P078;TipInt005;Spring Sale;Toronto, Canada;9;1.9
I2921;12/30/2025 19:55;U002;P028;TipInt003;Holiday Sale;Paris, France;9;2.1
I2922;11/10/2025 22:55;U097;P074;TipInt001;Black Friday;Sydney, Australia;2;2.8
I2923;1/21/2026 02:51;U137;P040;TipInt005;Spring Sale;Berlin, Germany;7;4.2
I2924;1/05/2026 03:42;U066;P062;TipInt004;Regular Day;Toronto, Canada;3;1.5
I2925;12/11/2025 14:18;U011;P069;TipInt002;Regular Day;Sydney, Australia;6;4.8
I2926;11/06/2025 10:06;U103;P078;TipInt005;Regular Day;Sydney, Australia;-;1.8
I2927;12/15/2025 12:56;U009;P063;TipInt002;Holiday Sale;New York, USA;1;1.8
I2928;1/28/2026 05:18;U073;P051;TipInt001;Regular Day;New York, USA;5;2.8
I2929;11/23/2025 21:12;U119;P056;TipInt001;Cyber Monday;London, UK;2;2
I2930;10/22/2025 12:43;U018;P018;TipInt001;Holiday Sale;Sydney, Australia;1;2.6
I2931;10/08/2025 02:44;U012;P032;TipInt004;Black Friday;Toronto, Canada;1;4.6
I2932;1/22/2026 07:49;U149;P035;TipInt002;Cyber Monday;Paris, France;5;1.3
I2933;10/13/2025 04:55;U003;P077;TipInt002;Cyber Monday;Paris, France;9;4
I2934;1/22/2026 13:38;U074;P017;TipInt001;Cyber Monday;Berlin, Germany;9;2.6
I2935;1/03/2026 14:38;U126;P010;TipInt004;Spring Sale;New York, USA;5;1.8
I2936;1/04/2026 21:30;U113;P064;TipInt004;Spring Sale;London, UK;1;2.2
I2937;1/12/2026 04:32;U077;P038;TipInt006;Cyber Monday;Berlin, Germany;10;4
I2938;1/06/2026 07:04;U028;P078;TipInt002;Cyber Monday;Paris, France;4;3.3
I2939;12/14/2025 15:12;U144;P070;TipInt006;Holiday Sale;London, UK;7;1
I2940;10/30/2025 09:35;U142;P009;TipInt001;Cyber Monday;New York, USA;1;2.5
I2941;1/15/2026 06:57;U105;P057;TipInt002;Black Friday;Toronto, Canada;3;4.9
I2942;11/02/2025 09:42;U091;P044;TipInt003;Spring Sale;New York, USA;7;2.2
I2943;10/07/2025 05:55;U060;P086;TipInt006;Regular Day;Toronto, Canada;6;3.3
I2944;11/16/2025 08:58;U081;P015;TipInt005;Black Friday;New York, USA;9;4.1
I2945;10/29/2025 06:00;U056;P072;TipInt003;Black Friday;Toronto, Canada;-;2.6
I2946;11/10/2025 00:24;U145;P068;TipInt006;Cyber Monday;Sydney, Australia;9;2.2
I2947;12/10/2025 17:24;U135;P038;TipInt002;Black Friday;New York, USA;6;2.4
I2948;11/18/2025 07:01;U048;P054;TipInt002;Holiday Sale;Toronto, Canada;1;1.6
I2949;11/26/2025 07:52;U022;P093;TipInt002;Spring Sale;Paris, France;6;3.8
I2950;1/05/2026 03:09;U053;P002;TipInt006;Spring Sale;Toronto, Canada;6;4
I2951;1/18/2026 01:23;U124;P051;TipInt002;Holiday Sale;New York, USA;2;5
I2952;1/31/2026 07:00;U072;P089;TipInt003;Black Friday;Paris, France;6;1.4
I2953;11/09/2025 19:56;U090;P088;TipInt006;Cyber Monday;Paris, France;-;4.1
I2954;1/10/2026 14:00;U038;P062;TipInt006;Spring Sale;Sydney, Australia;-;2.4
I2955;10/01/2025 21:45;U012;P069;TipInt005;Spring Sale;Sydney, Australia;9;4.9
I2956;11/02/2025 18:19;U114;P077;TipInt004;Spring Sale;Toronto, Canada;1;3.6
I2957;10/21/2025 21:48;U058;P019;TipInt002;Spring Sale;Toronto, Canada;8;4.6
I2958;11/25/2025 22:48;U121;P040;TipInt001;Black Friday;New York, USA;8;2.4
I2959;1/11/2026 16:39;U042;P057;TipInt004;Holiday Sale;Sydney, Australia;5;2.5
I2960;11/24/2025 22:29;U133;P010;TipInt006;Regular Day;Sydney, Australia;8;1.8
I2961;1/02/2026 19:51;U129;P054;TipInt006;Regular Day;New York, USA;8;1.9
I2962;1/14/2026 11:40;U106;P046;TipInt002;Black Friday;New York, USA;5;1.9
I2963;12/18/2025 08:18;U077;P015;TipInt004;Cyber Monday;Berlin, Germany;10;1.5
I2964;11/05/2025 18:52;U116;P095;TipInt006;Cyber Monday;Toronto, Canada;8;4.6
I2965;10/12/2025 21:59;U016;P080;TipInt006;Cyber Monday;Paris, France;7;1.9
I2966;1/06/2026 08:31;U009;P048;TipInt006;Black Friday;New York, USA;8;4.5
I2967;1/11/2026 01:10;U005;P008;TipInt003;Holiday Sale;Toronto, Canada;6;2.6
I2968;10/12/2025 00:52;U095;P003;TipInt001;Spring Sale;Berlin, Germany;7;1.4
I2969;1/13/2026 12:47;U072;P056;TipInt006;Black Friday;Paris, France;3;4
I2970;1/06/2026 22:01;U117;P007;TipInt002;Regular Day;New York, USA;10;2.1
I2971;11/03/2025 12:20;U008;P024;TipInt003;Cyber Monday;Paris, France;-;2.8
I2972;12/09/2025 23:30;U104;P024;TipInt006;Cyber Monday;Sydney, Australia;1;2
I2973;10/05/2025 05:54;U053;P010;TipInt005;Spring Sale;London, UK;9;2.6
I2974;10/19/2025 01:19;U009;P064;TipInt001;Regular Day;New York, USA;2;3.6
I2975;1/10/2026 17:36;U042;P073;TipInt005;Spring Sale;New York, USA;9;3.6
I2976;12/26/2025 15:25;U050;P044;TipInt004;Regular Day;London, UK;1;3.8
I2977;10/16/2025 10:41;U141;P067;TipInt003;Cyber Monday;London, UK;5;2.2
I2978;12/09/2025 03:36;U150;P022;TipInt003;Spring Sale;Toronto, Canada;4;3.1
I2979;10/22/2025 12:43;U008;P044;TipInt006;Cyber Monday;Toronto, Canada;-;2
I2980;11/15/2025 13:09;U125;P057;TipInt006;Black Friday;New York, USA;2;4.1
I2981;11/21/2025 06:37;U077;P012;TipInt002;Holiday Sale;Paris, France;10;2
I2982;10/31/2025 03:56;U148;P071;TipInt006;Spring Sale;Sydney, Australia;8;1.2
I2983;10/25/2025 21:41;U075;P043;TipInt004;Spring Sale;Paris, France;9;4.6
I2984;10/01/2025 15:36;U145;P077;TipInt005;Regular Day;London, UK;3;2.4
I2985;12/10/2025 00:17;U054;P067;TipInt005;Cyber Monday;Paris, France;7;2.8
I2986;1/26/2026 18:50;U057;P087;TipInt001;Cyber Monday;London, UK;4;4.9
I2987;1/07/2026 11:27;U073;P010;TipInt001;Holiday Sale;Toronto, Canada;5;2.2
I2988;10/01/2025 09:41;U089;P018;TipInt001;Spring Sale;Toronto, Canada;3;3.6
I2989;11/14/2025 23:40;U090;P032;TipInt004;Cyber Monday;New York, USA;8;4.5
I2990;12/08/2025 15:37;U077;P018;TipInt003;Regular Day;Sydney, Australia;-;4.1
I2991;12/13/2025 08:41;U111;P068;TipInt004;Spring Sale;Sydney, Australia;2;4.9
I2992;12/08/2025 00:42;U025;P038;TipInt004;Cyber Monday;Berlin, Germany;5;2.4
I2993;11/06/2025 05:02;U027;P032;TipInt006;Regular Day;Berlin, Germany;2;1.8
I2994;11/18/2025 22:11;U009;P089;TipInt006;Black Friday;Sydney, Australia;4;2.1
I2995;10/25/2025 00:34;U019;P085;TipInt006;Regular Day;New York, USA;1;3.7
I2996;11/17/2025 20:23;U015;P029;TipInt001;Black Friday;Toronto, Canada;9;1.3
I2997;10/28/2025 03:12;U018;P060;TipInt005;Holiday Sale;Paris, France;9;2.3
I2998;1/24/2026 13:02;U108;P092;TipInt006;Regular Day;London, UK;9;2
I2999;10/22/2025 23:34;U149;P056;TipInt003;Cyber Monday;Berlin, Germany;5;3.7
I3000;11/13/2025 05:59;U122;P051;TipInt001;Regular Day;Sydney, Australia;2;1.8
I3001;11/10/2025 00:32;U014;P082;TipInt004;Spring Sale;Berlin, Germany;2;2.4
I3002;11/21/2025 02:57;U135;P085;TipInt006;Regular Day;London, UK;8;4.7
I3003;1/16/2026 17:54;U137;P026;TipInt001;Holiday Sale;Paris, France;-;4.3
I3004;11/21/2025 05:01;U142;P080;TipInt001;Black Friday;Sydney, Australia;-;1.3
I3005;1/20/2026 02:00;U037;P002;TipInt004;Holiday Sale;London, UK;6;3.1
I3006;10/16/2025 05:35;U139;P018;TipInt006;Regular Day;Sydney, Australia;7;4.7
I3007;12/23/2025 08:22;U136;P071;TipInt003;Regular Day;New York, USA;8;3.5
I3008;1/07/2026 01:06;U088;P006;TipInt004;Black Friday;Paris, France;9;2.2
I3009;1/07/2026 02:52;U100;P097;TipInt001;Regular Day;Berlin, Germany;1;3
I3010;1/13/2026 20:22;U062;P019;TipInt006;Holiday Sale;London, UK;-;1.2
I3011;12/13/2025 19:21;U072;P041;TipInt001;Spring Sale;New York, USA;1;3.3
I3012;1/10/2026 05:13;U039;P094;TipInt006;Regular Day;Toronto, Canada;1;1.6
I3013;11/13/2025 09:55;U037;P039;TipInt001;Cyber Monday;New York, USA;3;4.6
I3014;1/27/2026 17:52;U024;P015;TipInt003;Spring Sale;Paris, France;6;4.2
I3015;11/04/2025 01:26;U063;P015;TipInt004;Regular Day;New York, USA;8;3.8
I3016;1/02/2026 14:39;U043;P077;TipInt006;Spring Sale;Berlin, Germany;1;4.6
I3017;12/16/2025 20:39;U023;P085;TipInt004;Black Friday;Toronto, Canada;7;2.1
I3018;12/15/2025 14:46;U132;P039;TipInt003;Cyber Monday;New York, USA;8;2.7
I3019;11/04/2025 13:31;U137;P060;TipInt003;Cyber Monday;Sydney, Australia;9;3.1
I3020;11/17/2025 16:19;U015;P093;TipInt003;Regular Day;Toronto, Canada;8;4.5
I3021;10/01/2025 04:45;U143;P055;TipInt003;Regular Day;Toronto, Canada;3;4.1
I3022;11/01/2025 00:24;U050;P050;TipInt005;Holiday Sale;Paris, France;-;1
I3023;1/16/2026 00:17;U105;P076;TipInt004;Spring Sale;Toronto, Canada;7;4.2
I3024;10/10/2025 01:23;U137;P068;TipInt006;Cyber Monday;Paris, France;-;2.8
I3025;12/11/2025 19:32;U100;P080;TipInt006;Black Friday;Toronto, Canada;4;2.8
I3026;11/13/2025 05:30;U129;P071;TipInt001;Spring Sale;London, UK;6;2.2
I3027;1/09/2026 16:27;U100;P035;TipInt006;Spring Sale;Sydney, Australia;7;2.8
I3028;1/17/2026 12:26;U118;P026;TipInt003;Black Friday;Sydney, Australia;1;3.1
I3029;12/25/2025 02:28;U029;P087;TipInt001;Holiday Sale;Berlin, Germany;2;4.6
I3030;12/23/2025 08:44;U130;P037;TipInt005;Holiday Sale;Berlin, Germany;7;2.2
I3031;11/07/2025 23:12;U052;P009;TipInt005;Holiday Sale;Paris, France;-;1.8
I3032;1/12/2026 06:41;U065;P090;TipInt005;Holiday Sale;Paris, France;7;1.2
I3033;12/29/2025 01:15;U050;P074;TipInt002;Spring Sale;Berlin, Germany;7;1.7
I3034;11/18/2025 02:39;U014;P070;TipInt002;Regular Day;Toronto, Canada;3;4.2
I3035;10/30/2025 00:03;U083;P056;TipInt001;Holiday Sale;Toronto, Canada;7;2.8
I3036;10/17/2025 20:42;U052;P067;TipInt004;Spring Sale;Toronto, Canada;7;1.7
I3037;11/04/2025 18:04;U119;P013;TipInt001;Spring Sale;New York, USA;2;4.2
I3038;12/02/2025 23:17;U083;P090;TipInt004;Regular Day;Sydney, Australia;5;1.2
I3039;11/02/2025 22:25;U009;P022;TipInt005;Holiday Sale;Sydney, Australia;9;4.5
I3040;1/24/2026 08:07;U080;P046;TipInt002;Black Friday;Toronto, Canada;6;1.5
I3041;12/04/2025 20:17;U109;P094;TipInt006;Regular Day;London, UK;-;4.9
I3042;11/28/2025 21:18;U041;P059;TipInt001;Holiday Sale;Paris, France;6;4.6
I3043;11/26/2025 04:08;U019;P098;TipInt001;Spring Sale;Berlin, Germany;9;3.8
I3044;10/22/2025 22:36;U068;P028;TipInt006;Holiday Sale;Paris, France;7;2.5
I3045;10/26/2025 17:06;U117;P077;TipInt006;Cyber Monday;Toronto, Canada;10;4
I3046;11/20/2025 18:56;U058;P072;TipInt004;Cyber Monday;Berlin, Germany;6;4
I3047;12/23/2025 00:36;U003;P036;TipInt004;Holiday Sale;Sydney, Australia;1;2.9
I3048;12/20/2025 03:57;U102;P007;TipInt006;Spring Sale;London, UK;9;4
I3049;1/02/2026 03:11;U125;P005;TipInt005;Regular Day;Berlin, Germany;10;4.8
I3050;12/17/2025 08:41;U064;P071;TipInt003;Regular Day;Toronto, Canada;9;2.2
I3051;11/16/2025 14:08;U024;P002;TipInt004;Holiday Sale;Toronto, Canada;1;1.5
I3052;12/29/2025 23:14;U025;P086;TipInt003;Black Friday;New York, USA;6;2.6
I3053;10/26/2025 12:35;U018;P037;TipInt003;Holiday Sale;New York, USA;10;2
I3054;12/15/2025 05:05;U082;P067;TipInt001;Cyber Monday;Berlin, Germany;1;4.5
I3055;12/27/2025 07:38;U102;P064;TipInt006;Holiday Sale;Paris, France;9;1.9
I3056;11/03/2025 09:54;U060;P013;TipInt006;Spring Sale;Paris, France;6;4.3
I3057;10/27/2025 14:14;U053;P097;TipInt001;Holiday Sale;New York, USA;3;4.5
I3058;12/05/2025 02:19;U067;P031;TipInt004;Holiday Sale;London, UK;6;3.2
I3059;11/15/2025 17:02;U072;P029;TipInt005;Black Friday;New York, USA;4;1.3
I3060;11/20/2025 21:06;U142;P069;TipInt002;Spring Sale;Berlin, Germany;1;4.1
I3061;11/28/2025 11:25;U031;P063;TipInt003;Cyber Monday;London, UK;1;2.4
I3062;10/05/2025 15:47;U005;P084;TipInt004;Spring Sale;Paris, France;2;3.3
I3063;10/02/2025 03:24;U056;P017;TipInt003;Black Friday;Paris, France;-;4.6
I3064;12/20/2025 06:55;U032;P056;TipInt002;Holiday Sale;Paris, France;3;4.2
I3065;11/18/2025 16:03;U034;P008;TipInt004;Black Friday;Paris, France;3;2.3
I3066;12/24/2025 07:13;U095;P021;TipInt006;Holiday Sale;Berlin, Germany;7;4.8
I3067;1/01/2026 18:14;U052;P024;TipInt006;Cyber Monday;Toronto, Canada;4;3.1
I3068;11/25/2025 12:18;U080;P040;TipInt001;Cyber Monday;New York, USA;6;2.9
I3069;12/02/2025 08:37;U027;P045;TipInt005;Cyber Monday;Paris, France;5;4.3
I3070;1/02/2026 06:28;U116;P066;TipInt003;Cyber Monday;London, UK;9;3.4
I3071;1/27/2026 23:35;U084;P091;TipInt005;Black Friday;New York, USA;7;3.9
I3072;12/11/2025 23:42;U145;P020;TipInt006;Black Friday;Sydney, Australia;3;2.3
I3073;11/17/2025 09:57;U093;P009;TipInt004;Holiday Sale;Sydney, Australia;7;2.4
I3074;10/04/2025 06:16;U063;P045;TipInt004;Holiday Sale;New York, USA;5;4.8
I3075;10/03/2025 22:47;U079;P018;TipInt004;Black Friday;New York, USA;9;2.3
I3076;11/09/2025 14:27;U068;P037;TipInt003;Spring Sale;Toronto, Canada;9;3.8
I3077;1/13/2026 14:36;U056;P005;TipInt001;Regular Day;Paris, France;8;5
I3078;11/11/2025 12:10;U051;P098;TipInt003;Black Friday;Sydney, Australia;9;2.4
I3079;1/13/2026 16:08;U007;P088;TipInt006;Regular Day;Sydney, Australia;6;1.3
I3080;12/28/2025 14:14;U038;P018;TipInt005;Regular Day;New York, USA;10;1.7
I3081;11/28/2025 08:48;U149;P085;TipInt001;Black Friday;London, UK;10;3.5
I3082;11/26/2025 01:28;U030;P025;TipInt001;Cyber Monday;Toronto, Canada;-;4.5
I3083;12/16/2025 19:47;U143;P018;TipInt004;Cyber Monday;New York, USA;1;3.6
I3084;10/19/2025 21:42;U149;P058;TipInt004;Black Friday;New York, USA;3;3.7
I3085;11/21/2025 22:39;U106;P045;TipInt002;Spring Sale;London, UK;7;2.5
I3086;12/13/2025 17:45;U094;P032;TipInt006;Holiday Sale;Berlin, Germany;10;1.9
I3087;10/10/2025 02:58;U001;P004;TipInt005;Black Friday;Paris, France;10;4.7
I3088;12/19/2025 12:27;U069;P058;TipInt002;Regular Day;Sydney, Australia;9;2.2
I3089;1/28/2026 20:00;U014;P089;TipInt005;Holiday Sale;New York, USA;8;5
I3090;11/21/2025 19:43;U085;P052;TipInt006;Regular Day;Paris, France;3;4.3
I3091;11/18/2025 08:52;U133;P052;TipInt001;Spring Sale;Paris, France;-;3.6
I3092;12/16/2025 09:38;U022;P075;TipInt002;Spring Sale;New York, USA;10;2.9
I3093;11/11/2025 06:29;U004;P049;TipInt003;Holiday Sale;London, UK;10;4.2
I3094;12/16/2025 18:49;U037;P042;TipInt004;Spring Sale;Toronto, Canada;4;2.3
I3095;12/10/2025 20:05;U001;P097;TipInt004;Holiday Sale;Sydney, Australia;8;2
I3096;10/12/2025 23:40;U108;P050;TipInt003;Cyber Monday;Sydney, Australia;10;4.6
I3097;10/13/2025 08:59;U005;P055;TipInt003;Black Friday;Berlin, Germany;4;2.9
I3098;10/26/2025 09:28;U073;P019;TipInt002;Regular Day;Berlin, Germany;-;3.8
I3099;1/08/2026 03:43;U125;P093;TipInt005;Regular Day;London, UK;6;4.6
I3100;10/24/2025 07:48;U013;P074;TipInt003;Cyber Monday;Berlin, Germany;9;3.4
I3101;10/19/2025 05:23;U054;P001;TipInt006;Holiday Sale;Toronto, Canada;9;1.7
I3102;10/29/2025 07:49;U057;P060;TipInt006;Cyber Monday;Toronto, Canada;8;2.1
I3103;11/06/2025 13:19;U083;P004;TipInt002;Regular Day;Berlin, Germany;4;4.5
I3104;12/17/2025 04:47;U041;P026;TipInt003;Regular Day;Paris, France;8;1.5
I3105;1/29/2026 15:59;U025;P025;TipInt004;Regular Day;London, UK;2;4.3
I3106;11/29/2025 17:06;U003;P084;TipInt006;Regular Day;Paris, France;8;3.8
I3107;11/12/2025 06:22;U008;P061;TipInt006;Cyber Monday;Paris, France;6;1.8
I3108;1/30/2026 11:00;U027;P092;TipInt004;Spring Sale;Paris, France;6;1.9
I3109;1/23/2026 01:46;U128;P006;TipInt002;Regular Day;Paris, France;4;3.5
I3110;1/29/2026 23:17;U068;P051;TipInt001;Holiday Sale;Toronto, Canada;6;2.1
I3111;10/18/2025 17:08;U100;P059;TipInt003;Spring Sale;London, UK;2;2.1
I3112;12/17/2025 00:03;U126;P025;TipInt001;Regular Day;Berlin, Germany;6;3.6
I3113;12/23/2025 03:33;U097;P096;TipInt004;Spring Sale;Toronto, Canada;10;2.8
I3114;12/08/2025 07:05;U049;P086;TipInt002;Regular Day;London, UK;9;1.3
I3115;10/06/2025 15:33;U144;P052;TipInt004;Cyber Monday;London, UK;2;4
I3116;12/05/2025 10:42;U141;P051;TipInt001;Spring Sale;Toronto, Canada;9;3
I3117;11/27/2025 19:08;U147;P057;TipInt004;Regular Day;New York, USA;7;2.8
I3118;10/06/2025 13:41;U137;P054;TipInt003;Black Friday;London, UK;5;4.1
I3119;10/24/2025 23:29;U111;P068;TipInt003;Holiday Sale;London, UK;1;3
I3120;11/19/2025 13:28;U097;P034;TipInt001;Holiday Sale;New York, USA;8;1.8
I3121;12/18/2025 14:52;U121;P007;TipInt004;Holiday Sale;Paris, France;8;1.4
I3122;10/25/2025 22:29;U017;P020;TipInt003;Holiday Sale;Sydney, Australia;4;3.9
I3123;10/06/2025 21:32;U099;P048;TipInt002;Black Friday;Berlin, Germany;2;4.5
I3124;10/22/2025 15:38;U009;P096;TipInt004;Cyber Monday;London, UK;10;3.3
I3125;1/03/2026 06:10;U068;P091;TipInt006;Black Friday;Toronto, Canada;9;4.3
I3126;1/07/2026 14:55;U087;P011;TipInt002;Black Friday;New York, USA;5;2.8
I3127;1/03/2026 17:16;U073;P083;TipInt006;Holiday Sale;Sydney, Australia;6;2.4
I3128;12/13/2025 18:03;U133;P095;TipInt002;Spring Sale;London, UK;10;2.8
I3129;1/14/2026 13:02;U095;P043;TipInt001;Regular Day;Berlin, Germany;4;4.4
I3130;10/16/2025 21:37;U119;P067;TipInt002;Spring Sale;Sydney, Australia;2;3
I3131;1/17/2026 16:21;U100;P058;TipInt002;Regular Day;Toronto, Canada;-;1.2
I3132;11/20/2025 14:10;U101;P067;TipInt006;Regular Day;Paris, France;3;3.1
I3133;10/05/2025 09:03;U087;P005;TipInt005;Spring Sale;Sydney, Australia;6;1.6
I3134;11/07/2025 05:43;U105;P048;TipInt003;Cyber Monday;Sydney, Australia;-;2.3
I3135;11/27/2025 04:07;U119;P092;TipInt005;Cyber Monday;Berlin, Germany;2;1.9
I3136;11/30/2025 16:02;U086;P005;TipInt005;Spring Sale;Paris, France;3;4.8
I3137;1/26/2026 23:25;U128;P090;TipInt002;Holiday Sale;London, UK;6;3.4
I3138;10/24/2025 00:53;U146;P037;TipInt003;Regular Day;New York, USA;9;4.6
I3139;12/17/2025 08:41;U129;P044;TipInt005;Cyber Monday;Toronto, Canada;3;2.9
I3140;10/21/2025 09:20;U111;P089;TipInt003;Spring Sale;London, UK;5;3.1
I3141;11/11/2025 12:11;U057;P027;TipInt006;Regular Day;Sydney, Australia;9;2.2
I3142;10/22/2025 12:43;U013;P027;TipInt003;Cyber Monday;Sydney, Australia;5;2.5
I3143;11/27/2025 08:00;U083;P060;TipInt005;Regular Day;Paris, France;7;1.8
I3144;11/23/2025 06:32;U015;P005;TipInt003;Black Friday;London, UK;10;2.7
I3145;10/30/2025 22:47;U049;P059;TipInt002;Holiday Sale;Toronto, Canada;8;4.5
I3146;1/21/2026 09:03;U120;P013;TipInt004;Regular Day;London, UK;8;4.2
I3147;10/13/2025 11:07;U130;P059;TipInt005;Regular Day;Toronto, Canada;1;1.4
I3148;1/31/2026 01:44;U103;P078;TipInt001;Black Friday;Paris, France;5;1.6
I3149;12/26/2025 20:00;U139;P018;TipInt002;Holiday Sale;New York, USA;5;2.3
I3150;10/10/2025 13:27;U028;P058;TipInt002;Spring Sale;Sydney, Australia;9;2.8
I3151;12/25/2025 22:00;U030;P024;TipInt001;Holiday Sale;Sydney, Australia;6;4
I3152;11/05/2025 05:16;U050;P047;TipInt006;Black Friday;London, UK;5;3.9
I3153;10/02/2025 03:40;U040;P059;TipInt001;Cyber Monday;London, UK;2;2.7
I3154;12/23/2025 04:34;U141;P046;TipInt004;Black Friday;Sydney, Australia;3;2.1
I3155;12/16/2025 15:18;U081;P094;TipInt003;Spring Sale;Berlin, Germany;3;1
I3156;12/31/2025 23:49;U080;P088;TipInt001;Spring Sale;London, UK;-;4.3
I3157;1/17/2026 00:39;U038;P059;TipInt001;Black Friday;Paris, France;6;4
I3158;10/11/2025 09:00;U095;P020;TipInt001;Black Friday;New York, USA;6;4.4
I3159;10/27/2025 16:43;U071;P015;TipInt003;Cyber Monday;Berlin, Germany;10;1.7
I3160;12/12/2025 04:58;U066;P021;TipInt004;Spring Sale;Berlin, Germany;3;1
I3161;10/18/2025 09:55;U056;P036;TipInt003;Holiday Sale;Toronto, Canada;-;1.5
I3162;10/03/2025 21:19;U114;P078;TipInt006;Black Friday;Paris, France;2;2.2
I3163;12/19/2025 09:38;U103;P057;TipInt001;Holiday Sale;Toronto, Canada;10;4.6
I3164;10/15/2025 23:06;U014;P005;TipInt004;Spring Sale;Toronto, Canada;9;4
I3165;1/17/2026 20:39;U053;P095;TipInt001;Black Friday;Berlin, Germany;5;1.6
I3166;12/07/2025 13:05;U018;P081;TipInt004;Holiday Sale;Berlin, Germany;1;5
I3167;11/30/2025 19:57;U104;P074;TipInt005;Cyber Monday;Toronto, Canada;1;1.3
I3168;1/19/2026 07:14;U078;P011;TipInt001;Regular Day;Sydney, Australia;4;1.9
I3169;12/15/2025 04:38;U093;P026;TipInt002;Spring Sale;London, UK;7;3.5
I3170;10/14/2025 02:17;U026;P060;TipInt005;Black Friday;Berlin, Germany;8;3.2
I3171;10/18/2025 06:02;U149;P071;TipInt004;Spring Sale;Toronto, Canada;8;4.9
I3172;10/10/2025 23:38;U133;P045;TipInt003;Black Friday;Sydney, Australia;2;3
I3173;11/07/2025 10:29;U116;P028;TipInt004;Spring Sale;Toronto, Canada;7;3
I3174;11/05/2025 02:35;U015;P015;TipInt005;Holiday Sale;Paris, France;2;1.9
I3175;10/31/2025 09:50;U112;P075;TipInt003;Black Friday;Berlin, Germany;6;3.6
I3176;10/09/2025 04:55;U063;P020;TipInt005;Holiday Sale;London, UK;3;3.5
I3177;1/11/2026 17:29;U059;P041;TipInt004;Holiday Sale;New York, USA;3;2.5
I3178;11/06/2025 02:07;U127;P099;TipInt005;Holiday Sale;Paris, France;10;1.3
I3179;1/15/2026 02:41;U003;P038;TipInt001;Holiday Sale;London, UK;10;4
I3180;10/18/2025 18:35;U080;P024;TipInt002;Spring Sale;Sydney, Australia;2;3.4
I3181;10/10/2025 07:27;U025;P084;TipInt004;Regular Day;Sydney, Australia;4;3
I3182;12/02/2025 15:55;U119;P069;TipInt003;Black Friday;London, UK;3;2.9
I3183;1/04/2026 09:45;U147;P038;TipInt004;Regular Day;New York, USA;2;3.5
I3184;12/20/2025 02:22;U057;P023;TipInt003;Holiday Sale;Sydney, Australia;8;4.8
I3185;10/17/2025 01:51;U037;P050;TipInt006;Regular Day;Paris, France;1;3
I3186;12/02/2025 22:02;U118;P018;TipInt002;Black Friday;Sydney, Australia;10;3.9
I3187;1/21/2026 12:25;U129;P083;TipInt001;Cyber Monday;Toronto, Canada;8;1.5
I3188;10/07/2025 00:47;U135;P038;TipInt006;Holiday Sale;Paris, France;9;3.7
I3189;11/18/2025 05:27;U011;P092;TipInt004;Spring Sale;Toronto, Canada;5;3.5
I3190;10/23/2025 03:24;U060;P093;TipInt005;Holiday Sale;Berlin, Germany;9;1.7
I3191;11/23/2025 21:56;U071;P029;TipInt003;Regular Day;Berlin, Germany;3;1.3
I3192;1/06/2026 04:52;U095;P001;TipInt003;Cyber Monday;Berlin, Germany;-;2.2
I3193;10/05/2025 09:03;U070;P092;TipInt006;Black Friday;Toronto, Canada;2;3.7
I3194;10/30/2025 01:48;U002;P037;TipInt001;Holiday Sale;Sydney, Australia;8;4.1
I3195;10/11/2025 04:06;U064;P053;TipInt005;Black Friday;New York, USA;7;4.3
I3196;11/18/2025 13:34;U079;P054;TipInt004;Cyber Monday;London, UK;8;4.8
I3197;10/29/2025 18:48;U085;P069;TipInt002;Black Friday;Toronto, Canada;-;3.9
I3198;12/11/2025 23:21;U062;P043;TipInt001;Black Friday;Toronto, Canada;4;1.3
I3199;12/18/2025 02:36;U149;P088;TipInt003;Regular Day;London, UK;8;2.4
I3200;11/16/2025 02:38;U012;P058;TipInt006;Black Friday;Sydney, Australia;3;4.5
I3201;10/06/2025 07:57;U038;P085;TipInt004;Spring Sale;Sydney, Australia;3;3
I3202;1/28/2026 01:27;U054;P008;TipInt002;Regular Day;Berlin, Germany;5;2.8
I3203;12/02/2025 02:23;U097;P084;TipInt004;Holiday Sale;Toronto, Canada;7;2.4
I3204;10/19/2025 20:45;U064;P099;TipInt005;Regular Day;Berlin, Germany;9;4
I3205;11/03/2025 08:27;U129;P072;TipInt004;Spring Sale;Berlin, Germany;9;4.9
I3206;10/24/2025 08:38;U136;P019;TipInt006;Black Friday;Toronto, Canada;4;3.1
I3207;10/26/2025 04:56;U052;P093;TipInt001;Black Friday;Toronto, Canada;4;4.2
I3208;11/05/2025 14:25;U103;P042;TipInt001;Black Friday;Toronto, Canada;7;3.2
I3209;11/04/2025 23:24;U071;P062;TipInt004;Cyber Monday;Sydney, Australia;5;2.8
I3210;10/25/2025 08:06;U138;P004;TipInt003;Cyber Monday;New York, USA;9;2
I3211;10/07/2025 08:39;U061;P089;TipInt003;Holiday Sale;Sydney, Australia;4;4.6
I3212;11/10/2025 13:27;U130;P026;TipInt006;Black Friday;London, UK;7;2.8
I3213;1/11/2026 21:01;U012;P062;TipInt004;Cyber Monday;Toronto, Canada;4;4.5
I3214;12/27/2025 16:52;U029;P066;TipInt004;Spring Sale;London, UK;7;3.9
I3215;1/12/2026 15:42;U025;P091;TipInt006;Black Friday;London, UK;7;1.2
I3216;12/09/2025 19:50;U079;P054;TipInt006;Holiday Sale;Sydney, Australia;8;1.4
I3217;11/16/2025 17:38;U050;P049;TipInt001;Black Friday;Sydney, Australia;1;4.9
I3218;11/15/2025 12:27;U059;P039;TipInt003;Spring Sale;London, UK;2;4.5
I3219;12/01/2025 20:43;U150;P099;TipInt002;Cyber Monday;Toronto, Canada;1;2.1
I3220;11/13/2025 18:05;U131;P035;TipInt004;Holiday Sale;Berlin, Germany;5;2.1
I3221;11/08/2025 03:41;U140;P044;TipInt006;Regular Day;Paris, France;5;3
I3222;11/20/2025 02:11;U006;P049;TipInt003;Black Friday;London, UK;-;1.3
I3223;12/17/2025 17:57;U104;P029;TipInt001;Spring Sale;Berlin, Germany;3;1.7
I3224;10/15/2025 07:34;U028;P059;TipInt003;Black Friday;Paris, France;10;3
I3225;1/19/2026 08:40;U071;P019;TipInt003;Cyber Monday;New York, USA;4;3.9
I3226;11/14/2025 18:36;U035;P024;TipInt001;Holiday Sale;Berlin, Germany;2;4
I3227;1/04/2026 05:19;U003;P063;TipInt003;Holiday Sale;New York, USA;4;4.4
I3228;1/29/2026 23:15;U144;P045;TipInt006;Holiday Sale;London, UK;5;2.2
I3229;11/08/2025 14:13;U118;P039;TipInt006;Spring Sale;Sydney, Australia;2;4.4
I3230;12/11/2025 03:12;U076;P098;TipInt003;Cyber Monday;Toronto, Canada;3;2.6
I3231;12/27/2025 22:32;U125;P010;TipInt002;Black Friday;Sydney, Australia;7;4.7
I3232;1/19/2026 03:42;U006;P003;TipInt003;Spring Sale;Toronto, Canada;8;4.2
I3233;11/28/2025 08:21;U021;P077;TipInt005;Holiday Sale;Toronto, Canada;2;1.8
I3234;10/23/2025 08:19;U012;P004;TipInt001;Regular Day;London, UK;7;3.1
I3235;10/28/2025 12:54;U097;P061;TipInt005;Cyber Monday;Paris, France;6;3.9
I3236;10/03/2025 09:26;U138;P065;TipInt004;Holiday Sale;Sydney, Australia;2;4.3
I3237;11/12/2025 05:18;U138;P089;TipInt003;Black Friday;Sydney, Australia;5;4.1
I3238;11/02/2025 00:26;U070;P095;TipInt005;Cyber Monday;Sydney, Australia;5;4
I3239;10/09/2025 03:13;U012;P077;TipInt003;Regular Day;Toronto, Canada;4;3.6
I3240;11/28/2025 11:11;U145;P015;TipInt006;Cyber Monday;Paris, France;10;3.5
I3241;1/24/2026 21:26;U109;P040;TipInt003;Black Friday;Berlin, Germany;2;2.1
I3242;10/31/2025 06:23;U013;P077;TipInt002;Holiday Sale;Toronto, Canada;7;4.5
I3243;1/14/2026 10:25;U108;P011;TipInt006;Regular Day;Toronto, Canada;2;1.8
I3244;10/13/2025 05:54;U101;P013;TipInt001;Black Friday;Sydney, Australia;8;3.9
I3245;1/18/2026 02:02;U113;P023;TipInt001;Cyber Monday;London, UK;-;4.8
I3246;11/28/2025 09:34;U016;P018;TipInt005;Cyber Monday;Sydney, Australia;8;3
I3247;10/04/2025 21:41;U110;P017;TipInt003;Regular Day;Berlin, Germany;1;2.4
I3248;11/15/2025 03:28;U121;P036;TipInt003;Cyber Monday;London, UK;1;2.6
I3249;11/25/2025 18:33;U138;P025;TipInt001;Black Friday;Sydney, Australia;7;2.2
I3250;1/15/2026 09:59;U100;P054;TipInt006;Holiday Sale;London, UK;8;3.3
I3251;1/14/2026 03:58;U045;P068;TipInt001;Cyber Monday;Paris, France;5;3.1
I3252;12/14/2025 06:55;U128;P085;TipInt002;Black Friday;Paris, France;3;3.1
I3253;1/01/2026 04:35;U097;P096;TipInt002;Spring Sale;New York, USA;9;4.1
I3254;11/09/2025 08:33;U054;P050;TipInt001;Regular Day;Paris, France;10;1.2
I3255;1/07/2026 10:03;U101;P093;TipInt002;Black Friday;Paris, France;8;3.3
I3256;12/06/2025 15:05;U054;P002;TipInt004;Holiday Sale;London, UK;7;2.3
I3257;1/18/2026 07:48;U081;P065;TipInt004;Spring Sale;Toronto, Canada;2;3
I3258;10/11/2025 22:57;U138;P017;TipInt001;Holiday Sale;Sydney, Australia;1;4.8
I3259;10/18/2025 00:23;U080;P029;TipInt006;Spring Sale;Toronto, Canada;3;2.3
I3260;11/14/2025 01:21;U053;P055;TipInt001;Cyber Monday;Sydney, Australia;7;1.2
I3261;10/06/2025 21:37;U031;P024;TipInt005;Black Friday;London, UK;1;4.9
I3262;11/01/2025 00:44;U109;P058;TipInt005;Holiday Sale;Toronto, Canada;1;1.3
I3263;12/21/2025 05:29;U141;P003;TipInt003;Cyber Monday;Toronto, Canada;10;2.9
I3264;10/14/2025 17:14;U134;P072;TipInt002;Black Friday;Toronto, Canada;1;3.4
I3265;11/28/2025 10:33;U134;P041;TipInt006;Holiday Sale;Paris, France;7;1.8
I3266;1/03/2026 16:46;U094;P065;TipInt002;Regular Day;Paris, France;9;3.4
I3267;1/22/2026 10:46;U001;P066;TipInt001;Regular Day;New York, USA;4;2.2
I3268;12/22/2025 04:10;U083;P070;TipInt002;Spring Sale;Toronto, Canada;9;4.6
I3269;10/07/2025 21:00;U014;P033;TipInt006;Holiday Sale;London, UK;5;2.6
I3270;1/02/2026 15:29;U076;P016;TipInt003;Regular Day;Paris, France;9;3
I3271;12/17/2025 12:55;U069;P045;TipInt005;Holiday Sale;Paris, France;6;4.6
I3272;11/19/2025 19:28;U122;P073;TipInt003;Black Friday;New York, USA;3;2
I3273;12/13/2025 14:43;U048;P048;TipInt004;Regular Day;Sydney, Australia;10;2.7
I3274;1/10/2026 04:41;U062;P023;TipInt006;Spring Sale;Sydney, Australia;4;2.9
I3275;10/21/2025 04:29;U113;P095;TipInt004;Black Friday;Paris, France;1;2.1
I3276;1/28/2026 03:06;U002;P087;TipInt001;Cyber Monday;New York, USA;2;4.7
I3277;11/13/2025 06:44;U089;P073;TipInt003;Regular Day;Paris, France;6;3.6
I3278;10/29/2025 11:05;U035;P075;TipInt005;Black Friday;London, UK;6;4.8
I3279;1/22/2026 23:40;U136;P079;TipInt006;Black Friday;Toronto, Canada;1;4.6
I3280;10/31/2025 00:19;U118;P012;TipInt004;Cyber Monday;Berlin, Germany;10;1.6
I3281;1/15/2026 00:30;U131;P014;TipInt001;Black Friday;London, UK;6;3.9
I3282;10/26/2025 11:15;U021;P094;TipInt005;Regular Day;Paris, France;2;4.8
I3283;12/17/2025 07:00;U036;P025;TipInt003;Spring Sale;London, UK;9;2.8
I3284;11/10/2025 19:37;U085;P024;TipInt006;Cyber Monday;New York, USA;8;2.1
I3285;1/03/2026 05:15;U102;P059;TipInt005;Spring Sale;Paris, France;3;4.7
I3286;12/28/2025 10:27;U045;P022;TipInt004;Holiday Sale;New York, USA;4;4.6
I3287;11/08/2025 02:36;U134;P050;TipInt001;Holiday Sale;New York, USA;6;4.3
I3288;10/22/2025 00:22;U136;P094;TipInt005;Black Friday;Toronto, Canada;6;2.4
I3289;1/03/2026 03:30;U145;P006;TipInt002;Black Friday;Toronto, Canada;2;1.5
I3290;11/28/2025 15:11;U069;P063;TipInt002;Cyber Monday;Berlin, Germany;7;1.9
I3291;1/31/2026 22:25;U131;P001;TipInt004;Black Friday;Berlin, Germany;6;3.8
I3292;1/27/2026 21:53;U010;P010;TipInt001;Regular Day;Paris, France;5;1.3
I3293;12/29/2025 04:15;U067;P078;TipInt005;Holiday Sale;Berlin, Germany;8;3.2
I3294;10/25/2025 15:44;U145;P024;TipInt005;Spring Sale;Paris, France;3;3
I3295;10/28/2025 03:46;U069;P035;TipInt002;Regular Day;New York, USA;8;3.9
I3296;10/09/2025 01:05;U116;P067;TipInt006;Holiday Sale;New York, USA;5;3.2
I3297;10/31/2025 05:55;U027;P030;TipInt005;Spring Sale;Toronto, Canada;1;2.4
I3298;11/28/2025 19:05;U044;P006;TipInt006;Holiday Sale;Sydney, Australia;-;4.4
I3299;12/08/2025 21:40;U146;P070;TipInt004;Cyber Monday;Paris, France;2;4.1
I3300;11/08/2025 02:53;U147;P066;TipInt003;Spring Sale;Berlin, Germany;5;1.6
I3301;11/22/2025 15:43;U075;P064;TipInt005;Holiday Sale;New York, USA;6;3.1
I3302;10/16/2025 09:11;U135;P085;TipInt005;Holiday Sale;Paris, France;10;4.8
I3303;10/23/2025 20:30;U145;P052;TipInt003;Cyber Monday;Toronto, Canada;9;1.1
I3304;12/24/2025 14:49;U075;P055;TipInt003;Black Friday;Berlin, Germany;-;1.5
I3305;12/01/2025 06:37;U040;P067;TipInt006;Spring Sale;Toronto, Canada;2;4
I3306;12/31/2025 18:39;U136;P024;TipInt004;Holiday Sale;Berlin, Germany;5;3.9
I3307;1/27/2026 19:55;U128;P018;TipInt004;Black Friday;Toronto, Canada;5;4.7
I3308;1/04/2026 04:01;U041;P079;TipInt006;Holiday Sale;London, UK;6;1.9
I3309;1/17/2026 05:44;U125;P007;TipInt003;Cyber Monday;Berlin, Germany;6;2
I3310;12/11/2025 17:15;U064;P076;TipInt006;Regular Day;London, UK;4;3.4
I3311;10/03/2025 09:24;U148;P001;TipInt006;Black Friday;Toronto, Canada;3;2.3
I3312;11/05/2025 04:53;U047;P090;TipInt003;Holiday Sale;New York, USA;1;2.9
I3313;1/21/2026 16:48;U024;P031;TipInt005;Holiday Sale;New York, USA;1;1.5
I3314;11/03/2025 16:20;U022;P043;TipInt004;Black Friday;Toronto, Canada;3;2.2
I3315;12/03/2025 11:31;U090;P065;TipInt001;Regular Day;Berlin, Germany;7;3.5
I3316;11/23/2025 04:42;U125;P032;TipInt001;Spring Sale;New York, USA;1;3.2
I3317;10/03/2025 15:32;U071;P026;TipInt005;Holiday Sale;New York, USA;10;2.3
I3318;1/18/2026 21:25;U047;P061;TipInt005;Regular Day;Toronto, Canada;6;3.8
I3319;12/08/2025 19:57;U131;P027;TipInt001;Holiday Sale;New York, USA;3;1.8
I3320;1/23/2026 00:11;U064;P069;TipInt004;Holiday Sale;Sydney, Australia;1;3.1
I3321;1/31/2026 19:30;U030;P004;TipInt002;Cyber Monday;Paris, France;-;1.1
I3322;1/23/2026 22:59;U050;P057;TipInt001;Regular Day;New York, USA;-;4.2
I3323;11/23/2025 22:19;U034;P013;TipInt005;Spring Sale;Berlin, Germany;9;2.6
I3324;11/19/2025 09:40;U111;P051;TipInt003;Black Friday;New York, USA;8;2.8
I3325;11/18/2025 10:23;U081;P097;TipInt002;Black Friday;New York, USA;3;3.2
I3326;12/09/2025 13:36;U079;P034;TipInt001;Spring Sale;New York, USA;6;4.4
I3327;12/06/2025 10:15;U120;P070;TipInt002;Cyber Monday;London, UK;3;4.4
I3328;10/14/2025 16:17;U097;P090;TipInt001;Spring Sale;Toronto, Canada;10;4.5
I3329;1/22/2026 22:10;U021;P003;TipInt005;Cyber Monday;London, UK;3;4.4
I3330;12/30/2025 19:41;U035;P007;TipInt005;Cyber Monday;Sydney, Australia;3;2.9
I3331;12/17/2025 23:54;U149;P037;TipInt005;Holiday Sale;Sydney, Australia;2;3.4
I3332;12/05/2025 00:45;U003;P008;TipInt003;Regular Day;New York, USA;6;2.6
I3333;1/09/2026 12:38;U116;P022;TipInt001;Holiday Sale;London, UK;3;1.5
I3334;11/11/2025 08:06;U068;P041;TipInt003;Cyber Monday;Sydney, Australia;-;1.4
I3335;12/16/2025 21:45;U088;P084;TipInt005;Regular Day;New York, USA;1;1.8
I3336;12/21/2025 13:48;U115;P023;TipInt002;Spring Sale;Berlin, Germany;5;3
I3337;12/29/2025 15:10;U051;P078;TipInt002;Black Friday;Berlin, Germany;1;2.4
I3338;10/20/2025 18:34;U055;P075;TipInt006;Spring Sale;New York, USA;3;4.4
I3339;10/16/2025 23:28;U124;P095;TipInt004;Spring Sale;Toronto, Canada;5;2.4
I3340;12/03/2025 11:04;U032;P003;TipInt006;Holiday Sale;Sydney, Australia;6;1.6
I3341;1/09/2026 13:35;U100;P072;TipInt002;Spring Sale;Sydney, Australia;-;3.2
I3342;1/16/2026 04:11;U099;P095;TipInt003;Cyber Monday;Sydney, Australia;1;3.2
I3343;10/24/2025 22:52;U148;P066;TipInt006;Cyber Monday;New York, USA;1;2.3
I3344;1/03/2026 23:21;U143;P032;TipInt004;Cyber Monday;Sydney, Australia;1;2.7
I3345;10/15/2025 20:36;U004;P034;TipInt003;Regular Day;Paris, France;9;4.8
I3346;1/12/2026 00:55;U125;P076;TipInt006;Black Friday;New York, USA;9;4.3
I3347;9/30/2025 00:10;U144;P068;TipInt006;Cyber Monday;London, UK;-;2.8
I3348;1/16/2026 12:12;U045;P070;TipInt002;Black Friday;Paris, France;8;1
I3349;11/29/2025 21:32;U041;P047;TipInt002;Regular Day;London, UK;9;1.5
I3350;12/21/2025 09:29;U042;P072;TipInt004;Regular Day;Berlin, Germany;6;2.7
I3351;10/29/2025 02:23;U026;P078;TipInt002;Black Friday;Sydney, Australia;2;1.1
I3352;11/20/2025 21:37;U110;P057;TipInt001;Regular Day;Toronto, Canada;2;2.2
I3353;10/31/2025 10:43;U020;P061;TipInt004;Holiday Sale;Sydney, Australia;4;3
I3354;1/27/2026 17:29;U148;P008;TipInt003;Spring Sale;Sydney, Australia;4;2.9
I3355;12/09/2025 11:30;U092;P067;TipInt004;Holiday Sale;New York, USA;10;2.1
I3356;10/29/2025 20:17;U030;P044;TipInt006;Spring Sale;Berlin, Germany;10;1.5
I3357;11/01/2025 10:45;U091;P083;TipInt003;Regular Day;New York, USA;1;2.1
I3358;11/18/2025 16:43;U092;P065;TipInt005;Regular Day;London, UK;5;3.4
I3359;12/23/2025 17:20;U034;P094;TipInt006;Black Friday;Toronto, Canada;2;1.4
I3360;11/13/2025 07:36;U128;P013;TipInt004;Spring Sale;London, UK;1;2.9
I3361;11/25/2025 21:31;U036;P051;TipInt003;Regular Day;Toronto, Canada;-;3.2
I3362;12/07/2025 08:06;U147;P035;TipInt001;Black Friday;Paris, France;5;3.7
I3363;1/03/2026 19:32;U094;P080;TipInt005;Regular Day;Toronto, Canada;1;4.1
I3364;12/04/2025 17:58;U027;P066;TipInt003;Holiday Sale;Berlin, Germany;6;1.4
I3365;11/30/2025 16:12;U131;P003;TipInt005;Cyber Monday;London, UK;3;1.5
I3366;10/22/2025 01:15;U073;P018;TipInt004;Spring Sale;London, UK;4;2.3
I3367;10/07/2025 00:11;U138;P035;TipInt002;Cyber Monday;London, UK;6;2.4
I3368;1/02/2026 16:20;U105;P043;TipInt004;Spring Sale;Toronto, Canada;2;2.2
I3369;10/09/2025 06:53;U122;P020;TipInt004;Cyber Monday;Berlin, Germany;8;3.2
I3370;11/17/2025 18:30;U051;P022;TipInt002;Holiday Sale;Paris, France;3;2.3
I3371;1/14/2026 14:14;U025;P098;TipInt003;Regular Day;Paris, France;7;1.2
I3372;12/18/2025 02:34;U021;P022;TipInt001;Black Friday;Toronto, Canada;8;2.1
I3373;11/18/2025 15:19;U068;P046;TipInt001;Black Friday;Paris, France;1;2.4
I3374;1/13/2026 10:18;U044;P014;TipInt003;Black Friday;Paris, France;1;1.1
I3375;1/09/2026 23:32;U047;P013;TipInt006;Spring Sale;Toronto, Canada;3;4
I3376;12/14/2025 10:12;U104;P012;TipInt005;Spring Sale;Paris, France;2;4.9
I3377;11/22/2025 02:06;U002;P088;TipInt002;Regular Day;Berlin, Germany;3;4.7
I3378;10/08/2025 20:15;U078;P050;TipInt004;Spring Sale;Sydney, Australia;7;3.2
I3379;1/04/2026 13:56;U107;P087;TipInt002;Spring Sale;Toronto, Canada;3;2.8
I3380;12/09/2025 05:52;U051;P087;TipInt002;Black Friday;Paris, France;1;2.7
I3381;10/20/2025 05:12;U044;P023;TipInt004;Holiday Sale;Paris, France;8;2
I3382;12/26/2025 07:21;U119;P025;TipInt001;Black Friday;London, UK;1;2.5
I3383;11/14/2025 09:27;U008;P051;TipInt005;Regular Day;New York, USA;4;4.2
I3384;11/23/2025 14:52;U114;P066;TipInt002;Holiday Sale;Toronto, Canada;9;3.2
I3385;10/09/2025 20:19;U030;P044;TipInt005;Spring Sale;Toronto, Canada;3;3.4
I3386;1/18/2026 16:59;U085;P056;TipInt006;Cyber Monday;Toronto, Canada;-;1.4
I3387;1/27/2026 14:40;U073;P015;TipInt001;Cyber Monday;New York, USA;-;3.9
I3388;10/15/2025 02:10;U108;P074;TipInt006;Holiday Sale;Toronto, Canada;4;1.4
I3389;10/19/2025 15:54;U140;P094;TipInt001;Cyber Monday;London, UK;4;3.8
I3390;12/25/2025 17:22;U078;P055;TipInt004;Regular Day;Sydney, Australia;1;3.4
I3391;10/08/2025 18:13;U013;P040;TipInt005;Cyber Monday;Paris, France;5;4.1
I3392;11/11/2025 11:33;U027;P074;TipInt004;Holiday Sale;Berlin, Germany;7;2.3
I3393;9/30/2025 01:58;U102;P058;TipInt004;Spring Sale;Berlin, Germany;2;1.5
I3394;12/12/2025 22:28;U031;P034;TipInt002;Black Friday;Paris, France;2;1
I3395;10/02/2025 20:20;U096;P015;TipInt006;Black Friday;Paris, France;-;1.5
I3396;11/09/2025 07:49;U018;P057;TipInt003;Holiday Sale;Toronto, Canada;-;3.6
I3397;11/03/2025 17:36;U071;P052;TipInt005;Spring Sale;London, UK;2;1.1
I3398;12/11/2025 08:30;U013;P092;TipInt003;Black Friday;Paris, France;1;3.4
I3399;12/12/2025 00:21;U117;P030;TipInt003;Spring Sale;Paris, France;-;4.2
I3400;1/26/2026 01:56;U009;P086;TipInt002;Cyber Monday;New York, USA;-;4.2
I3401;11/12/2025 12:40;U040;P083;TipInt004;Cyber Monday;Sydney, Australia;2;3.3
I3402;11/30/2025 11:04;U116;P081;TipInt003;Spring Sale;Paris, France;4;2.4
I3403;11/27/2025 19:24;U069;P093;TipInt006;Holiday Sale;New York, USA;5;2.7
I3404;11/06/2025 10:03;U138;P009;TipInt005;Cyber Monday;New York, USA;2;1.7
I3405;12/18/2025 21:37;U010;P042;TipInt003;Spring Sale;London, UK;6;1.5
I3406;12/05/2025 06:31;U003;P044;TipInt002;Spring Sale;London, UK;9;1.6
I3407;1/31/2026 12:37;U050;P027;TipInt005;Holiday Sale;London, UK;9;1.7
I3408;12/02/2025 06:55;U024;P020;TipInt001;Holiday Sale;New York, USA;9;3.7
I3409;11/10/2025 14:54;U059;P086;TipInt003;Regular Day;Paris, France;7;1.8
I3410;12/23/2025 08:26;U003;P024;TipInt004;Cyber Monday;London, UK;3;4.9
I3411;1/17/2026 22:23;U059;P078;TipInt003;Regular Day;London, UK;7;2.1
I3412;12/19/2025 00:19;U055;P080;TipInt001;Holiday Sale;Paris, France;-;3.6
I3413;1/01/2026 21:43;U006;P003;TipInt005;Cyber Monday;Toronto, Canada;5;4.5
I3414;10/31/2025 19:25;U031;P057;TipInt002;Spring Sale;Berlin, Germany;4;3.5
I3415;1/15/2026 02:47;U142;P069;TipInt002;Holiday Sale;London, UK;-;1.5
I3416;10/06/2025 21:46;U048;P008;TipInt003;Spring Sale;New York, USA;10;4.6
I3417;11/27/2025 14:20;U004;P057;TipInt004;Holiday Sale;New York, USA;1;1.1
I3418;10/31/2025 12:52;U033;P092;TipInt003;Regular Day;New York, USA;7;1.5
I3419;10/08/2025 10:02;U119;P027;TipInt005;Regular Day;Paris, France;2;2.4
I3420;1/15/2026 23:31;U054;P062;TipInt001;Holiday Sale;Paris, France;5;2.7
I3421;1/16/2026 13:55;U110;P084;TipInt004;Cyber Monday;Berlin, Germany;2;3.1
I3422;11/10/2025 18:30;U018;P030;TipInt006;Regular Day;Sydney, Australia;6;3.8
I3423;1/01/2026 01:01;U038;P045;TipInt003;Regular Day;Paris, France;9;3.1
I3424;1/14/2026 06:05;U030;P018;TipInt005;Holiday Sale;London, UK;5;4.5
I3425;11/29/2025 19:09;U070;P079;TipInt002;Holiday Sale;Paris, France;4;3.1
I3426;12/11/2025 08:37;U064;P045;TipInt001;Spring Sale;Toronto, Canada;5;3.7
I3427;12/19/2025 18:38;U150;P005;TipInt005;Black Friday;Sydney, Australia;4;3.8
I3428;10/28/2025 17:15;U073;P023;TipInt001;Regular Day;New York, USA;3;1.3
I3429;12/18/2025 08:16;U054;P097;TipInt006;Regular Day;Toronto, Canada;-;2.1
I3430;12/19/2025 21:35;U113;P033;TipInt001;Cyber Monday;Toronto, Canada;3;3.6
I3431;12/05/2025 07:21;U138;P021;TipInt002;Cyber Monday;Sydney, Australia;8;1.9
I3432;12/24/2025 10:37;U047;P039;TipInt003;Holiday Sale;Berlin, Germany;2;3.6
I3433;1/06/2026 03:29;U132;P082;TipInt003;Spring Sale;London, UK;6;1.1
I3434;12/04/2025 11:42;U070;P040;TipInt006;Spring Sale;New York, USA;7;1.2
I3435;1/06/2026 07:27;U141;P094;TipInt006;Cyber Monday;Paris, France;6;3.5
I3436;11/02/2025 07:53;U104;P024;TipInt005;Cyber Monday;London, UK;4;4.4
I3437;10/01/2025 07:36;U066;P054;TipInt002;Black Friday;Toronto, Canada;9;3.8
I3438;10/10/2025 16:23;U030;P085;TipInt004;Black Friday;New York, USA;7;4.3
I3439;11/18/2025 02:07;U015;P050;TipInt003;Cyber Monday;Paris, France;3;2.2
I3440;1/06/2026 23:20;U029;P080;TipInt001;Black Friday;Sydney, Australia;6;1.4
I3441;12/30/2025 05:48;U123;P084;TipInt003;Cyber Monday;Paris, France;6;4.6
I3442;11/04/2025 00:30;U070;P031;TipInt006;Regular Day;London, UK;3;1.9
I3443;11/12/2025 07:02;U140;P092;TipInt006;Regular Day;Toronto, Canada;7;4.7
I3444;12/16/2025 06:23;U100;P016;TipInt005;Black Friday;Sydney, Australia;8;3.1
I3445;11/15/2025 13:24;U043;P024;TipInt004;Black Friday;London, UK;8;4
I3446;1/10/2026 21:46;U102;P005;TipInt001;Black Friday;Berlin, Germany;9;2
I3447;12/22/2025 15:49;U054;P011;TipInt003;Cyber Monday;New York, USA;5;4.2
I3448;11/08/2025 03:42;U017;P002;TipInt006;Spring Sale;New York, USA;2;4.2
I3449;11/15/2025 20:43;U030;P053;TipInt006;Regular Day;Paris, France;2;1
I3450;1/27/2026 06:29;U079;P088;TipInt002;Black Friday;Berlin, Germany;9;1.8
I3451;12/16/2025 13:42;U047;P023;TipInt005;Holiday Sale;Paris, France;2;1.3
I3452;12/23/2025 17:19;U125;P091;TipInt006;Black Friday;Toronto, Canada;7;1.5
I3453;12/29/2025 23:37;U059;P092;TipInt002;Cyber Monday;Berlin, Germany;10;4.7
I3454;12/12/2025 12:33;U012;P064;TipInt001;Regular Day;Paris, France;3;4.9
I3455;11/14/2025 23:36;U091;P098;TipInt005;Black Friday;New York, USA;10;2.6
I3456;11/03/2025 08:38;U064;P032;TipInt003;Black Friday;Toronto, Canada;7;2.5
I3457;11/19/2025 09:12;U005;P094;TipInt001;Black Friday;Toronto, Canada;3;4.3
I3458;12/03/2025 05:57;U057;P048;TipInt003;Cyber Monday;Toronto, Canada;6;2.1
I3459;10/14/2025 23:41;U055;P083;TipInt003;Black Friday;New York, USA;8;2.6
I3460;12/15/2025 00:45;U038;P022;TipInt002;Spring Sale;Berlin, Germany;4;1.9
I3461;11/04/2025 13:39;U123;P032;TipInt005;Black Friday;London, UK;2;4.5
I3462;1/27/2026 21:17;U148;P011;TipInt006;Cyber Monday;New York, USA;8;4
I3463;11/02/2025 09:40;U054;P091;TipInt002;Spring Sale;New York, USA;7;2.3
I3464;10/12/2025 00:30;U030;P033;TipInt004;Regular Day;London, UK;2;2
I3465;10/25/2025 15:11;U015;P005;TipInt006;Holiday Sale;Sydney, Australia;9;3.8
I3466;12/30/2025 13:44;U140;P070;TipInt002;Cyber Monday;New York, USA;8;2.3
I3467;10/03/2025 14:11;U145;P050;TipInt001;Black Friday;Sydney, Australia;10;1
I3468;10/04/2025 06:52;U051;P081;TipInt005;Cyber Monday;London, UK;10;4.3
I3469;1/29/2026 23:44;U122;P048;TipInt006;Cyber Monday;Paris, France;8;1.4
I3470;1/28/2026 05:34;U084;P037;TipInt005;Black Friday;Sydney, Australia;9;3
I3471;1/09/2026 09:01;U144;P032;TipInt004;Black Friday;Toronto, Canada;5;1.7
I3472;10/12/2025 10:14;U124;P014;TipInt001;Regular Day;Toronto, Canada;6;4.1
I3473;1/15/2026 14:00;U073;P084;TipInt005;Black Friday;Paris, France;10;1.9
I3474;11/05/2025 04:37;U069;P010;TipInt002;Spring Sale;London, UK;4;1.9
I3475;10/06/2025 12:19;U074;P096;TipInt004;Cyber Monday;Paris, France;1;3.5
I3476;10/21/2025 22:38;U134;P034;TipInt004;Cyber Monday;New York, USA;7;4.7
I3477;10/07/2025 21:20;U104;P070;TipInt001;Black Friday;New York, USA;7;2.4
I3478;10/18/2025 04:27;U106;P069;TipInt004;Regular Day;London, UK;9;3.2
I3479;10/05/2025 12:06;U102;P083;TipInt006;Black Friday;Paris, France;1;1.1
I3480;10/03/2025 18:03;U034;P072;TipInt004;Black Friday;Paris, France;6;3.8
I3481;12/09/2025 19:29;U108;P052;TipInt002;Spring Sale;London, UK;1;1.5
I3482;10/07/2025 13:43;U102;P012;TipInt006;Holiday Sale;Sydney, Australia;5;3.8
I3483;1/17/2026 01:02;U117;P085;TipInt006;Cyber Monday;Berlin, Germany;10;4.5
I3484;1/31/2026 23:52;U026;P058;TipInt001;Regular Day;Paris, France;7;2.8
I3485;11/30/2025 12:57;U024;P003;TipInt004;Holiday Sale;Sydney, Australia;7;2.8
I3486;10/30/2025 00:09;U084;P017;TipInt004;Cyber Monday;Toronto, Canada;3;4.6
I3487;12/25/2025 21:01;U007;P008;TipInt004;Spring Sale;Berlin, Germany;9;2.2
I3488;1/31/2026 21:32;U112;P053;TipInt006;Regular Day;Toronto, Canada;-;1.5
I3489;11/28/2025 00:34;U072;P039;TipInt001;Spring Sale;Sydney, Australia;8;1.9
I3490;11/29/2025 10:20;U092;P037;TipInt006;Spring Sale;Toronto, Canada;6;3.9
I3491;12/07/2025 22:02;U099;P023;TipInt001;Spring Sale;Toronto, Canada;6;4.7
I3492;1/16/2026 18:15;U048;P028;TipInt003;Spring Sale;Berlin, Germany;-;4
I3493;9/29/2025 23:17;U013;P011;TipInt005;Regular Day;Sydney, Australia;-;3.5
I3494;1/24/2026 19:19;U127;P074;TipInt006;Spring Sale;Paris, France;3;1.8
I3495;10/14/2025 18:54;U007;P024;TipInt002;Regular Day;Paris, France;2;4.4
I3496;1/02/2026 09:11;U025;P076;TipInt003;Cyber Monday;Toronto, Canada;2;2.9
I3497;11/26/2025 06:16;U041;P002;TipInt001;Cyber Monday;Toronto, Canada;9;4.4
I3498;11/19/2025 05:43;U063;P041;TipInt005;Regular Day;New York, USA;2;1.7
I3499;1/11/2026 17:43;U048;P041;TipInt005;Black Friday;London, UK;-;1.3
I3500;11/18/2025 10:28;U041;P023;TipInt001;Regular Day;Toronto, Canada;5;3
I3501;12/13/2025 19:12;U022;P096;TipInt004;Spring Sale;Sydney, Australia;1;3.3
I3502;11/19/2025 21:33;U135;P021;TipInt005;Spring Sale;Berlin, Germany;2;4.1
I3503;10/06/2025 16:01;U126;P025;TipInt005;Cyber Monday;Toronto, Canada;8;4
I3504;1/25/2026 15:00;U056;P097;TipInt004;Black Friday;Sydney, Australia;4;1.8
I3505;12/08/2025 12:49;U088;P084;TipInt005;Regular Day;London, UK;3;4.8
I3506;1/13/2026 20:43;U015;P038;TipInt005;Holiday Sale;Toronto, Canada;1;1.7
I3507;1/24/2026 05:15;U037;P039;TipInt001;Holiday Sale;Toronto, Canada;6;4.1
I3508;12/14/2025 23:36;U119;P068;TipInt005;Holiday Sale;Paris, France;1;2.3
I3509;10/13/2025 06:25;U029;P058;TipInt005;Spring Sale;Berlin, Germany;4;2.7
I3510;12/24/2025 02:37;U052;P029;TipInt005;Regular Day;London, UK;5;2.6
I3511;10/21/2025 18:46;U040;P091;TipInt002;Black Friday;Sydney, Australia;8;4.4
I3512;10/08/2025 16:19;U116;P024;TipInt005;Regular Day;Toronto, Canada;2;3.8
I3513;1/10/2026 10:34;U139;P033;TipInt004;Regular Day;Paris, France;3;3.8
I3514;10/26/2025 10:25;U035;P069;TipInt006;Black Friday;New York, USA;3;3.3
I3515;10/21/2025 16:51;U074;P031;TipInt003;Holiday Sale;Paris, France;8;2.9
I3516;10/08/2025 15:23;U004;P029;TipInt003;Regular Day;Toronto, Canada;7;2.6
I3517;1/16/2026 05:39;U138;P022;TipInt004;Regular Day;Paris, France;5;4.8
I3518;11/26/2025 04:08;U131;P012;TipInt006;Black Friday;London, UK;10;1.9
I3519;10/24/2025 21:48;U078;P061;TipInt004;Holiday Sale;Paris, France;8;3.9
I3520;12/23/2025 01:28;U023;P020;TipInt006;Cyber Monday;Paris, France;5;5
I3521;1/06/2026 23:11;U080;P069;TipInt006;Holiday Sale;London, UK;2;3.2
I3522;1/25/2026 04:55;U037;P004;TipInt002;Regular Day;Toronto, Canada;7;2.3
I3523;11/15/2025 20:39;U097;P044;TipInt002;Holiday Sale;New York, USA;10;3.1
I3524;12/14/2025 14:43;U015;P020;TipInt004;Regular Day;Sydney, Australia;3;2.2
I3525;1/11/2026 10:57;U137;P023;TipInt006;Spring Sale;New York, USA;9;2.1
I3526;10/23/2025 14:51;U016;P079;TipInt004;Holiday Sale;Sydney, Australia;7;4.8
I3527;12/19/2025 07:38;U069;P087;TipInt003;Holiday Sale;Paris, France;4;3.3
I3528;1/22/2026 04:17;U047;P021;TipInt001;Spring Sale;Sydney, Australia;7;3.3
I3529;1/11/2026 01:38;U102;P005;TipInt004;Black Friday;London, UK;5;4.9
I3530;12/30/2025 10:40;U142;P023;TipInt004;Spring Sale;Berlin, Germany;6;4.7
I3531;1/30/2026 05:53;U041;P091;TipInt002;Spring Sale;London, UK;3;1.3
I3532;10/14/2025 11:16;U071;P091;TipInt006;Black Friday;Sydney, Australia;10;1.7
I3533;12/31/2025 08:13;U098;P088;TipInt005;Holiday Sale;Toronto, Canada;6;3.6
I3534;11/20/2025 15:21;U004;P097;TipInt005;Regular Day;London, UK;10;2.1
I3535;10/09/2025 06:41;U142;P077;TipInt006;Black Friday;Berlin, Germany;1;3.8
I3536;11/13/2025 03:44;U034;P095;TipInt001;Spring Sale;Berlin, Germany;10;3.2
I3537;12/19/2025 17:04;U095;P018;TipInt003;Black Friday;Sydney, Australia;4;4.9
I3538;1/24/2026 21:52;U006;P001;TipInt005;Cyber Monday;Paris, France;10;5
I3539;11/07/2025 15:58;U091;P093;TipInt003;Regular Day;Toronto, Canada;1;1.4
I3540;12/14/2025 06:51;U127;P071;TipInt003;Spring Sale;London, UK;10;2.1
I3541;1/22/2026 12:52;U099;P087;TipInt002;Black Friday;London, UK;7;3.4
I3542;11/30/2025 02:55;U024;P082;TipInt005;Regular Day;New York, USA;-;1.6
I3543;12/29/2025 12:14;U079;P092;TipInt004;Spring Sale;Toronto, Canada;8;1.9
I3544;11/22/2025 20:26;U070;P095;TipInt002;Spring Sale;Sydney, Australia;10;1.7
I3545;11/24/2025 17:25;U049;P041;TipInt001;Spring Sale;Berlin, Germany;-;4.9
I3546;12/09/2025 12:05;U102;P039;TipInt006;Cyber Monday;Toronto, Canada;2;3.6
I3547;10/03/2025 16:48;U012;P084;TipInt004;Regular Day;London, UK;2;4.2
I3548;12/26/2025 19:19;U041;P091;TipInt001;Holiday Sale;Berlin, Germany;6;3
I3549;11/15/2025 07:56;U094;P018;TipInt002;Spring Sale;New York, USA;5;2.4
I3550;10/09/2025 16:43;U088;P070;TipInt001;Regular Day;Toronto, Canada;9;1.3
I3551;1/13/2026 00:22;U062;P040;TipInt004;Holiday Sale;Sydney, Australia;1;4.6
I3552;11/16/2025 21:22;U029;P012;TipInt004;Regular Day;Toronto, Canada;5;3
I3553;1/29/2026 05:21;U138;P015;TipInt005;Regular Day;London, UK;9;3.2
I3554;10/30/2025 13:00;U006;P060;TipInt006;Spring Sale;London, UK;9;3.5
I3555;12/08/2025 21:30;U144;P053;TipInt004;Black Friday;New York, USA;7;1.4
I3556;1/10/2026 01:26;U081;P089;TipInt001;Cyber Monday;New York, USA;9;2.4
I3557;11/29/2025 20:06;U093;P046;TipInt003;Regular Day;Toronto, Canada;-;1.3
I3558;9/29/2025 11:06;U071;P051;TipInt003;Holiday Sale;New York, USA;10;3.2
I3559;12/01/2025 02:49;U009;P025;TipInt002;Holiday Sale;Berlin, Germany;10;1.1
I3560;12/25/2025 13:15;U051;P022;TipInt006;Regular Day;Sydney, Australia;8;4
I3561;12/13/2025 18:05;U018;P043;TipInt001;Black Friday;New York, USA;1;4.6
I3562;11/24/2025 06:57;U115;P068;TipInt004;Regular Day;New York, USA;1;4.5
I3563;10/28/2025 00:05;U051;P009;TipInt003;Spring Sale;Paris, France;6;2
I3564;12/25/2025 22:14;U065;P086;TipInt005;Cyber Monday;Paris, France;5;2
I3565;10/14/2025 16:37;U034;P062;TipInt004;Black Friday;New York, USA;5;2.6
I3566;1/03/2026 10:42;U078;P027;TipInt001;Spring Sale;Berlin, Germany;6;2.8
I3567;10/10/2025 17:30;U008;P090;TipInt001;Regular Day;London, UK;-;1.6
I3568;11/25/2025 07:11;U027;P047;TipInt005;Regular Day;Berlin, Germany;4;4.3
I3569;1/11/2026 05:46;U079;P064;TipInt002;Spring Sale;Sydney, Australia;5;2.7
I3570;12/17/2025 23:56;U137;P087;TipInt005;Cyber Monday;Berlin, Germany;8;1.5
I3571;11/07/2025 03:36;U006;P003;TipInt002;Black Friday;Toronto, Canada;2;1.8
I3572;12/29/2025 20:53;U027;P008;TipInt006;Cyber Monday;Paris, France;5;5
I3573;10/11/2025 05:46;U081;P014;TipInt005;Spring Sale;Paris, France;3;4.9
I3574;12/29/2025 13:40;U123;P040;TipInt005;Holiday Sale;Paris, France;5;3.8
I3575;12/20/2025 15:41;U097;P098;TipInt001;Black Friday;London, UK;4;1.3
I3576;12/13/2025 20:19;U074;P045;TipInt001;Holiday Sale;Paris, France;1;4.2
I3577;10/12/2025 00:29;U013;P037;TipInt004;Regular Day;Sydney, Australia;2;3
I3578;12/02/2025 18:06;U102;P056;TipInt001;Black Friday;Paris, France;7;2.6
I3579;12/15/2025 13:04;U077;P014;TipInt003;Black Friday;Sydney, Australia;3;1.4
I3580;12/10/2025 18:46;U051;P032;TipInt003;Black Friday;Paris, France;-;3.7
I3581;1/16/2026 12:06;U116;P010;TipInt003;Black Friday;Berlin, Germany;-;2
I3582;1/12/2026 13:30;U090;P092;TipInt004;Cyber Monday;Paris, France;5;2
I3583;11/21/2025 00:20;U048;P078;TipInt005;Cyber Monday;Sydney, Australia;4;2.7
I3584;10/21/2025 10:12;U039;P022;TipInt002;Black Friday;Sydney, Australia;3;2.5
I3585;1/20/2026 06:37;U068;P056;TipInt006;Spring Sale;Paris, France;8;3.6
I3586;12/06/2025 21:48;U095;P078;TipInt002;Holiday Sale;London, UK;7;3.2
I3587;12/25/2025 01:16;U147;P088;TipInt003;Regular Day;Sydney, Australia;8;1.6
I3588;10/25/2025 01:05;U138;P025;TipInt002;Holiday Sale;Toronto, Canada;5;3
I3589;10/13/2025 05:04;U015;P057;TipInt005;Regular Day;Sydney, Australia;2;1.3
I3590;12/21/2025 05:51;U059;P020;TipInt004;Black Friday;Sydney, Australia;3;3.8
I3591;10/25/2025 17:47;U114;P004;TipInt005;Cyber Monday;Berlin, Germany;10;5
I3592;12/19/2025 21:54;U019;P050;TipInt001;Spring Sale;Berlin, Germany;4;1.3
I3593;11/11/2025 16:02;U028;P061;TipInt003;Spring Sale;Toronto, Canada;5;4.7
I3594;11/15/2025 18:04;U073;P079;TipInt006;Holiday Sale;New York, USA;3;2.7
I3595;12/03/2025 16:15;U050;P061;TipInt002;Black Friday;London, UK;6;4.8
I3596;1/10/2026 06:59;U016;P044;TipInt004;Black Friday;Paris, France;3;2.6
I3597;12/11/2025 16:54;U051;P089;TipInt003;Black Friday;Berlin, Germany;4;4.6
I3598;12/19/2025 00:50;U001;P076;TipInt004;Spring Sale;New York, USA;6;3.6
I3599;1/01/2026 16:30;U050;P009;TipInt005;Holiday Sale;Sydney, Australia;1;3.6
I3600;10/08/2025 05:57;U126;P022;TipInt006;Regular Day;Berlin, Germany;10;4.7
I3601;12/27/2025 23:38;U135;P043;TipInt001;Regular Day;Paris, France;4;2.6
I3602;11/14/2025 08:17;U062;P068;TipInt002;Regular Day;Toronto, Canada;5;2.2
I3603;10/10/2025 10:38;U047;P029;TipInt003;Cyber Monday;Sydney, Australia;2;3.3
I3604;1/10/2026 15:37;U044;P041;TipInt001;Spring Sale;Paris, France;-;2.5
I3605;1/24/2026 05:09;U021;P086;TipInt002;Cyber Monday;Toronto, Canada;-;4.7
I3606;1/24/2026 08:05;U073;P089;TipInt004;Spring Sale;New York, USA;10;4.8
I3607;12/19/2025 22:42;U058;P078;TipInt001;Regular Day;Paris, France;4;2.1
I3608;10/11/2025 09:18;U124;P015;TipInt005;Regular Day;London, UK;9;4.7
I3609;11/01/2025 16:33;U037;P018;TipInt002;Cyber Monday;Berlin, Germany;9;1.5
I3610;10/29/2025 00:36;U115;P016;TipInt001;Regular Day;Paris, France;6;3.7
I3611;10/22/2025 16:48;U136;P081;TipInt004;Regular Day;London, UK;2;3.3
I3612;1/29/2026 08:54;U124;P018;TipInt001;Spring Sale;Toronto, Canada;4;1.3
I3613;10/31/2025 14:52;U098;P059;TipInt001;Holiday Sale;Sydney, Australia;5;4.1
I3614;1/19/2026 04:16;U059;P029;TipInt004;Regular Day;New York, USA;4;4.9
I3615;10/04/2025 22:04;U063;P021;TipInt004;Regular Day;New York, USA;3;2.2
I3616;10/26/2025 19:39;U136;P012;TipInt001;Black Friday;London, UK;6;1.4
I3617;10/01/2025 07:16;U143;P003;TipInt006;Holiday Sale;London, UK;8;2.8
I3618;10/31/2025 18:48;U041;P078;TipInt001;Cyber Monday;London, UK;5;2.7
I3619;11/12/2025 13:36;U099;P031;TipInt001;Spring Sale;Berlin, Germany;6;1.6
I3620;11/07/2025 02:28;U115;P019;TipInt005;Spring Sale;Paris, France;5;4.1
I3621;12/19/2025 20:02;U092;P090;TipInt002;Spring Sale;Berlin, Germany;5;3.5
I3622;12/17/2025 14:08;U021;P063;TipInt005;Regular Day;Sydney, Australia;-;1.4
I3623;11/10/2025 10:15;U024;P015;TipInt004;Black Friday;Toronto, Canada;7;1
I3624;12/17/2025 05:08;U035;P053;TipInt001;Holiday Sale;Berlin, Germany;2;2
I3625;12/07/2025 18:22;U039;P010;TipInt002;Holiday Sale;Sydney, Australia;8;3.4
I3626;10/07/2025 07:22;U120;P073;TipInt002;Black Friday;Sydney, Australia;9;3.3
I3627;11/04/2025 01:55;U034;P061;TipInt006;Regular Day;Berlin, Germany;5;3.9
I3628;11/19/2025 19:45;U056;P003;TipInt004;Holiday Sale;London, UK;10;1.4
I3629;10/22/2025 01:58;U020;P084;TipInt006;Spring Sale;Toronto, Canada;-;4
I3630;1/12/2026 17:29;U014;P035;TipInt003;Spring Sale;London, UK;9;4.7
I3631;12/02/2025 14:46;U084;P007;TipInt002;Holiday Sale;Paris, France;6;2.6
I3632;11/12/2025 19:48;U149;P003;TipInt002;Black Friday;London, UK;7;2.3
I3633;11/18/2025 12:30;U079;P031;TipInt006;Spring Sale;New York, USA;4;4.2
I3634;12/24/2025 19:39;U022;P003;TipInt004;Holiday Sale;Sydney, Australia;6;2
I3635;11/13/2025 10:45;U103;P071;TipInt004;Regular Day;Sydney, Australia;2;1.9
I3636;1/20/2026 23:45;U084;P044;TipInt005;Regular Day;London, UK;6;2.6
I3637;12/29/2025 02:31;U140;P036;TipInt001;Cyber Monday;Toronto, Canada;-;3.4
I3638;1/30/2026 14:46;U002;P081;TipInt005;Spring Sale;Sydney, Australia;6;4
I3639;12/09/2025 10:17;U134;P043;TipInt003;Cyber Monday;Toronto, Canada;1;1.4
I3640;12/03/2025 19:29;U119;P097;TipInt001;Spring Sale;New York, USA;6;1.7
I3641;12/22/2025 17:49;U127;P094;TipInt002;Black Friday;London, UK;3;3
I3642;10/28/2025 23:09;U131;P048;TipInt002;Black Friday;Paris, France;4;1.9
I3643;10/24/2025 17:25;U110;P063;TipInt006;Cyber Monday;New York, USA;10;3.7
I3644;12/14/2025 06:31;U074;P040;TipInt003;Cyber Monday;Berlin, Germany;10;3.5
I3645;1/29/2026 14:57;U061;P068;TipInt002;Spring Sale;Sydney, Australia;3;2.5
I3646;10/04/2025 10:15;U112;P035;TipInt001;Regular Day;Berlin, Germany;1;2.6
I3647;10/28/2025 15:32;U042;P001;TipInt006;Black Friday;New York, USA;10;2.9
I3648;11/08/2025 00:19;U076;P015;TipInt003;Black Friday;Sydney, Australia;4;3
I3649;10/23/2025 03:53;U069;P056;TipInt002;Cyber Monday;London, UK;6;4.3
I3650;10/24/2025 20:42;U140;P050;TipInt005;Holiday Sale;Berlin, Germany;1;3.5
I3651;11/22/2025 18:12;U010;P096;TipInt001;Regular Day;Toronto, Canada;4;2.6
I3652;1/25/2026 11:48;U051;P017;TipInt001;Spring Sale;New York, USA;5;4.9
I3653;1/28/2026 09:14;U113;P088;TipInt006;Cyber Monday;Paris, France;10;4.8
I3654;11/10/2025 22:54;U089;P077;TipInt004;Cyber Monday;London, UK;1;1.9
I3655;10/04/2025 22:04;U100;P023;TipInt003;Cyber Monday;Sydney, Australia;1;1
I3656;12/25/2025 00:19;U096;P082;TipInt004;Spring Sale;London, UK;8;4.4
I3657;10/07/2025 05:05;U019;P017;TipInt004;Black Friday;Berlin, Germany;2;2.1
I3658;10/15/2025 03:07;U105;P066;TipInt003;Spring Sale;New York, USA;5;3
I3659;1/12/2026 03:53;U025;P077;TipInt001;Black Friday;Toronto, Canada;7;4.7
I3660;11/26/2025 08:37;U119;P022;TipInt002;Regular Day;Sydney, Australia;9;2.4
I3661;1/15/2026 10:44;U129;P084;TipInt003;Holiday Sale;New York, USA;5;3.4
I3662;12/03/2025 08:26;U056;P070;TipInt001;Regular Day;Toronto, Canada;8;4.3
I3663;10/18/2025 05:48;U080;P097;TipInt004;Spring Sale;Paris, France;5;1.5
I3664;10/31/2025 22:14;U049;P089;TipInt005;Cyber Monday;New York, USA;2;4.6
I3665;12/05/2025 19:22;U006;P066;TipInt005;Cyber Monday;London, UK;2;2.8
I3666;10/04/2025 21:02;U113;P078;TipInt001;Black Friday;Berlin, Germany;-;1.8
I3667;11/27/2025 11:12;U049;P081;TipInt004;Spring Sale;Berlin, Germany;9;4.1
I3668;12/08/2025 14:44;U053;P071;TipInt002;Holiday Sale;New York, USA;6;2.4
I3669;10/26/2025 21:38;U142;P003;TipInt003;Regular Day;Berlin, Germany;4;3.5
I3670;11/16/2025 16:18;U063;P009;TipInt004;Cyber Monday;New York, USA;4;2.3
I3671;1/16/2026 11:40;U017;P083;TipInt004;Spring Sale;Sydney, Australia;4;1.4
I3672;12/13/2025 11:28;U036;P002;TipInt005;Cyber Monday;Paris, France;10;1.8
I3673;11/26/2025 07:33;U106;P003;TipInt002;Black Friday;New York, USA;2;2.1
I3674;11/14/2025 01:21;U128;P063;TipInt003;Regular Day;Sydney, Australia;9;4.5
I3675;10/13/2025 07:55;U131;P062;TipInt001;Black Friday;Paris, France;7;1.4
I3676;10/13/2025 15:47;U040;P021;TipInt004;Regular Day;New York, USA;3;1.3
I3677;10/21/2025 01:47;U028;P092;TipInt004;Regular Day;London, UK;4;5
I3678;12/11/2025 20:52;U107;P080;TipInt003;Spring Sale;New York, USA;5;4.4
I3679;1/15/2026 16:43;U148;P094;TipInt004;Holiday Sale;New York, USA;7;3.1
I3680;10/04/2025 20:57;U024;P007;TipInt002;Black Friday;Toronto, Canada;5;4.8
I3681;1/02/2026 07:51;U082;P090;TipInt002;Regular Day;Berlin, Germany;10;4.6
I3682;11/02/2025 09:20;U005;P056;TipInt003;Cyber Monday;Berlin, Germany;9;3.6
I3683;10/03/2025 17:14;U048;P088;TipInt001;Black Friday;London, UK;6;2.5
I3684;1/31/2026 17:47;U139;P034;TipInt003;Holiday Sale;Toronto, Canada;2;5
I3685;1/11/2026 06:11;U020;P019;TipInt002;Regular Day;Paris, France;2;3
I3686;1/16/2026 16:05;U060;P041;TipInt005;Black Friday;Berlin, Germany;6;3.5
I3687;11/16/2025 07:01;U095;P053;TipInt003;Holiday Sale;New York, USA;3;1.2
I3688;11/09/2025 06:06;U056;P099;TipInt001;Spring Sale;New York, USA;-;3.1
I3689;11/29/2025 23:02;U041;P092;TipInt002;Holiday Sale;Berlin, Germany;7;3.5
I3690;12/14/2025 07:13;U123;P060;TipInt001;Black Friday;Paris, France;4;3.2
I3691;10/12/2025 06:58;U109;P063;TipInt006;Regular Day;Toronto, Canada;4;4.6
I3692;12/30/2025 04:11;U064;P056;TipInt001;Spring Sale;Toronto, Canada;6;3.1
I3693;1/19/2026 11:54;U139;P036;TipInt006;Holiday Sale;Paris, France;10;4
I3694;1/13/2026 13:17;U115;P064;TipInt002;Cyber Monday;New York, USA;8;2.1
I3695;12/15/2025 14:07;U069;P066;TipInt005;Regular Day;London, UK;4;3.4
I3696;1/23/2026 12:39;U024;P007;TipInt005;Black Friday;Paris, France;9;4.5
I3697;10/13/2025 19:05;U084;P063;TipInt001;Regular Day;New York, USA;2;4.6
I3698;12/03/2025 07:20;U003;P098;TipInt006;Cyber Monday;Sydney, Australia;1;1.5
I3699;10/09/2025 14:35;U040;P052;TipInt005;Cyber Monday;Sydney, Australia;5;3.4
I3700;11/08/2025 19:04;U047;P008;TipInt005;Cyber Monday;London, UK;10;3.8
I3701;12/06/2025 04:00;U037;P092;TipInt005;Black Friday;London, UK;9;2.9
I3702;1/18/2026 01:25;U146;P016;TipInt002;Holiday Sale;New York, USA;2;2.8
I3703;12/20/2025 21:14;U119;P045;TipInt001;Holiday Sale;Toronto, Canada;2;2
I3704;12/19/2025 10:19;U118;P023;TipInt003;Spring Sale;Sydney, Australia;-;4.7
I3705;10/31/2025 17:27;U121;P063;TipInt001;Cyber Monday;Paris, France;-;4.5
I3706;11/15/2025 08:28;U134;P055;TipInt003;Holiday Sale;London, UK;3;4.8
I3707;10/03/2025 08:52;U046;P073;TipInt006;Cyber Monday;Sydney, Australia;-;2.5
I3708;10/19/2025 15:25;U036;P003;TipInt001;Spring Sale;New York, USA;9;1.6
I3709;10/25/2025 13:53;U007;P078;TipInt004;Spring Sale;London, UK;9;4.6
I3710;10/22/2025 02:51;U148;P058;TipInt001;Spring Sale;London, UK;5;3.3
I3711;1/26/2026 04:18;U138;P094;TipInt006;Cyber Monday;London, UK;8;1
I3712;1/23/2026 04:31;U144;P099;TipInt004;Holiday Sale;Paris, France;7;4.3
I3713;10/30/2025 13:51;U100;P034;TipInt001;Holiday Sale;Sydney, Australia;-;4
I3714;11/07/2025 23:14;U102;P024;TipInt002;Holiday Sale;New York, USA;10;3.3
I3715;10/12/2025 17:48;U020;P005;TipInt005;Cyber Monday;Toronto, Canada;2;2.7
I3716;11/13/2025 01:24;U033;P014;TipInt006;Holiday Sale;Sydney, Australia;3;2.5
I3717;1/27/2026 10:38;U094;P075;TipInt004;Black Friday;Berlin, Germany;4;2
I3718;1/17/2026 09:30;U149;P096;TipInt005;Holiday Sale;Toronto, Canada;-;1.8
I3719;10/30/2025 19:43;U054;P012;TipInt003;Black Friday;Paris, France;9;4.3
I3720;11/21/2025 02:07;U067;P085;TipInt006;Regular Day;London, UK;8;2
I3721;1/12/2026 20:35;U063;P067;TipInt005;Cyber Monday;Toronto, Canada;5;2
I3722;11/25/2025 12:19;U039;P019;TipInt003;Black Friday;Berlin, Germany;6;1.2
I3723;10/30/2025 22:21;U064;P054;TipInt006;Holiday Sale;London, UK;8;3.2
I3724;11/08/2025 05:59;U126;P081;TipInt002;Black Friday;Paris, France;4;4.4
I3725;12/14/2025 03:24;U118;P022;TipInt001;Regular Day;London, UK;6;3.8
I3726;12/21/2025 09:01;U001;P069;TipInt006;Spring Sale;New York, USA;6;3.4
I3727;12/14/2025 11:37;U001;P007;TipInt005;Black Friday;Paris, France;10;2.7
I3728;12/20/2025 00:31;U124;P099;TipInt006;Regular Day;Paris, France;1;4.2
I3729;10/26/2025 04:22;U096;P066;TipInt001;Spring Sale;Toronto, Canada;-;3.2
I3730;12/21/2025 19:32;U106;P023;TipInt004;Holiday Sale;Toronto, Canada;10;3.1
I3731;10/21/2025 06:52;U053;P046;TipInt001;Spring Sale;London, UK;5;2.4
I3732;10/18/2025 02:21;U113;P024;TipInt006;Spring Sale;Paris, France;-;4.6
I3733;11/02/2025 09:09;U027;P057;TipInt001;Cyber Monday;London, UK;2;2.4
I3734;10/16/2025 06:59;U037;P007;TipInt002;Spring Sale;Sydney, Australia;2;2.7
I3735;1/02/2026 04:08;U106;P018;TipInt004;Cyber Monday;Paris, France;2;4.1
I3736;12/08/2025 14:04;U088;P081;TipInt003;Regular Day;London, UK;4;4.3
I3737;9/30/2025 13:21;U005;P044;TipInt003;Regular Day;London, UK;-;3.5
I3738;1/06/2026 00:14;U090;P032;TipInt005;Spring Sale;New York, USA;4;2
I3739;12/19/2025 08:57;U027;P085;TipInt004;Regular Day;London, UK;5;4.4
I3740;1/08/2026 12:02;U139;P028;TipInt003;Cyber Monday;Paris, France;1;4.4
I3741;12/31/2025 13:22;U043;P093;TipInt002;Holiday Sale;Toronto, Canada;-;4.6
I3742;11/11/2025 06:37;U125;P053;TipInt006;Regular Day;Berlin, Germany;4;2.1
I3743;12/12/2025 11:49;U084;P031;TipInt004;Spring Sale;Paris, France;2;2.7
I3744;1/27/2026 10:42;U095;P032;TipInt003;Regular Day;Paris, France;4;4
I3745;1/17/2026 05:28;U097;P095;TipInt003;Holiday Sale;New York, USA;6;1.5
I3746;11/18/2025 12:58;U126;P015;TipInt002;Regular Day;Paris, France;-;4.2
I3747;11/21/2025 02:12;U096;P085;TipInt003;Regular Day;London, UK;7;2.7
I3748;1/27/2026 13:39;U026;P028;TipInt004;Black Friday;London, UK;2;4
I3749;1/24/2026 06:32;U072;P043;TipInt001;Cyber Monday;Sydney, Australia;1;3.8
I3750;1/06/2026 07:32;U007;P058;TipInt002;Regular Day;Sydney, Australia;-;1.7
I3751;1/16/2026 09:46;U083;P029;TipInt005;Holiday Sale;London, UK;1;3.3
I3752;11/12/2025 18:07;U129;P027;TipInt005;Spring Sale;Berlin, Germany;1;2.5
I3753;12/06/2025 06:52;U022;P087;TipInt004;Cyber Monday;Paris, France;8;4.8
I3754;10/10/2025 09:44;U128;P095;TipInt004;Holiday Sale;Paris, France;2;1.1
I3755;12/06/2025 03:49;U129;P009;TipInt002;Cyber Monday;New York, USA;5;1.1
I3756;11/22/2025 07:20;U050;P011;TipInt005;Holiday Sale;Toronto, Canada;8;4.5
I3757;10/29/2025 07:33;U029;P095;TipInt001;Regular Day;Paris, France;6;1.7
I3758;12/11/2025 06:20;U108;P013;TipInt001;Cyber Monday;London, UK;5;1.7
I3759;1/04/2026 06:38;U110;P025;TipInt004;Regular Day;London, UK;7;3
I3760;11/03/2025 18:49;U034;P051;TipInt006;Holiday Sale;Paris, France;1;2.4
I3761;12/24/2025 20:18;U144;P007;TipInt004;Spring Sale;Toronto, Canada;10;4.6
I3762;12/04/2025 17:30;U126;P031;TipInt003;Spring Sale;New York, USA;3;3.2
I3763;1/13/2026 07:19;U088;P097;TipInt005;Holiday Sale;London, UK;3;1.7
I3764;12/16/2025 03:46;U128;P094;TipInt006;Spring Sale;Sydney, Australia;6;2.8
I3765;1/22/2026 17:57;U102;P049;TipInt004;Regular Day;London, UK;5;3.1
I3766;1/03/2026 05:27;U145;P090;TipInt003;Spring Sale;Toronto, Canada;6;3.4
I3767;10/29/2025 16:53;U095;P017;TipInt002;Cyber Monday;Sydney, Australia;2;2.1
I3768;1/22/2026 06:52;U033;P060;TipInt004;Holiday Sale;Toronto, Canada;3;5
I3769;1/29/2026 12:43;U062;P067;TipInt006;Regular Day;London, UK;2;4.6
I3770;10/01/2025 19:48;U076;P068;TipInt003;Black Friday;New York, USA;3;3
I3771;10/18/2025 16:25;U108;P011;TipInt004;Regular Day;Paris, France;1;3.4
I3772;10/20/2025 18:58;U020;P015;TipInt004;Regular Day;Toronto, Canada;5;3.2
I3773;12/31/2025 12:54;U056;P020;TipInt001;Holiday Sale;Toronto, Canada;3;3.2
I3774;10/19/2025 13:31;U078;P045;TipInt002;Black Friday;Sydney, Australia;3;4.4
I3775;12/15/2025 08:45;U092;P045;TipInt006;Spring Sale;Paris, France;9;1.7
I3776;10/30/2025 18:04;U002;P017;TipInt003;Black Friday;Berlin, Germany;2;3.5
I3777;12/19/2025 09:39;U073;P032;TipInt003;Regular Day;London, UK;5;3.7
I3778;11/28/2025 07:57;U095;P044;TipInt001;Black Friday;Paris, France;7;1.6
I3779;1/21/2026 10:02;U077;P085;TipInt004;Cyber Monday;New York, USA;1;3.1
I3780;1/25/2026 07:45;U024;P079;TipInt006;Holiday Sale;London, UK;-;2.1
I3781;12/17/2025 05:02;U027;P034;TipInt006;Spring Sale;Sydney, Australia;-;2.7
I3782;11/06/2025 00:18;U127;P061;TipInt002;Black Friday;London, UK;3;3.8
I3783;1/13/2026 14:21;U139;P014;TipInt001;Cyber Monday;Berlin, Germany;4;2.2
I3784;1/10/2026 01:26;U025;P024;TipInt002;Holiday Sale;New York, USA;8;2.5
I3785;10/10/2025 01:59;U048;P072;TipInt001;Black Friday;Sydney, Australia;6;2.3
I3786;1/18/2026 10:24;U038;P062;TipInt005;Spring Sale;Sydney, Australia;9;1.6
I3787;1/24/2026 04:39;U028;P085;TipInt004;Holiday Sale;Sydney, Australia;5;4.4
I3788;1/03/2026 00:53;U044;P060;TipInt003;Black Friday;Paris, France;8;4.6
I3789;10/21/2025 04:04;U123;P074;TipInt003;Spring Sale;Paris, France;2;4.2
I3790;1/20/2026 03:26;U017;P070;TipInt001;Regular Day;London, UK;4;4.2
I3791;11/26/2025 16:46;U016;P068;TipInt004;Regular Day;Sydney, Australia;1;2.3
I3792;12/13/2025 23:00;U099;P036;TipInt002;Cyber Monday;Sydney, Australia;4;2.6
I3793;10/05/2025 19:57;U097;P073;TipInt005;Cyber Monday;London, UK;9;1
I3794;1/11/2026 17:17;U039;P006;TipInt003;Cyber Monday;London, UK;4;4.2
I3795;1/22/2026 03:38;U061;P068;TipInt004;Black Friday;Toronto, Canada;5;1.1
I3796;10/24/2025 20:49;U105;P038;TipInt006;Holiday Sale;London, UK;3;2.2
I3797;11/16/2025 02:56;U120;P090;TipInt001;Black Friday;Paris, France;7;2.6
I3798;10/15/2025 02:09;U023;P016;TipInt004;Spring Sale;Berlin, Germany;3;4.4
I3799;10/31/2025 02:18;U075;P092;TipInt005;Black Friday;Paris, France;7;3.9
I3800;10/07/2025 08:01;U130;P035;TipInt006;Black Friday;Paris, France;8;1.4
I3801;1/11/2026 22:27;U055;P098;TipInt006;Spring Sale;London, UK;4;5
I3802;12/21/2025 07:01;U037;P081;TipInt003;Holiday Sale;London, UK;10;3.4
I3803;1/17/2026 20:48;U058;P066;TipInt006;Cyber Monday;Sydney, Australia;5;1.9
I3804;10/24/2025 16:19;U068;P094;TipInt001;Cyber Monday;Toronto, Canada;9;4.9
I3805;12/23/2025 18:23;U133;P080;TipInt005;Regular Day;London, UK;8;4
I3806;10/31/2025 12:12;U130;P048;TipInt002;Cyber Monday;New York, USA;3;4.8
I3807;10/31/2025 06:13;U053;P082;TipInt003;Regular Day;London, UK;1;1.2
I3808;12/20/2025 21:43;U018;P007;TipInt005;Holiday Sale;London, UK;7;3.7
I3809;1/14/2026 06:27;U025;P055;TipInt003;Holiday Sale;London, UK;3;4
I3810;1/07/2026 11:29;U110;P065;TipInt001;Cyber Monday;London, UK;5;4.6
I3811;11/21/2025 03:53;U126;P059;TipInt006;Regular Day;Sydney, Australia;7;4.1
I3812;10/03/2025 04:35;U058;P046;TipInt006;Regular Day;Paris, France;8;4.6
I3813;10/21/2025 09:44;U082;P074;TipInt003;Cyber Monday;Berlin, Germany;9;3.5
I3814;12/11/2025 12:06;U032;P070;TipInt002;Holiday Sale;Sydney, Australia;5;2.9
I3815;12/11/2025 04:00;U042;P094;TipInt004;Black Friday;Toronto, Canada;3;4.1
I3816;10/25/2025 18:18;U050;P057;TipInt004;Spring Sale;Paris, France;8;2.7
I3817;10/05/2025 04:38;U070;P044;TipInt002;Cyber Monday;Sydney, Australia;7;1.3
I3818;10/21/2025 12:20;U049;P020;TipInt002;Cyber Monday;New York, USA;1;3.4
I3819;10/15/2025 20:20;U134;P049;TipInt001;Cyber Monday;Toronto, Canada;5;4.8
I3820;12/29/2025 14:30;U071;P019;TipInt003;Spring Sale;New York, USA;-;2.8
I3821;12/28/2025 13:23;U138;P035;TipInt001;Black Friday;Sydney, Australia;3;4
I3822;12/18/2025 00:41;U071;P031;TipInt001;Spring Sale;Berlin, Germany;3;1.2
I3823;1/15/2026 08:56;U098;P060;TipInt004;Regular Day;New York, USA;5;3.9
I3824;1/22/2026 06:15;U009;P013;TipInt002;Black Friday;New York, USA;9;3.4
I3825;1/07/2026 00:36;U027;P061;TipInt006;Black Friday;Toronto, Canada;3;4.9
I3826;10/24/2025 22:51;U119;P054;TipInt004;Holiday Sale;Toronto, Canada;2;4.2
I3827;11/11/2025 02:54;U072;P096;TipInt006;Regular Day;Sydney, Australia;6;2.4
I3828;1/14/2026 22:11;U099;P083;TipInt004;Holiday Sale;Paris, France;2;2.5
I3829;12/20/2025 14:51;U020;P030;TipInt001;Black Friday;New York, USA;10;4.8
I3830;1/26/2026 16:01;U088;P040;TipInt005;Spring Sale;London, UK;6;4.1
I3831;10/08/2025 18:33;U063;P033;TipInt003;Black Friday;London, UK;4;2.8
I3832;12/13/2025 18:38;U001;P036;TipInt003;Black Friday;Toronto, Canada;7;4
I3833;12/19/2025 07:08;U074;P013;TipInt004;Cyber Monday;London, UK;8;4.8
I3834;10/17/2025 00:01;U111;P002;TipInt005;Regular Day;Berlin, Germany;5;4.9
I3835;10/10/2025 14:06;U012;P035;TipInt003;Black Friday;New York, USA;10;4.6
I3836;1/31/2026 19:17;U023;P058;TipInt004;Cyber Monday;Toronto, Canada;8;2.7
I3837;1/26/2026 19:00;U083;P011;TipInt005;Cyber Monday;London, UK;8;1.5
I3838;12/13/2025 05:17;U044;P091;TipInt002;Cyber Monday;New York, USA;4;2.8
I3839;12/31/2025 02:06;U058;P071;TipInt006;Spring Sale;Paris, France;-;3.3
I3840;12/10/2025 03:53;U057;P033;TipInt002;Regular Day;New York, USA;9;3.4
I3841;12/06/2025 18:05;U105;P086;TipInt006;Black Friday;Berlin, Germany;7;3.4
I3842;1/26/2026 09:44;U006;P029;TipInt005;Regular Day;Berlin, Germany;3;3
I3843;10/21/2025 11:07;U036;P060;TipInt002;Holiday Sale;Sydney, Australia;1;4.4
I3844;11/29/2025 16:41;U115;P032;TipInt006;Regular Day;Berlin, Germany;5;1.8
I3845;10/16/2025 09:10;U099;P059;TipInt005;Holiday Sale;Toronto, Canada;3;4.5
I3846;10/17/2025 23:33;U072;P081;TipInt002;Black Friday;New York, USA;1;5
I3847;12/26/2025 02:05;U016;P076;TipInt004;Cyber Monday;Paris, France;10;2.8
I3848;9/30/2025 17:43;U019;P034;TipInt001;Holiday Sale;Berlin, Germany;-;3.2
I3849;12/11/2025 07:28;U099;P096;TipInt003;Regular Day;Toronto, Canada;7;3.6
I3850;1/14/2026 08:59;U085;P047;TipInt004;Spring Sale;London, UK;2;2.3
I3851;11/23/2025 02:29;U147;P061;TipInt004;Cyber Monday;Toronto, Canada;2;3.9
I3852;10/10/2025 18:35;U123;P034;TipInt006;Cyber Monday;Paris, France;-;3.3
I3853;1/28/2026 04:51;U099;P022;TipInt005;Holiday Sale;Berlin, Germany;2;3.5
I3854;12/03/2025 10:15;U144;P039;TipInt002;Black Friday;London, UK;3;1.2
I3855;11/16/2025 00:52;U023;P005;TipInt006;Regular Day;Paris, France;1;2.1
I3856;12/20/2025 03:32;U069;P024;TipInt006;Holiday Sale;London, UK;10;4.1
I3857;10/14/2025 22:39;U066;P080;TipInt004;Regular Day;Paris, France;9;3.2
I3858;11/11/2025 00:27;U131;P059;TipInt006;Holiday Sale;Sydney, Australia;1;1.9
I3859;11/22/2025 13:42;U040;P008;TipInt003;Spring Sale;Paris, France;6;2.4
I3860;10/15/2025 00:29;U051;P089;TipInt002;Cyber Monday;Paris, France;2;3.9
I3861;11/12/2025 16:28;U038;P026;TipInt002;Holiday Sale;London, UK;4;1.3
I3862;1/18/2026 18:30;U136;P082;TipInt006;Spring Sale;Paris, France;10;1.3
I3863;11/26/2025 08:27;U088;P053;TipInt004;Cyber Monday;Paris, France;8;4.1
I3864;1/18/2026 12:13;U039;P086;TipInt005;Regular Day;Paris, France;5;1.1
I3865;12/20/2025 23:42;U024;P044;TipInt005;Cyber Monday;Paris, France;6;3.8
I3866;11/12/2025 15:32;U055;P002;TipInt004;Spring Sale;Berlin, Germany;8;2.2
I3867;12/23/2025 13:31;U047;P086;TipInt004;Regular Day;Berlin, Germany;2;2.3
I3868;12/23/2025 00:58;U138;P055;TipInt006;Cyber Monday;Sydney, Australia;6;2.9
I3869;1/13/2026 02:59;U073;P062;TipInt003;Spring Sale;New York, USA;6;3.2
I3870;10/16/2025 11:45;U140;P081;TipInt003;Spring Sale;Toronto, Canada;6;1.9
I3871;10/13/2025 19:12;U003;P028;TipInt003;Cyber Monday;New York, USA;2;4
I3872;11/26/2025 13:52;U143;P089;TipInt003;Black Friday;Berlin, Germany;3;4.2
I3873;11/10/2025 10:06;U004;P033;TipInt003;Black Friday;London, UK;4;3.8
I3874;1/09/2026 04:56;U137;P042;TipInt002;Spring Sale;Paris, France;3;1.1
I3875;10/03/2025 07:43;U094;P087;TipInt006;Holiday Sale;Paris, France;4;3.5
I3876;11/23/2025 16:38;U148;P069;TipInt002;Regular Day;New York, USA;10;1
I3877;12/05/2025 16:02;U089;P087;TipInt002;Cyber Monday;London, UK;3;2.1
I3878;1/13/2026 10:37;U134;P099;TipInt005;Cyber Monday;London, UK;6;1.8
I3879;10/24/2025 15:53;U082;P037;TipInt002;Black Friday;New York, USA;8;4.8
I3880;1/22/2026 02:54;U071;P034;TipInt005;Holiday Sale;London, UK;-;2.7
I3881;1/28/2026 05:53;U101;P037;TipInt003;Holiday Sale;Berlin, Germany;1;1.8
I3882;12/25/2025 22:39;U148;P033;TipInt006;Holiday Sale;Berlin, Germany;-;1.8
I3883;11/14/2025 05:12;U080;P036;TipInt004;Regular Day;Toronto, Canada;9;1.3
I3884;1/15/2026 08:15;U132;P086;TipInt004;Cyber Monday;London, UK;2;3.6
I3885;1/14/2026 08:31;U019;P083;TipInt001;Black Friday;New York, USA;6;1.8
I3886;11/23/2025 02:16;U106;P040;TipInt003;Cyber Monday;New York, USA;8;4
I3887;1/14/2026 15:27;U046;P011;TipInt002;Regular Day;New York, USA;9;4.1
I3888;12/07/2025 12:39;U145;P094;TipInt006;Black Friday;Paris, France;4;3.8
I3889;12/28/2025 19:10;U050;P065;TipInt001;Holiday Sale;New York, USA;9;3.6
I3890;12/27/2025 12:51;U103;P074;TipInt003;Cyber Monday;Paris, France;9;1.3
I3891;1/24/2026 06:00;U138;P091;TipInt001;Cyber Monday;Sydney, Australia;2;1.5
I3892;1/06/2026 08:34;U071;P087;TipInt004;Holiday Sale;Sydney, Australia;8;3.3
I3893;11/16/2025 21:10;U140;P020;TipInt003;Cyber Monday;London, UK;-;1.1
I3894;11/24/2025 06:01;U037;P085;TipInt003;Regular Day;Berlin, Germany;7;2.5
I3895;10/20/2025 21:21;U147;P090;TipInt001;Cyber Monday;Sydney, Australia;2;3
I3896;11/11/2025 12:29;U110;P063;TipInt006;Black Friday;Toronto, Canada;10;4.7
I3897;11/24/2025 12:15;U035;P083;TipInt006;Regular Day;London, UK;5;4.3
I3898;10/30/2025 07:23;U052;P040;TipInt006;Spring Sale;Sydney, Australia;8;2.8
I3899;10/14/2025 23:35;U094;P053;TipInt003;Regular Day;New York, USA;8;4.3
I3900;1/15/2026 00:03;U136;P022;TipInt002;Cyber Monday;New York, USA;3;4.5
I3901;11/01/2025 10:05;U044;P081;TipInt003;Holiday Sale;New York, USA;9;1.2
I3902;11/25/2025 22:51;U029;P015;TipInt006;Spring Sale;Sydney, Australia;10;1.4
I3903;11/11/2025 19:41;U123;P089;TipInt002;Spring Sale;Sydney, Australia;3;3.6
I3904;10/29/2025 23:03;U056;P041;TipInt003;Spring Sale;London, UK;-;4.3
I3905;10/22/2025 00:23;U139;P059;TipInt005;Holiday Sale;Paris, France;6;3.1
I3906;12/12/2025 06:10;U082;P007;TipInt002;Spring Sale;London, UK;-;2.7
I3907;1/16/2026 08:50;U054;P035;TipInt006;Spring Sale;Berlin, Germany;-;4.8
I3908;10/19/2025 08:13;U089;P091;TipInt006;Black Friday;Paris, France;3;3.4
I3909;11/20/2025 03:08;U020;P023;TipInt002;Regular Day;London, UK;8;3
I3910;12/14/2025 21:20;U144;P029;TipInt006;Spring Sale;Paris, France;7;3.7
I3911;11/02/2025 00:43;U010;P041;TipInt004;Black Friday;New York, USA;8;4.5
I3912;11/02/2025 15:03;U008;P048;TipInt004;Cyber Monday;New York, USA;6;5
I3913;12/26/2025 13:02;U027;P025;TipInt002;Spring Sale;New York, USA;7;3.2
I3914;1/24/2026 07:28;U126;P011;TipInt001;Regular Day;London, UK;2;1.2
I3915;10/10/2025 18:18;U093;P040;TipInt003;Cyber Monday;Toronto, Canada;-;2.2
I3916;11/26/2025 13:08;U013;P099;TipInt006;Holiday Sale;Sydney, Australia;6;4.2
I3917;1/28/2026 06:11;U134;P078;TipInt002;Regular Day;New York, USA;8;3.9
I3918;1/18/2026 14:44;U075;P040;TipInt006;Black Friday;Paris, France;4;1.8
I3919;11/08/2025 21:52;U147;P026;TipInt006;Spring Sale;Sydney, Australia;-;4.8
I3920;11/29/2025 17:31;U067;P086;TipInt006;Cyber Monday;Paris, France;2;4.4
I3921;10/19/2025 01:37;U041;P080;TipInt002;Holiday Sale;Toronto, Canada;8;3.8
I3922;10/17/2025 04:55;U018;P041;TipInt005;Regular Day;Toronto, Canada;3;2
I3923;11/29/2025 10:04;U073;P035;TipInt002;Cyber Monday;Berlin, Germany;7;3.4
I3924;1/30/2026 20:19;U001;P081;TipInt004;Regular Day;Sydney, Australia;2;4.4
I3925;11/28/2025 21:21;U022;P033;TipInt003;Cyber Monday;London, UK;3;3.1
I3926;11/08/2025 15:56;U118;P026;TipInt004;Cyber Monday;Sydney, Australia;7;2.1
I3927;11/18/2025 12:51;U123;P083;TipInt004;Spring Sale;Toronto, Canada;8;4.3
I3928;1/15/2026 19:32;U004;P095;TipInt001;Black Friday;Paris, France;8;4.2
I3929;10/02/2025 13:17;U030;P063;TipInt005;Cyber Monday;Berlin, Germany;-;3.7
I3930;1/26/2026 11:38;U147;P023;TipInt001;Cyber Monday;New York, USA;4;2
I3931;12/06/2025 12:11;U147;P072;TipInt002;Spring Sale;London, UK;10;2.6
I3932;1/07/2026 04:07;U008;P025;TipInt005;Black Friday;Toronto, Canada;5;4.9
I3933;1/20/2026 13:02;U059;P074;TipInt002;Spring Sale;Berlin, Germany;7;3.6
I3934;11/30/2025 19:56;U104;P093;TipInt005;Black Friday;New York, USA;9;4.2
I3935;12/16/2025 04:29;U135;P086;TipInt002;Cyber Monday;New York, USA;9;3.3
I3936;1/21/2026 11:13;U125;P084;TipInt001;Spring Sale;Berlin, Germany;-;2.8
I3937;12/06/2025 02:50;U063;P091;TipInt002;Holiday Sale;New York, USA;3;2.8
I3938;12/01/2025 20:53;U022;P032;TipInt003;Holiday Sale;Toronto, Canada;3;1.9
I3939;1/02/2026 15:11;U044;P086;TipInt002;Spring Sale;Berlin, Germany;2;1.2
I3940;11/09/2025 19:27;U077;P066;TipInt005;Holiday Sale;Toronto, Canada;6;3.1
I3941;11/21/2025 04:02;U076;P040;TipInt003;Holiday Sale;London, UK;7;4.9
I3942;1/07/2026 22:18;U009;P018;TipInt002;Cyber Monday;Sydney, Australia;1;2.6
I3943;11/14/2025 02:47;U061;P087;TipInt006;Cyber Monday;New York, USA;9;3.1
I3944;10/25/2025 04:46;U055;P074;TipInt003;Cyber Monday;Sydney, Australia;5;1.5
I3945;12/12/2025 15:11;U003;P029;TipInt004;Holiday Sale;London, UK;10;1.7
I3946;12/09/2025 18:50;U034;P094;TipInt006;Spring Sale;Sydney, Australia;6;3.5
I3947;10/20/2025 06:52;U092;P073;TipInt006;Cyber Monday;London, UK;3;3.1
I3948;12/13/2025 04:20;U025;P002;TipInt006;Cyber Monday;New York, USA;1;2.5
I3949;10/18/2025 00:26;U089;P084;TipInt001;Cyber Monday;Sydney, Australia;4;2.9
I3950;10/11/2025 08:39;U107;P061;TipInt006;Cyber Monday;London, UK;3;3.9
I3951;1/29/2026 07:30;U115;P015;TipInt001;Spring Sale;Berlin, Germany;2;3.5
I3952;12/31/2025 22:47;U071;P023;TipInt006;Black Friday;New York, USA;-;2.7
I3953;1/25/2026 21:26;U012;P044;TipInt005;Black Friday;Toronto, Canada;-;1.4
I3954;12/25/2025 19:41;U130;P071;TipInt004;Holiday Sale;London, UK;6;3
I3955;11/06/2025 22:01;U058;P002;TipInt003;Holiday Sale;Toronto, Canada;4;3.5
I3956;11/27/2025 04:27;U057;P032;TipInt006;Cyber Monday;Sydney, Australia;6;1.2
I3957;1/11/2026 12:34;U108;P029;TipInt001;Spring Sale;Berlin, Germany;-;4.1
I3958;12/24/2025 09:09;U035;P057;TipInt006;Holiday Sale;Paris, France;6;3.2
I3959;10/31/2025 11:24;U075;P078;TipInt002;Spring Sale;Toronto, Canada;6;1.4
I3960;1/02/2026 19:45;U127;P097;TipInt006;Cyber Monday;Toronto, Canada;6;1.2
I3961;11/16/2025 15:56;U006;P049;TipInt002;Holiday Sale;Toronto, Canada;2;3.8
I3962;11/30/2025 05:30;U016;P063;TipInt004;Black Friday;Toronto, Canada;4;4.4
I3963;10/30/2025 07:11;U142;P093;TipInt003;Holiday Sale;New York, USA;4;3.3
I3964;11/09/2025 11:57;U148;P012;TipInt003;Cyber Monday;Berlin, Germany;4;1.7
I3965;11/08/2025 15:17;U028;P028;TipInt006;Cyber Monday;Sydney, Australia;10;3.8
I3966;11/26/2025 23:42;U015;P060;TipInt006;Holiday Sale;Berlin, Germany;10;3.5
I3967;11/17/2025 14:09;U118;P064;TipInt003;Spring Sale;New York, USA;1;4.1
I3968;11/26/2025 05:16;U108;P047;TipInt003;Spring Sale;Berlin, Germany;7;3.7
I3969;11/27/2025 12:22;U116;P059;TipInt005;Black Friday;London, UK;10;1.8
I3970;10/08/2025 07:09;U060;P037;TipInt004;Holiday Sale;Toronto, Canada;8;2.3
I3971;12/04/2025 17:25;U065;P013;TipInt001;Holiday Sale;Berlin, Germany;1;1.7
I3972;12/27/2025 04:47;U046;P036;TipInt002;Holiday Sale;Paris, France;7;3.7
I3973;1/10/2026 17:39;U034;P057;TipInt002;Holiday Sale;New York, USA;7;2.5
I3974;1/04/2026 18:53;U092;P061;TipInt003;Holiday Sale;New York, USA;2;4.3
I3975;10/09/2025 18:45;U019;P027;TipInt004;Black Friday;Sydney, Australia;5;3.1
I3976;1/29/2026 17:16;U044;P016;TipInt001;Spring Sale;Paris, France;3;1.2
I3977;1/27/2026 15:17;U053;P051;TipInt006;Black Friday;New York, USA;10;1.5
I3978;12/31/2025 06:29;U015;P089;TipInt004;Spring Sale;London, UK;6;4.3
I3979;12/10/2025 05:24;U013;P059;TipInt003;Regular Day;London, UK;1;3.9
I3980;11/10/2025 19:51;U150;P073;TipInt002;Black Friday;Berlin, Germany;4;2.1
I3981;9/29/2025 01:03;U052;P088;TipInt004;Spring Sale;Paris, France;10;4.1
I3982;12/14/2025 23:24;U125;P045;TipInt001;Spring Sale;Paris, France;9;3.5
I3983;12/26/2025 20:11;U078;P046;TipInt004;Black Friday;Sydney, Australia;1;3.2
I3984;10/27/2025 23:27;U045;P026;TipInt003;Regular Day;New York, USA;-;4.8
I3985;12/12/2025 02:54;U032;P010;TipInt006;Black Friday;Berlin, Germany;8;4.2
I3986;1/04/2026 13:16;U045;P040;TipInt006;Regular Day;Berlin, Germany;1;1.7
I3987;10/12/2025 01:52;U132;P005;TipInt004;Cyber Monday;London, UK;7;2.8
I3988;10/04/2025 19:44;U016;P035;TipInt006;Cyber Monday;Toronto, Canada;-;1.5
I3989;1/23/2026 03:27;U076;P073;TipInt004;Regular Day;Sydney, Australia;5;4.7
I3990;11/21/2025 18:06;U002;P020;TipInt001;Regular Day;Paris, France;1;2.5
I3991;1/24/2026 02:25;U086;P098;TipInt006;Cyber Monday;London, UK;8;2
I3992;12/07/2025 06:47;U139;P052;TipInt001;Spring Sale;Sydney, Australia;7;4.3
I3993;1/06/2026 23:40;U040;P074;TipInt002;Cyber Monday;New York, USA;7;2.4
I3994;1/04/2026 14:29;U144;P003;TipInt006;Holiday Sale;Paris, France;2;3.4
I3995;1/21/2026 05:38;U012;P006;TipInt005;Holiday Sale;Berlin, Germany;1;2
I3996;12/17/2025 04:49;U042;P007;TipInt004;Holiday Sale;Sydney, Australia;6;4
I3997;1/08/2026 16:28;U026;P073;TipInt003;Cyber Monday;New York, USA;10;4.6
I3998;12/06/2025 00:26;U129;P078;TipInt005;Holiday Sale;Paris, France;5;3.1
I3999;12/23/2025 19:35;U048;P087;TipInt004;Regular Day;Berlin, Germany;7;3.1
I4000;1/18/2026 14:28;U117;P080;TipInt003;Regular Day;Berlin, Germany;8;3.3
I4001;12/30/2025 18:50;U109;P026;TipInt002;Regular Day;New York, USA;6;2.4
I4002;12/09/2025 18:20;U024;P017;TipInt002;Regular Day;New York, USA;8;1.8
I4003;1/14/2026 18:11;U025;P048;TipInt006;Holiday Sale;Berlin, Germany;3;4.9
I4004;11/29/2025 01:03;U103;P085;TipInt002;Cyber Monday;Berlin, Germany;8;1.5
I4005;1/03/2026 11:35;U121;P057;TipInt005;Cyber Monday;Berlin, Germany;8;2.6
I4006;1/18/2026 19:06;U056;P089;TipInt006;Spring Sale;Sydney, Australia;-;2.1
I4007;10/17/2025 14:21;U068;P015;TipInt003;Black Friday;Paris, France;3;1.5
I4008;11/07/2025 04:21;U130;P030;TipInt003;Cyber Monday;Paris, France;8;2.9
I4009;11/01/2025 06:34;U050;P045;TipInt003;Regular Day;Berlin, Germany;4;1.5
I4010;11/09/2025 16:23;U089;P021;TipInt006;Holiday Sale;Berlin, Germany;5;4.5
I4011;10/27/2025 02:37;U041;P015;TipInt003;Cyber Monday;Paris, France;10;2.7
I4012;11/16/2025 09:34;U111;P013;TipInt006;Black Friday;Berlin, Germany;4;1.2
I4013;10/27/2025 21:04;U089;P054;TipInt004;Black Friday;London, UK;3;1.4
I4014;11/09/2025 06:23;U011;P061;TipInt004;Spring Sale;Sydney, Australia;2;3.2
I4015;1/02/2026 19:28;U014;P061;TipInt005;Spring Sale;London, UK;4;1.3
I4016;11/08/2025 15:24;U139;P094;TipInt005;Cyber Monday;London, UK;1;2.2
I4017;10/11/2025 03:31;U063;P018;TipInt006;Regular Day;London, UK;4;2.4
I4018;1/06/2026 12:01;U032;P042;TipInt001;Holiday Sale;Toronto, Canada;5;1.5
I4019;10/21/2025 15:07;U150;P078;TipInt001;Holiday Sale;Paris, France;2;3.6
I4020;11/08/2025 01:38;U091;P084;TipInt001;Holiday Sale;Sydney, Australia;8;4.4
I4021;11/27/2025 03:31;U112;P074;TipInt006;Regular Day;Berlin, Germany;10;2.6
I4022;1/21/2026 14:39;U069;P024;TipInt003;Black Friday;Sydney, Australia;4;4.8
I4023;12/04/2025 19:25;U047;P008;TipInt006;Spring Sale;Sydney, Australia;3;3.8
I4024;10/17/2025 04:01;U045;P073;TipInt001;Spring Sale;Sydney, Australia;1;4.1
I4025;11/08/2025 17:11;U115;P059;TipInt005;Spring Sale;New York, USA;-;2.9
I4026;10/29/2025 11:57;U022;P047;TipInt001;Holiday Sale;London, UK;1;4.8
I4027;1/29/2026 14:58;U128;P048;TipInt006;Black Friday;Toronto, Canada;9;5
I4028;10/15/2025 21:28;U054;P052;TipInt003;Spring Sale;Toronto, Canada;6;1.3
I4029;11/21/2025 18:54;U075;P025;TipInt006;Holiday Sale;Paris, France;4;3.9
I4030;12/13/2025 11:48;U104;P076;TipInt003;Regular Day;Sydney, Australia;3;2.1
I4031;10/26/2025 23:16;U084;P086;TipInt002;Spring Sale;Sydney, Australia;3;2.6
I4032;10/02/2025 01:03;U072;P050;TipInt004;Cyber Monday;Paris, France;7;4.2
I4033;11/30/2025 20:32;U007;P085;TipInt006;Spring Sale;Toronto, Canada;5;2
I4034;1/29/2026 23:40;U060;P046;TipInt004;Holiday Sale;Berlin, Germany;8;3.3
I4035;10/14/2025 23:03;U115;P032;TipInt004;Holiday Sale;Berlin, Germany;6;4.6
I4036;10/18/2025 12:56;U125;P024;TipInt004;Cyber Monday;Toronto, Canada;9;2.3
I4037;12/01/2025 03:17;U120;P007;TipInt002;Cyber Monday;Toronto, Canada;8;2.7
I4038;10/07/2025 01:21;U071;P017;TipInt003;Black Friday;Toronto, Canada;1;2.3
I4039;12/06/2025 16:17;U001;P034;TipInt006;Regular Day;Paris, France;4;4.2
I4040;12/20/2025 16:43;U118;P057;TipInt006;Cyber Monday;London, UK;2;3.8
I4041;1/27/2026 20:33;U048;P026;TipInt003;Cyber Monday;Sydney, Australia;1;4.6
I4042;12/13/2025 04:47;U121;P048;TipInt002;Black Friday;Toronto, Canada;2;1.7
I4043;11/30/2025 08:46;U148;P072;TipInt002;Black Friday;Berlin, Germany;9;4.5
I4044;11/24/2025 00:26;U018;P073;TipInt002;Spring Sale;Paris, France;4;3.3
I4045;11/06/2025 20:37;U042;P001;TipInt003;Cyber Monday;London, UK;9;2.8
I4046;1/19/2026 15:16;U007;P014;TipInt003;Black Friday;Sydney, Australia;6;3.1
I4047;10/08/2025 22:16;U012;P077;TipInt001;Spring Sale;Toronto, Canada;1;4.4
I4048;10/06/2025 16:08;U090;P038;TipInt005;Spring Sale;Toronto, Canada;10;4
I4049;1/11/2026 22:01;U102;P045;TipInt002;Spring Sale;New York, USA;9;2.8
I4050;11/07/2025 01:12;U150;P074;TipInt004;Holiday Sale;Berlin, Germany;3;2.2
I4051;11/09/2025 09:35;U002;P057;TipInt002;Spring Sale;New York, USA;3;3.7
I4052;11/06/2025 17:18;U023;P072;TipInt003;Black Friday;Toronto, Canada;1;2.4
I4053;10/20/2025 02:30;U039;P002;TipInt004;Holiday Sale;New York, USA;1;2.1
I4054;12/16/2025 20:00;U077;P055;TipInt002;Holiday Sale;Berlin, Germany;3;2.6
I4055;1/22/2026 13:46;U068;P056;TipInt005;Spring Sale;Berlin, Germany;7;1.9
I4056;1/19/2026 22:27;U037;P001;TipInt005;Holiday Sale;London, UK;-;1.1
I4057;11/17/2025 05:35;U047;P072;TipInt003;Regular Day;Toronto, Canada;9;4.1
I4058;12/09/2025 17:30;U107;P050;TipInt003;Holiday Sale;Paris, France;8;1.9
I4059;11/24/2025 13:18;U066;P043;TipInt001;Cyber Monday;London, UK;9;4.5
I4060;1/25/2026 18:25;U017;P075;TipInt004;Black Friday;Toronto, Canada;9;1.3
I4061;12/03/2025 03:40;U002;P015;TipInt005;Spring Sale;Paris, France;9;1.1
I4062;12/28/2025 03:14;U037;P008;TipInt002;Holiday Sale;London, UK;1;2.5
I4063;11/23/2025 01:36;U083;P008;TipInt003;Regular Day;Paris, France;2;4.7
I4064;1/19/2026 08:23;U047;P085;TipInt006;Holiday Sale;Sydney, Australia;3;3.4
I4065;1/25/2026 11:16;U090;P045;TipInt003;Cyber Monday;Paris, France;5;2.7
I4066;11/11/2025 06:48;U056;P045;TipInt001;Holiday Sale;Toronto, Canada;3;4.3
I4067;10/26/2025 23:46;U007;P010;TipInt006;Regular Day;London, UK;1;2.6
I4068;12/28/2025 04:50;U029;P025;TipInt002;Spring Sale;Paris, France;-;1.3
I4069;11/15/2025 15:37;U015;P068;TipInt001;Holiday Sale;Paris, France;2;2.8
I4070;11/01/2025 01:36;U150;P034;TipInt003;Regular Day;London, UK;3;4.2
I4071;11/19/2025 01:19;U053;P057;TipInt003;Cyber Monday;Toronto, Canada;10;4.2
I4072;12/12/2025 01:20;U052;P045;TipInt001;Cyber Monday;Sydney, Australia;3;2.8
I4073;10/21/2025 02:32;U062;P007;TipInt005;Black Friday;Berlin, Germany;1;2.3
I4074;10/02/2025 11:54;U084;P099;TipInt002;Black Friday;Toronto, Canada;10;1.3
I4075;1/15/2026 20:23;U056;P057;TipInt003;Cyber Monday;Paris, France;4;4.5
I4076;1/24/2026 20:26;U132;P015;TipInt002;Cyber Monday;Berlin, Germany;7;3.5
I4077;11/21/2025 16:28;U101;P026;TipInt002;Spring Sale;Berlin, Germany;6;1.5
I4078;11/25/2025 17:09;U136;P006;TipInt004;Spring Sale;Berlin, Germany;4;1.2
I4079;9/29/2025 07:23;U112;P080;TipInt001;Cyber Monday;London, UK;3;2
I4080;12/08/2025 11:25;U046;P038;TipInt005;Black Friday;New York, USA;9;3.6
I4081;1/09/2026 22:47;U039;P075;TipInt005;Cyber Monday;Paris, France;10;3.3
I4082;11/22/2025 15:21;U116;P036;TipInt006;Holiday Sale;Berlin, Germany;3;2.2
I4083;11/10/2025 02:45;U123;P022;TipInt006;Cyber Monday;New York, USA;6;2.3
I4084;10/02/2025 12:39;U084;P088;TipInt001;Cyber Monday;Sydney, Australia;7;2.1
I4085;12/21/2025 11:44;U102;P045;TipInt002;Holiday Sale;New York, USA;6;4.1
I4086;1/10/2026 01:27;U121;P086;TipInt004;Cyber Monday;Toronto, Canada;3;1
I4087;11/10/2025 21:52;U008;P012;TipInt004;Holiday Sale;Paris, France;7;1.7
I4088;11/12/2025 08:17;U126;P047;TipInt001;Cyber Monday;London, UK;5;3.5
I4089;10/28/2025 05:21;U102;P050;TipInt004;Cyber Monday;New York, USA;7;4.6
I4090;1/13/2026 08:05;U127;P098;TipInt004;Regular Day;Paris, France;6;3.4
I4091;9/30/2025 11:41;U036;P035;TipInt005;Spring Sale;Sydney, Australia;5;1.5
I4092;1/15/2026 05:33;U097;P049;TipInt004;Regular Day;Toronto, Canada;4;3.5
I4093;11/10/2025 16:04;U090;P073;TipInt003;Black Friday;Paris, France;2;3.3
I4094;11/04/2025 20:48;U069;P069;TipInt001;Spring Sale;Sydney, Australia;4;3.9
I4095;1/21/2026 06:40;U025;P080;TipInt001;Black Friday;London, UK;9;1.4
I4096;10/07/2025 22:58;U001;P014;TipInt002;Regular Day;Paris, France;1;3.8
I4097;12/15/2025 08:35;U113;P087;TipInt001;Spring Sale;New York, USA;10;4.1
I4098;10/14/2025 02:56;U087;P087;TipInt006;Spring Sale;Sydney, Australia;3;4.2
I4099;11/02/2025 17:19;U078;P063;TipInt004;Holiday Sale;Paris, France;6;2.6
I4100;1/18/2026 18:43;U145;P033;TipInt006;Holiday Sale;New York, USA;7;4.3
I4101;12/11/2025 02:57;U066;P006;TipInt005;Cyber Monday;Sydney, Australia;10;3.1
I4102;11/19/2025 19:58;U064;P014;TipInt001;Spring Sale;Paris, France;3;2.5
I4103;1/10/2026 03:31;U094;P033;TipInt006;Spring Sale;Berlin, Germany;1;1
I4104;11/12/2025 15:53;U023;P052;TipInt001;Holiday Sale;Berlin, Germany;6;4.3
I4105;12/15/2025 22:26;U123;P073;TipInt004;Black Friday;Paris, France;2;1.9
I4106;1/24/2026 00:23;U010;P012;TipInt006;Cyber Monday;New York, USA;4;4.7
I4107;12/23/2025 18:23;U039;P022;TipInt003;Spring Sale;New York, USA;2;4.8
I4108;12/11/2025 14:45;U131;P013;TipInt004;Cyber Monday;New York, USA;2;2
I4109;10/09/2025 22:49;U005;P018;TipInt005;Regular Day;New York, USA;4;3.3
I4110;12/29/2025 01:06;U066;P004;TipInt004;Regular Day;New York, USA;6;1.8
I4111;12/05/2025 08:39;U052;P085;TipInt006;Cyber Monday;Toronto, Canada;10;3.7
I4112;11/02/2025 21:11;U043;P034;TipInt001;Cyber Monday;Berlin, Germany;4;1.5
I4113;11/25/2025 14:34;U015;P040;TipInt002;Spring Sale;Paris, France;4;4.5
I4114;11/10/2025 22:35;U065;P038;TipInt001;Regular Day;Paris, France;5;2
I4115;10/02/2025 19:29;U070;P093;TipInt005;Regular Day;New York, USA;3;3.9
I4116;10/18/2025 19:39;U063;P022;TipInt003;Holiday Sale;New York, USA;4;3.6
I4117;1/25/2026 17:48;U077;P063;TipInt001;Spring Sale;Toronto, Canada;1;4.4
I4118;11/08/2025 18:05;U084;P099;TipInt005;Cyber Monday;Sydney, Australia;4;2.3
I4119;10/31/2025 18:54;U106;P013;TipInt001;Regular Day;London, UK;-;4.8
I4120;10/12/2025 14:33;U005;P066;TipInt001;Holiday Sale;Toronto, Canada;-;4.1
I4121;10/12/2025 04:59;U078;P026;TipInt006;Cyber Monday;London, UK;1;3.7
I4122;10/02/2025 06:49;U129;P029;TipInt005;Cyber Monday;New York, USA;-;2.4
I4123;12/25/2025 05:18;U036;P005;TipInt005;Cyber Monday;Toronto, Canada;1;4.2
I4124;12/23/2025 14:44;U064;P031;TipInt001;Regular Day;Berlin, Germany;1;4
I4125;1/02/2026 20:52;U030;P098;TipInt001;Cyber Monday;New York, USA;3;3.6
I4126;12/12/2025 23:43;U139;P035;TipInt003;Regular Day;Paris, France;-;1.8
I4127;12/17/2025 00:26;U083;P066;TipInt006;Holiday Sale;London, UK;1;4.5
I4128;10/25/2025 14:57;U002;P081;TipInt004;Cyber Monday;London, UK;6;5
I4129;11/07/2025 00:08;U132;P078;TipInt006;Spring Sale;Paris, France;5;3.5
I4130;11/23/2025 16:41;U100;P037;TipInt002;Holiday Sale;Sydney, Australia;5;4.1
I4131;12/11/2025 19:44;U098;P077;TipInt005;Cyber Monday;London, UK;2;2.8
I4132;10/21/2025 18:14;U065;P030;TipInt004;Holiday Sale;New York, USA;2;3.4
I4133;10/28/2025 15:19;U087;P053;TipInt004;Regular Day;Berlin, Germany;5;1.8
I4134;10/05/2025 23:48;U116;P011;TipInt001;Holiday Sale;Paris, France;-;4.1
I4135;10/12/2025 05:15;U119;P057;TipInt001;Black Friday;Paris, France;10;2.4
I4136;12/26/2025 00:14;U058;P053;TipInt004;Holiday Sale;New York, USA;8;4.8
I4137;1/03/2026 06:54;U100;P019;TipInt003;Regular Day;Berlin, Germany;6;1.9
I4138;10/29/2025 01:23;U062;P084;TipInt002;Black Friday;New York, USA;10;4.7
I4139;11/26/2025 09:42;U125;P066;TipInt002;Regular Day;Paris, France;7;1.6
I4140;10/23/2025 09:02;U060;P037;TipInt006;Spring Sale;New York, USA;3;3.1
I4141;12/25/2025 00:17;U046;P057;TipInt006;Cyber Monday;Sydney, Australia;3;1.9
I4142;1/30/2026 03:31;U094;P048;TipInt004;Regular Day;Sydney, Australia;5;4
I4143;12/03/2025 03:04;U066;P072;TipInt004;Black Friday;Paris, France;8;1
I4144;10/16/2025 01:31;U121;P020;TipInt006;Holiday Sale;Toronto, Canada;6;2.9
I4145;10/15/2025 11:18;U024;P011;TipInt003;Regular Day;Berlin, Germany;-;2
I4146;10/25/2025 13:28;U056;P056;TipInt002;Spring Sale;New York, USA;5;3.9
I4147;12/03/2025 20:05;U032;P060;TipInt004;Spring Sale;New York, USA;10;3.7
I4148;1/01/2026 22:57;U091;P039;TipInt005;Black Friday;New York, USA;5;1.7
I4149;10/16/2025 05:33;U094;P038;TipInt006;Spring Sale;New York, USA;3;4.6
I4150;12/21/2025 10:21;U032;P066;TipInt002;Cyber Monday;New York, USA;1;2.2
I4151;11/08/2025 02:17;U124;P020;TipInt005;Black Friday;London, UK;9;4.4
I4152;1/05/2026 02:03;U119;P035;TipInt004;Black Friday;London, UK;4;4.1
I4153;12/13/2025 05:57;U036;P040;TipInt004;Holiday Sale;London, UK;9;4.4
I4154;10/31/2025 00:58;U004;P025;TipInt006;Spring Sale;Toronto, Canada;3;4.5
I4155;1/16/2026 18:05;U025;P022;TipInt003;Cyber Monday;Sydney, Australia;9;2.4
I4156;10/06/2025 13:06;U059;P048;TipInt006;Black Friday;London, UK;4;3.5
I4157;11/05/2025 04:47;U130;P053;TipInt003;Regular Day;Sydney, Australia;4;4.1
I4158;11/14/2025 08:00;U089;P060;TipInt001;Spring Sale;New York, USA;3;1.1
I4159;12/21/2025 03:19;U142;P070;TipInt005;Black Friday;London, UK;5;1.7
I4160;11/09/2025 15:39;U056;P068;TipInt006;Spring Sale;Sydney, Australia;7;4.7
I4161;1/24/2026 02:33;U150;P029;TipInt003;Regular Day;Toronto, Canada;6;2.3
I4162;12/29/2025 00:21;U106;P049;TipInt004;Spring Sale;London, UK;2;3.7
I4163;12/23/2025 01:07;U062;P076;TipInt006;Cyber Monday;New York, USA;8;1.8
I4164;1/15/2026 23:57;U010;P041;TipInt002;Cyber Monday;Toronto, Canada;4;1.6
I4165;12/20/2025 12:29;U129;P058;TipInt001;Cyber Monday;Paris, France;8;1.1
I4166;1/15/2026 01:43;U142;P072;TipInt004;Spring Sale;Paris, France;8;1.9
I4167;11/24/2025 05:21;U126;P047;TipInt006;Regular Day;Toronto, Canada;7;3.9
I4168;1/06/2026 12:33;U142;P080;TipInt006;Regular Day;New York, USA;2;2.1
I4169;10/11/2025 07:36;U095;P094;TipInt006;Holiday Sale;New York, USA;9;1.7
I4170;11/24/2025 12:17;U088;P053;TipInt006;Cyber Monday;London, UK;4;4.7
I4171;10/18/2025 17:24;U069;P050;TipInt003;Cyber Monday;London, UK;8;2.9
I4172;11/18/2025 02:16;U030;P071;TipInt004;Regular Day;Toronto, Canada;6;1.4
I4173;11/29/2025 11:23;U140;P039;TipInt006;Cyber Monday;Berlin, Germany;7;3.3
I4174;12/17/2025 09:48;U147;P087;TipInt002;Black Friday;Toronto, Canada;1;1.6
I4175;10/11/2025 14:43;U061;P034;TipInt003;Regular Day;London, UK;1;4.4
I4176;10/19/2025 22:55;U073;P054;TipInt002;Holiday Sale;Toronto, Canada;7;4.4
I4177;10/18/2025 04:14;U032;P090;TipInt005;Cyber Monday;Toronto, Canada;8;2.9
I4178;12/25/2025 14:55;U051;P083;TipInt002;Holiday Sale;London, UK;5;3.4
I4179;12/10/2025 19:42;U092;P096;TipInt005;Regular Day;New York, USA;2;4.2
I4180;12/12/2025 19:14;U044;P092;TipInt005;Spring Sale;Sydney, Australia;3;3.6
I4181;1/24/2026 10:04;U035;P063;TipInt004;Cyber Monday;London, UK;1;4.8
I4182;10/11/2025 21:07;U015;P061;TipInt006;Holiday Sale;Berlin, Germany;8;1.8
I4183;1/16/2026 00:30;U043;P051;TipInt002;Spring Sale;Paris, France;6;1
I4184;10/04/2025 19:32;U076;P046;TipInt003;Black Friday;Toronto, Canada;2;4.2
I4185;10/02/2025 16:45;U031;P024;TipInt003;Spring Sale;London, UK;5;2.4
I4186;11/03/2025 19:00;U057;P059;TipInt005;Black Friday;Sydney, Australia;7;2.7
I4187;1/05/2026 09:21;U010;P055;TipInt004;Holiday Sale;Berlin, Germany;9;4.7
I4188;12/01/2025 20:59;U111;P083;TipInt003;Holiday Sale;London, UK;6;1.8
I4189;1/17/2026 08:36;U050;P045;TipInt005;Cyber Monday;New York, USA;9;2.3
I4190;11/17/2025 20:35;U058;P070;TipInt004;Cyber Monday;Sydney, Australia;7;2.3
I4191;1/29/2026 20:52;U117;P051;TipInt003;Spring Sale;London, UK;5;1.1
I4192;10/06/2025 05:04;U091;P056;TipInt001;Holiday Sale;Berlin, Germany;2;4.4
I4193;12/16/2025 02:58;U108;P006;TipInt001;Holiday Sale;London, UK;3;1.1
I4194;10/31/2025 13:00;U031;P071;TipInt006;Cyber Monday;Toronto, Canada;4;1.4
I4195;11/14/2025 09:06;U041;P093;TipInt004;Spring Sale;Toronto, Canada;3;3.2
I4196;12/24/2025 10:28;U041;P011;TipInt002;Spring Sale;Paris, France;8;2.2
I4197;1/26/2026 09:28;U013;P017;TipInt003;Holiday Sale;Sydney, Australia;4;3.8
I4198;11/05/2025 02:52;U007;P056;TipInt004;Spring Sale;Berlin, Germany;7;3.3
I4199;11/01/2025 04:52;U034;P038;TipInt006;Black Friday;London, UK;6;2.2
I4200;12/14/2025 23:45;U139;P046;TipInt001;Regular Day;New York, USA;6;4.8
I4201;11/03/2025 04:19;U039;P085;TipInt002;Regular Day;Berlin, Germany;1;3.1
I4202;12/10/2025 06:30;U118;P057;TipInt004;Spring Sale;New York, USA;10;4.9
I4203;10/17/2025 00:20;U107;P028;TipInt005;Regular Day;Paris, France;9;4.5
I4204;12/29/2025 22:18;U082;P077;TipInt004;Regular Day;Paris, France;3;4.4
I4205;10/23/2025 16:18;U046;P004;TipInt001;Regular Day;London, UK;6;2
I4206;1/19/2026 03:14;U083;P024;TipInt001;Regular Day;London, UK;4;2.8
I4207;11/10/2025 04:49;U008;P089;TipInt003;Cyber Monday;New York, USA;2;3.1
I4208;10/21/2025 01:28;U035;P064;TipInt002;Spring Sale;Paris, France;8;4.8
I4209;12/13/2025 19:28;U087;P043;TipInt004;Holiday Sale;London, UK;3;4.9
I4210;10/26/2025 09:51;U076;P004;TipInt001;Black Friday;New York, USA;2;4.1
I4211;11/05/2025 02:10;U019;P063;TipInt004;Black Friday;London, UK;10;3.7
I4212;11/22/2025 20:12;U097;P054;TipInt005;Spring Sale;Paris, France;3;1.1
I4213;12/09/2025 19:41;U066;P024;TipInt005;Holiday Sale;New York, USA;4;3.7
I4214;1/19/2026 19:11;U137;P056;TipInt001;Black Friday;Berlin, Germany;9;3.8
I4215;12/16/2025 16:37;U053;P008;TipInt004;Regular Day;London, UK;2;3.1
I4216;1/21/2026 05:02;U076;P071;TipInt001;Cyber Monday;Sydney, Australia;5;1.5
I4217;12/25/2025 11:12;U045;P042;TipInt006;Black Friday;Paris, France;-;4.4
I4218;1/11/2026 19:09;U119;P047;TipInt001;Black Friday;New York, USA;6;2.4
I4219;12/28/2025 14:16;U052;P064;TipInt003;Spring Sale;New York, USA;10;3.5
I4220;10/10/2025 16:32;U138;P025;TipInt003;Spring Sale;Toronto, Canada;1;4.9
I4221;1/18/2026 16:36;U062;P020;TipInt006;Regular Day;Paris, France;7;4.3
I4222;10/17/2025 04:35;U038;P027;TipInt004;Holiday Sale;London, UK;10;2.2
I4223;12/21/2025 04:55;U026;P019;TipInt004;Regular Day;Paris, France;10;3.9
I4224;1/23/2026 19:35;U040;P090;TipInt002;Spring Sale;New York, USA;7;4
I4225;10/23/2025 09:43;U129;P018;TipInt002;Regular Day;New York, USA;3;3.8
I4226;12/28/2025 20:08;U006;P048;TipInt004;Spring Sale;New York, USA;10;1
I4227;11/20/2025 00:36;U013;P038;TipInt004;Regular Day;Paris, France;9;4.4
I4228;10/29/2025 12:15;U059;P038;TipInt006;Holiday Sale;Toronto, Canada;2;4.9
I4229;10/03/2025 04:15;U107;P050;TipInt005;Spring Sale;Paris, France;6;3.9
I4230;1/19/2026 09:41;U085;P075;TipInt001;Spring Sale;Sydney, Australia;3;3.5
I4231;12/16/2025 23:59;U022;P078;TipInt005;Spring Sale;New York, USA;8;1.7
I4232;1/24/2026 17:48;U012;P071;TipInt006;Cyber Monday;New York, USA;1;2.4
I4233;10/13/2025 14:12;U009;P026;TipInt005;Holiday Sale;Paris, France;6;5
I4234;10/31/2025 17:01;U143;P077;TipInt002;Black Friday;Sydney, Australia;7;1.6
I4235;12/31/2025 08:10;U055;P019;TipInt002;Holiday Sale;London, UK;-;2.9
I4236;1/21/2026 02:55;U140;P009;TipInt003;Cyber Monday;London, UK;9;3.8
I4237;11/02/2025 20:10;U066;P099;TipInt002;Regular Day;Paris, France;4;4.4
I4238;11/28/2025 10:22;U112;P022;TipInt002;Spring Sale;Toronto, Canada;-;2.8
I4239;11/11/2025 05:19;U055;P041;TipInt003;Spring Sale;Sydney, Australia;7;3.6
I4240;11/17/2025 20:54;U010;P099;TipInt004;Regular Day;Paris, France;6;2
I4241;1/21/2026 07:49;U006;P042;TipInt004;Spring Sale;Toronto, Canada;6;1.1
I4242;10/05/2025 01:46;U068;P087;TipInt006;Black Friday;Sydney, Australia;4;1.6
I4243;12/20/2025 23:56;U057;P011;TipInt005;Holiday Sale;Sydney, Australia;2;4.5
I4244;1/24/2026 23:23;U057;P002;TipInt001;Holiday Sale;Toronto, Canada;9;2.5
I4245;1/25/2026 03:44;U074;P002;TipInt004;Cyber Monday;Sydney, Australia;5;4.7
I4246;10/21/2025 21:34;U134;P078;TipInt001;Holiday Sale;New York, USA;-;4.8
I4247;10/12/2025 21:38;U091;P019;TipInt005;Regular Day;Sydney, Australia;8;4
I4248;12/08/2025 09:14;U074;P058;TipInt006;Cyber Monday;Toronto, Canada;10;3.8
I4249;1/05/2026 11:47;U114;P001;TipInt001;Cyber Monday;New York, USA;7;1.7
I4250;9/30/2025 18:19;U140;P009;TipInt001;Spring Sale;Berlin, Germany;2;4.8
I4251;12/28/2025 07:11;U056;P043;TipInt005;Cyber Monday;Berlin, Germany;10;1.6
I4252;12/09/2025 17:18;U080;P082;TipInt003;Holiday Sale;Toronto, Canada;9;3.6
I4253;1/21/2026 21:52;U127;P013;TipInt002;Cyber Monday;London, UK;7;3
I4254;11/23/2025 22:00;U110;P090;TipInt003;Black Friday;Berlin, Germany;1;1.4
I4255;12/05/2025 03:42;U125;P023;TipInt005;Spring Sale;New York, USA;5;3.7
I4256;10/18/2025 09:51;U104;P045;TipInt002;Black Friday;Berlin, Germany;6;3.2
I4257;10/22/2025 19:34;U139;P003;TipInt004;Holiday Sale;Sydney, Australia;9;3.9
I4258;11/17/2025 17:34;U051;P036;TipInt006;Black Friday;Paris, France;9;3
I4259;11/08/2025 02:19;U089;P029;TipInt003;Spring Sale;Paris, France;9;4.6
I4260;11/02/2025 18:13;U083;P087;TipInt004;Spring Sale;London, UK;6;4.6
I4261;11/28/2025 07:15;U030;P036;TipInt003;Black Friday;New York, USA;1;3.5
I4262;1/22/2026 05:46;U066;P088;TipInt003;Holiday Sale;London, UK;9;3
I4263;12/05/2025 04:00;U146;P028;TipInt005;Regular Day;Toronto, Canada;9;5
I4264;12/05/2025 01:51;U137;P038;TipInt005;Regular Day;Berlin, Germany;7;4
I4265;12/06/2025 02:24;U086;P098;TipInt001;Spring Sale;New York, USA;9;1.2
I4266;1/29/2026 03:33;U067;P003;TipInt004;Holiday Sale;Berlin, Germany;4;1.9
I4267;11/07/2025 12:21;U120;P072;TipInt005;Spring Sale;Berlin, Germany;6;1.2
I4268;1/15/2026 15:01;U125;P011;TipInt006;Spring Sale;London, UK;4;2.2
I4269;1/16/2026 13:58;U116;P009;TipInt001;Black Friday;Paris, France;9;2.3
I4270;11/29/2025 08:05;U052;P026;TipInt004;Cyber Monday;Toronto, Canada;2;1.1
I4271;12/03/2025 14:35;U083;P048;TipInt003;Regular Day;Paris, France;5;1.3
I4272;10/24/2025 08:15;U105;P026;TipInt001;Regular Day;London, UK;3;3.4
I4273;1/24/2026 07:42;U081;P060;TipInt003;Regular Day;Berlin, Germany;1;2.4
I4274;1/22/2026 11:47;U103;P028;TipInt002;Regular Day;Paris, France;6;4.7
I4275;10/18/2025 17:06;U065;P062;TipInt004;Holiday Sale;Sydney, Australia;10;1.7
I4276;12/17/2025 01:42;U092;P077;TipInt006;Regular Day;Paris, France;10;2.8
I4277;10/30/2025 11:37;U116;P076;TipInt001;Cyber Monday;Paris, France;1;3.5
I4278;10/03/2025 00:31;U111;P062;TipInt003;Black Friday;Berlin, Germany;-;4.1
I4279;12/02/2025 04:58;U066;P082;TipInt001;Holiday Sale;Sydney, Australia;1;2.6
I4280;1/13/2026 01:07;U009;P021;TipInt005;Cyber Monday;Sydney, Australia;10;1.5
I4281;11/12/2025 20:22;U119;P004;TipInt001;Cyber Monday;Toronto, Canada;3;5
I4282;11/11/2025 05:41;U083;P048;TipInt004;Regular Day;Toronto, Canada;1;2.4
I4283;10/01/2025 20:59;U125;P053;TipInt005;Black Friday;Paris, France;3;2
I4284;1/06/2026 09:22;U096;P074;TipInt002;Regular Day;Paris, France;9;4.3
I4285;10/25/2025 08:37;U131;P054;TipInt006;Regular Day;Sydney, Australia;6;4.6
I4286;12/03/2025 23:46;U138;P023;TipInt002;Spring Sale;Toronto, Canada;7;1.3
I4287;11/13/2025 01:22;U079;P006;TipInt004;Black Friday;New York, USA;3;2.9
I4288;11/20/2025 07:21;U086;P035;TipInt001;Cyber Monday;New York, USA;4;4.4
I4289;1/17/2026 18:29;U041;P062;TipInt001;Holiday Sale;Toronto, Canada;2;2.1
I4290;11/20/2025 19:41;U080;P051;TipInt003;Cyber Monday;Berlin, Germany;9;1.5
I4291;10/27/2025 03:18;U131;P008;TipInt002;Black Friday;Sydney, Australia;4;4.3
I4292;11/17/2025 01:04;U132;P043;TipInt001;Black Friday;Berlin, Germany;2;2.6
I4293;12/13/2025 03:12;U031;P062;TipInt005;Spring Sale;Berlin, Germany;1;3.5
I4294;10/19/2025 07:48;U022;P012;TipInt001;Black Friday;New York, USA;4;3.1
I4295;12/03/2025 10:23;U117;P066;TipInt005;Regular Day;New York, USA;4;2.7
I4296;11/24/2025 14:18;U107;P018;TipInt002;Black Friday;Sydney, Australia;4;5
I4297;1/10/2026 13:25;U107;P070;TipInt004;Holiday Sale;Paris, France;9;4.4
I4298;12/27/2025 22:06;U030;P035;TipInt003;Spring Sale;Berlin, Germany;7;2.9
I4299;11/19/2025 12:33;U018;P025;TipInt006;Regular Day;Sydney, Australia;3;2.2
I4300;11/19/2025 04:03;U036;P039;TipInt002;Holiday Sale;New York, USA;4;3.9
I4301;11/14/2025 21:56;U077;P061;TipInt005;Spring Sale;Paris, France;5;2.1
I4302;1/15/2026 15:51;U099;P012;TipInt001;Cyber Monday;London, UK;10;4.6
I4303;12/07/2025 06:37;U113;P089;TipInt005;Cyber Monday;Berlin, Germany;3;2.9
I4304;1/11/2026 13:20;U077;P080;TipInt002;Cyber Monday;London, UK;7;3.9
I4305;1/16/2026 00:47;U091;P009;TipInt001;Black Friday;Toronto, Canada;9;2.5
I4306;12/09/2025 04:56;U029;P009;TipInt002;Regular Day;London, UK;-;3.4
I4307;1/31/2026 08:09;U084;P073;TipInt004;Cyber Monday;Toronto, Canada;8;1.7
I4308;1/08/2026 15:27;U133;P013;TipInt003;Spring Sale;Paris, France;6;3.6
I4309;12/22/2025 07:08;U080;P051;TipInt001;Holiday Sale;London, UK;5;5
I4310;1/13/2026 01:06;U052;P082;TipInt001;Holiday Sale;Berlin, Germany;4;3.6
I4311;1/27/2026 05:11;U047;P086;TipInt003;Black Friday;Berlin, Germany;4;3.1
I4312;1/30/2026 04:34;U035;P092;TipInt003;Black Friday;Paris, France;4;2.4
I4313;10/04/2025 11:09;U052;P055;TipInt006;Holiday Sale;Berlin, Germany;7;3.2
I4314;1/29/2026 08:00;U122;P091;TipInt002;Spring Sale;Paris, France;3;2.9
I4315;10/02/2025 06:51;U089;P093;TipInt004;Cyber Monday;Sydney, Australia;2;1.6
I4316;11/02/2025 05:03;U033;P030;TipInt002;Black Friday;Berlin, Germany;10;3.1
I4317;1/12/2026 19:49;U123;P072;TipInt006;Spring Sale;New York, USA;3;3.8
I4318;11/26/2025 03:39;U074;P049;TipInt005;Cyber Monday;New York, USA;5;1.5
I4319;11/29/2025 12:11;U105;P004;TipInt005;Regular Day;Toronto, Canada;8;3.8
I4320;12/28/2025 21:09;U034;P057;TipInt003;Regular Day;New York, USA;8;3.6
I4321;12/31/2025 16:23;U084;P090;TipInt005;Cyber Monday;Paris, France;9;1.7
I4322;1/26/2026 03:02;U032;P097;TipInt002;Regular Day;Sydney, Australia;4;3
I4323;11/18/2025 17:08;U130;P073;TipInt003;Holiday Sale;Paris, France;1;2.9
I4324;11/24/2025 17:32;U035;P096;TipInt001;Black Friday;Sydney, Australia;7;1.2
I4325;11/22/2025 00:15;U028;P004;TipInt003;Spring Sale;Sydney, Australia;4;1.9
I4326;1/17/2026 22:27;U138;P028;TipInt005;Spring Sale;Sydney, Australia;3;3.4
I4327;10/11/2025 08:26;U013;P063;TipInt006;Regular Day;London, UK;3;1.4
I4328;12/15/2025 12:19;U067;P019;TipInt005;Regular Day;London, UK;9;4.3
I4329;1/06/2026 08:34;U107;P095;TipInt006;Spring Sale;Berlin, Germany;2;1.1
I4330;10/05/2025 11:42;U009;P055;TipInt003;Spring Sale;Toronto, Canada;1;2.8
I4331;11/19/2025 04:33;U039;P071;TipInt006;Regular Day;Paris, France;8;1.5
I4332;11/12/2025 14:50;U133;P064;TipInt005;Regular Day;Berlin, Germany;9;1.8
I4333;11/05/2025 12:03;U013;P023;TipInt001;Regular Day;Sydney, Australia;2;2.3
I4334;11/13/2025 11:01;U043;P051;TipInt001;Black Friday;Berlin, Germany;10;2.5
I4335;1/28/2026 21:46;U134;P005;TipInt005;Black Friday;Sydney, Australia;7;1.7
I4336;1/12/2026 15:10;U048;P020;TipInt003;Cyber Monday;Toronto, Canada;4;3.6
I4337;11/01/2025 10:34;U121;P029;TipInt001;Regular Day;Toronto, Canada;4;4.9
I4338;10/17/2025 01:41;U065;P077;TipInt001;Black Friday;Sydney, Australia;5;2.2
I4339;1/10/2026 08:33;U035;P020;TipInt004;Cyber Monday;Berlin, Germany;3;4.5
I4340;11/19/2025 00:04;U086;P041;TipInt005;Cyber Monday;Paris, France;9;2.7
I4341;11/04/2025 11:10;U003;P028;TipInt003;Cyber Monday;Paris, France;6;4
I4342;1/22/2026 23:57;U085;P098;TipInt006;Holiday Sale;Sydney, Australia;7;4
I4343;12/14/2025 19:36;U131;P091;TipInt004;Regular Day;Toronto, Canada;8;2.6
I4344;12/29/2025 01:01;U054;P016;TipInt002;Spring Sale;Toronto, Canada;3;4.3
I4345;1/25/2026 15:36;U084;P096;TipInt002;Holiday Sale;London, UK;3;2.9
I4346;12/01/2025 00:14;U050;P046;TipInt001;Cyber Monday;Toronto, Canada;10;1.8
I4347;11/01/2025 00:26;U058;P053;TipInt006;Holiday Sale;Paris, France;8;4.6
I4348;10/30/2025 14:47;U049;P094;TipInt006;Holiday Sale;Sydney, Australia;2;3.9
I4349;1/09/2026 02:56;U036;P050;TipInt005;Black Friday;London, UK;3;3.1
I4350;12/09/2025 07:02;U110;P095;TipInt003;Spring Sale;New York, USA;4;4.3
I4351;10/02/2025 10:36;U069;P073;TipInt003;Black Friday;London, UK;10;4.9
I4352;10/27/2025 15:26;U070;P061;TipInt004;Cyber Monday;Berlin, Germany;8;1.6
I4353;11/30/2025 12:40;U137;P001;TipInt005;Black Friday;Sydney, Australia;2;1
I4354;11/10/2025 14:22;U122;P080;TipInt003;Holiday Sale;Paris, France;6;3.9
I4355;10/05/2025 00:27;U129;P091;TipInt005;Spring Sale;New York, USA;10;1.8
I4356;10/05/2025 10:26;U130;P099;TipInt005;Black Friday;Paris, France;9;4.2
I4357;1/22/2026 11:44;U081;P006;TipInt002;Black Friday;London, UK;3;2.2
I4358;1/20/2026 11:33;U060;P059;TipInt003;Holiday Sale;London, UK;8;4.1
I4359;11/09/2025 13:00;U149;P052;TipInt003;Cyber Monday;London, UK;5;4.5
I4360;10/18/2025 03:10;U084;P094;TipInt006;Holiday Sale;London, UK;4;3.9
I4361;1/25/2026 21:48;U103;P004;TipInt003;Holiday Sale;Toronto, Canada;2;1.2
I4362;10/16/2025 20:00;U082;P012;TipInt001;Holiday Sale;Toronto, Canada;3;1.2
I4363;11/14/2025 10:05;U036;P037;TipInt001;Holiday Sale;Toronto, Canada;10;3.2
I4364;11/03/2025 19:36;U116;P078;TipInt003;Black Friday;Sydney, Australia;6;1
I4365;1/02/2026 07:50;U035;P003;TipInt002;Cyber Monday;Berlin, Germany;4;2.9
I4366;11/19/2025 13:40;U133;P039;TipInt006;Spring Sale;Paris, France;5;2.9
I4367;12/11/2025 12:06;U074;P045;TipInt002;Black Friday;Berlin, Germany;1;4.8
I4368;1/01/2026 07:19;U053;P096;TipInt006;Black Friday;Berlin, Germany;10;3.9
I4369;11/13/2025 04:22;U108;P025;TipInt005;Regular Day;London, UK;1;3.8
I4370;1/07/2026 20:50;U014;P022;TipInt001;Black Friday;Berlin, Germany;7;1.5
I4371;1/07/2026 15:43;U057;P080;TipInt004;Holiday Sale;London, UK;8;4.4
I4372;11/27/2025 02:35;U065;P041;TipInt002;Spring Sale;Paris, France;8;4.8
I4373;11/20/2025 01:08;U079;P037;TipInt001;Holiday Sale;New York, USA;8;2.3
I4374;10/26/2025 14:09;U038;P001;TipInt003;Regular Day;Paris, France;3;1.5
I4375;10/13/2025 14:56;U149;P035;TipInt006;Cyber Monday;London, UK;9;1.9
I4376;11/19/2025 16:19;U067;P053;TipInt001;Cyber Monday;Paris, France;9;1.9
I4377;12/10/2025 16:42;U127;P031;TipInt004;Black Friday;New York, USA;1;2.2
I4378;10/09/2025 12:51;U016;P024;TipInt002;Black Friday;London, UK;6;3.1
I4379;10/18/2025 20:54;U074;P065;TipInt004;Black Friday;Paris, France;6;3.7
I4380;11/08/2025 05:04;U127;P090;TipInt005;Regular Day;New York, USA;9;3
I4381;9/30/2025 17:10;U117;P072;TipInt005;Black Friday;Toronto, Canada;7;4.8
I4382;12/26/2025 02:26;U061;P024;TipInt005;Black Friday;Berlin, Germany;6;3.7
I4383;11/25/2025 13:10;U131;P026;TipInt006;Black Friday;London, UK;2;5
I4384;10/31/2025 07:16;U130;P071;TipInt001;Cyber Monday;Berlin, Germany;5;4.9
I4385;12/26/2025 23:29;U089;P082;TipInt006;Black Friday;Toronto, Canada;7;1.5
I4386;12/26/2025 06:48;U104;P023;TipInt001;Black Friday;Berlin, Germany;6;3
I4387;11/09/2025 00:13;U109;P058;TipInt004;Cyber Monday;Sydney, Australia;9;4.7
I4388;10/31/2025 19:12;U095;P054;TipInt005;Regular Day;Paris, France;8;1.7
I4389;11/14/2025 15:06;U032;P007;TipInt004;Holiday Sale;Sydney, Australia;7;1.1
I4390;11/05/2025 07:01;U127;P026;TipInt002;Spring Sale;Sydney, Australia;6;5
I4391;11/04/2025 02:17;U129;P090;TipInt002;Cyber Monday;New York, USA;7;4.9
I4392;12/05/2025 09:35;U090;P067;TipInt004;Spring Sale;Berlin, Germany;7;3.7
I4393;1/30/2026 04:10;U034;P076;TipInt003;Regular Day;Sydney, Australia;4;2.4
I4394;10/24/2025 08:45;U074;P083;TipInt005;Regular Day;London, UK;9;3
I4395;12/01/2025 05:13;U144;P068;TipInt001;Cyber Monday;Berlin, Germany;8;4.2
I4396;10/19/2025 12:04;U010;P061;TipInt003;Spring Sale;Paris, France;6;2.4
I4397;10/02/2025 19:01;U029;P033;TipInt001;Regular Day;Paris, France;9;1.6
I4398;10/15/2025 04:11;U117;P020;TipInt005;Cyber Monday;New York, USA;6;3.8
I4399;12/31/2025 13:57;U042;P098;TipInt001;Regular Day;Sydney, Australia;7;1.5
I4400;12/15/2025 18:11;U055;P095;TipInt001;Spring Sale;New York, USA;8;2.9
I4401;10/26/2025 20:33;U060;P016;TipInt004;Cyber Monday;Berlin, Germany;4;2
I4402;11/09/2025 20:02;U051;P075;TipInt005;Spring Sale;New York, USA;-;3.7
I4403;12/22/2025 10:22;U031;P043;TipInt003;Regular Day;London, UK;9;1.2
I4404;11/12/2025 12:42;U133;P087;TipInt001;Cyber Monday;Sydney, Australia;1;1.1
I4405;1/04/2026 20:44;U004;P080;TipInt001;Cyber Monday;Sydney, Australia;-;4.6
I4406;1/19/2026 08:18;U027;P095;TipInt004;Cyber Monday;Berlin, Germany;10;1.3
I4407;10/01/2025 14:09;U084;P043;TipInt005;Regular Day;New York, USA;7;1.6
I4408;11/12/2025 02:35;U025;P056;TipInt003;Regular Day;Toronto, Canada;3;2.8
I4409;12/26/2025 09:17;U148;P039;TipInt001;Black Friday;Berlin, Germany;2;3.6
I4410;10/30/2025 15:21;U070;P075;TipInt002;Holiday Sale;Sydney, Australia;5;1.6
I4411;1/01/2026 06:23;U076;P010;TipInt001;Holiday Sale;Toronto, Canada;3;4
I4412;10/06/2025 04:42;U072;P061;TipInt001;Spring Sale;Berlin, Germany;-;1.8
I4413;12/22/2025 03:49;U117;P046;TipInt003;Holiday Sale;New York, USA;3;4.2
I4414;11/10/2025 03:33;U073;P073;TipInt002;Black Friday;Paris, France;5;4.5
I4415;1/07/2026 17:30;U059;P001;TipInt005;Holiday Sale;Sydney, Australia;2;2.6
I4416;11/16/2025 20:47;U053;P006;TipInt001;Black Friday;Berlin, Germany;6;2.9
I4417;11/25/2025 04:56;U010;P099;TipInt006;Black Friday;New York, USA;5;2.3
I4418;1/05/2026 05:22;U101;P010;TipInt005;Holiday Sale;Toronto, Canada;4;1.9
I4419;1/31/2026 11:29;U001;P086;TipInt002;Spring Sale;Paris, France;2;4.1
I4420;11/03/2025 00:07;U110;P026;TipInt004;Black Friday;Berlin, Germany;8;1.4
I4421;11/08/2025 11:44;U136;P035;TipInt004;Cyber Monday;Berlin, Germany;7;3
I4422;12/26/2025 19:09;U123;P051;TipInt004;Holiday Sale;New York, USA;6;4.3
I4423;11/20/2025 05:35;U106;P090;TipInt002;Regular Day;Paris, France;2;4.9
I4424;1/30/2026 10:48;U118;P027;TipInt002;Holiday Sale;London, UK;2;2.5
I4425;12/08/2025 14:18;U047;P030;TipInt004;Spring Sale;Toronto, Canada;6;4.3
I4426;1/24/2026 17:11;U041;P007;TipInt004;Holiday Sale;Berlin, Germany;9;1
I4427;10/09/2025 20:48;U062;P035;TipInt004;Spring Sale;New York, USA;4;2.2
I4428;10/01/2025 20:37;U024;P063;TipInt003;Holiday Sale;Sydney, Australia;6;2.4
I4429;12/19/2025 18:08;U005;P013;TipInt003;Holiday Sale;Sydney, Australia;-;2.5
I4430;12/17/2025 14:41;U053;P046;TipInt005;Cyber Monday;Toronto, Canada;5;4.3
I4431;11/11/2025 02:44;U065;P055;TipInt001;Black Friday;Berlin, Germany;10;1.8
I4432;11/17/2025 07:39;U144;P038;TipInt006;Black Friday;London, UK;9;3.6
I4433;10/22/2025 09:44;U041;P078;TipInt006;Holiday Sale;London, UK;1;1.8
I4434;1/17/2026 11:57;U150;P031;TipInt001;Cyber Monday;Sydney, Australia;4;1.6
I4435;12/07/2025 20:16;U064;P096;TipInt003;Black Friday;Sydney, Australia;5;4.9
I4436;12/02/2025 01:00;U063;P011;TipInt001;Black Friday;Toronto, Canada;10;1
I4437;11/20/2025 23:48;U022;P079;TipInt005;Cyber Monday;Sydney, Australia;10;4.8
I4438;12/31/2025 15:27;U118;P082;TipInt004;Cyber Monday;Paris, France;5;1.7
I4439;10/19/2025 03:04;U054;P072;TipInt001;Holiday Sale;Sydney, Australia;10;1.5
I4440;12/23/2025 23:20;U058;P058;TipInt006;Holiday Sale;Toronto, Canada;1;4.5
I4441;11/01/2025 15:15;U085;P064;TipInt002;Spring Sale;London, UK;8;4.9
I4442;12/23/2025 03:09;U143;P053;TipInt002;Spring Sale;Sydney, Australia;8;3.5
I4443;1/25/2026 19:33;U093;P034;TipInt004;Regular Day;London, UK;3;2.3
I4444;12/24/2025 17:35;U037;P002;TipInt003;Black Friday;Paris, France;8;5
I4445;11/12/2025 13:00;U080;P097;TipInt004;Black Friday;Toronto, Canada;10;4.1
I4446;12/28/2025 18:04;U069;P034;TipInt006;Cyber Monday;Toronto, Canada;3;1.4
I4447;10/16/2025 12:40;U120;P044;TipInt003;Spring Sale;London, UK;-;4.8
I4448;1/06/2026 12:04;U113;P072;TipInt001;Holiday Sale;Toronto, Canada;7;1.3
I4449;1/21/2026 20:56;U104;P083;TipInt004;Cyber Monday;Toronto, Canada;1;4.4
I4450;10/31/2025 04:32;U137;P082;TipInt001;Cyber Monday;London, UK;10;3.6
I4451;11/21/2025 02:30;U052;P019;TipInt001;Black Friday;Toronto, Canada;9;2.4
I4452;10/12/2025 12:27;U033;P077;TipInt006;Cyber Monday;Toronto, Canada;9;2.4
I4453;11/14/2025 05:59;U083;P020;TipInt004;Spring Sale;Paris, France;4;2.7
I4454;10/30/2025 03:41;U081;P013;TipInt004;Black Friday;London, UK;2;3.4
I4455;12/27/2025 23:26;U077;P016;TipInt003;Spring Sale;Sydney, Australia;-;4.3
I4456;12/16/2025 19:44;U058;P072;TipInt006;Spring Sale;Sydney, Australia;6;1.9
I4457;11/21/2025 06:30;U065;P035;TipInt004;Black Friday;Sydney, Australia;4;2
I4458;12/31/2025 05:05;U140;P090;TipInt005;Spring Sale;Sydney, Australia;5;3.7
I4459;12/01/2025 20:36;U094;P072;TipInt002;Black Friday;Paris, France;7;1.4
I4460;12/15/2025 19:25;U098;P082;TipInt004;Spring Sale;Toronto, Canada;1;3
I4461;12/25/2025 01:09;U059;P086;TipInt005;Black Friday;Paris, France;8;2.7
I4462;10/27/2025 03:14;U079;P060;TipInt001;Holiday Sale;New York, USA;-;1.5
I4463;12/19/2025 19:05;U112;P018;TipInt006;Cyber Monday;London, UK;-;3.8
I4464;10/30/2025 02:45;U102;P083;TipInt001;Holiday Sale;Toronto, Canada;1;1.3
I4465;11/05/2025 09:05;U086;P067;TipInt004;Spring Sale;Sydney, Australia;4;4.4
I4466;1/08/2026 09:21;U131;P073;TipInt006;Cyber Monday;Berlin, Germany;-;3.7
I4467;11/27/2025 16:59;U128;P002;TipInt001;Spring Sale;Berlin, Germany;5;4.6
I4468;11/15/2025 18:51;U090;P063;TipInt004;Regular Day;Berlin, Germany;1;1.7
I4469;12/13/2025 19:14;U127;P023;TipInt002;Cyber Monday;Toronto, Canada;9;2.3
I4470;12/21/2025 14:08;U066;P047;TipInt006;Black Friday;New York, USA;3;2.3
I4471;11/01/2025 08:16;U149;P090;TipInt001;Black Friday;New York, USA;9;4.4
I4472;10/20/2025 17:14;U009;P068;TipInt006;Regular Day;Paris, France;6;3.8
I4473;1/04/2026 01:07;U094;P029;TipInt003;Spring Sale;London, UK;3;1.9
I4474;10/06/2025 00:45;U081;P072;TipInt004;Spring Sale;Paris, France;8;2.2
I4475;10/23/2025 10:40;U103;P005;TipInt001;Black Friday;Toronto, Canada;7;2.2
I4476;12/22/2025 11:26;U057;P014;TipInt005;Holiday Sale;Toronto, Canada;5;4.5
I4477;10/10/2025 21:41;U122;P034;TipInt004;Black Friday;Toronto, Canada;1;3.2
I4478;11/30/2025 02:35;U072;P085;TipInt006;Black Friday;Berlin, Germany;10;1.7
I4479;11/17/2025 03:35;U121;P094;TipInt004;Regular Day;Berlin, Germany;10;3.7
I4480;10/20/2025 11:12;U058;P031;TipInt004;Cyber Monday;Toronto, Canada;7;1.6
I4481;12/26/2025 11:54;U018;P094;TipInt001;Black Friday;Toronto, Canada;3;3.7
I4482;12/28/2025 00:04;U054;P040;TipInt001;Cyber Monday;Berlin, Germany;-;4
I4483;10/10/2025 01:07;U148;P031;TipInt001;Black Friday;New York, USA;2;1.5
I4484;11/27/2025 18:49;U092;P020;TipInt001;Spring Sale;Paris, France;10;4.3
I4485;12/19/2025 06:20;U039;P076;TipInt004;Holiday Sale;Paris, France;2;1.8
I4486;10/30/2025 09:06;U140;P033;TipInt003;Regular Day;New York, USA;2;1.7
I4487;11/18/2025 01:08;U023;P012;TipInt005;Regular Day;Paris, France;7;2
I4488;11/26/2025 02:15;U010;P029;TipInt001;Spring Sale;London, UK;3;3
I4489;11/18/2025 08:29;U068;P096;TipInt001;Regular Day;Sydney, Australia;9;1.3
I4490;10/21/2025 10:50;U067;P017;TipInt005;Spring Sale;Toronto, Canada;4;4.3
I4491;10/05/2025 03:03;U005;P027;TipInt005;Spring Sale;Toronto, Canada;9;2.6
I4492;10/29/2025 22:36;U115;P086;TipInt004;Black Friday;Toronto, Canada;6;4.8
I4493;1/19/2026 11:55;U107;P004;TipInt002;Cyber Monday;Sydney, Australia;8;1.5
I4494;12/19/2025 05:45;U001;P054;TipInt001;Cyber Monday;London, UK;10;2.9
I4495;11/16/2025 10:17;U139;P044;TipInt003;Black Friday;London, UK;1;4
I4496;12/06/2025 11:26;U056;P084;TipInt002;Black Friday;London, UK;4;3.8
I4497;10/03/2025 09:34;U137;P016;TipInt003;Spring Sale;Toronto, Canada;7;2.3
I4498;11/15/2025 05:01;U010;P027;TipInt005;Holiday Sale;Toronto, Canada;8;1.1
I4499;12/08/2025 01:28;U138;P055;TipInt003;Regular Day;Paris, France;7;3.7
I4500;1/10/2026 22:28;U054;P050;TipInt004;Holiday Sale;Toronto, Canada;3;4.6
I4501;1/27/2026 12:14;U105;P031;TipInt004;Regular Day;Sydney, Australia;5;2.4
I4502;12/12/2025 07:12;U009;P013;TipInt005;Spring Sale;Paris, France;-;3.2
I4503;11/01/2025 21:12;U029;P028;TipInt001;Cyber Monday;Sydney, Australia;6;1.3
I4504;12/15/2025 04:16;U125;P003;TipInt001;Cyber Monday;Sydney, Australia;2;2.7
I4505;12/31/2025 13:16;U013;P020;TipInt005;Black Friday;Berlin, Germany;10;3.8
I4506;1/29/2026 09:15;U071;P087;TipInt005;Spring Sale;Toronto, Canada;5;1.2
I4507;11/11/2025 15:35;U118;P076;TipInt001;Cyber Monday;Toronto, Canada;3;3.7
I4508;12/28/2025 14:23;U109;P031;TipInt001;Spring Sale;New York, USA;-;4.7
I4509;1/26/2026 16:46;U045;P079;TipInt005;Spring Sale;New York, USA;1;4.3
I4510;11/29/2025 06:31;U025;P014;TipInt001;Holiday Sale;Berlin, Germany;8;1.9
I4511;10/11/2025 12:28;U039;P046;TipInt001;Black Friday;Toronto, Canada;-;1.4
I4512;10/30/2025 11:44;U011;P023;TipInt004;Black Friday;Berlin, Germany;5;3
I4513;9/29/2025 16:39;U076;P001;TipInt006;Regular Day;New York, USA;6;2.3
I4514;1/10/2026 05:14;U021;P023;TipInt003;Black Friday;Berlin, Germany;2;1.1
I4515;1/26/2026 07:06;U082;P027;TipInt005;Cyber Monday;Paris, France;1;4.3
I4516;12/11/2025 08:49;U043;P045;TipInt003;Black Friday;Sydney, Australia;10;2.4
I4517;10/04/2025 14:55;U080;P063;TipInt004;Spring Sale;Toronto, Canada;9;1.3
I4518;12/25/2025 13:02;U131;P098;TipInt003;Cyber Monday;New York, USA;1;2
I4519;12/15/2025 04:45;U053;P002;TipInt006;Cyber Monday;Berlin, Germany;9;2.2
I4520;12/05/2025 22:01;U047;P025;TipInt003;Regular Day;Paris, France;10;4.6
I4521;12/23/2025 09:35;U006;P029;TipInt003;Spring Sale;New York, USA;10;4.8
I4522;1/17/2026 19:42;U096;P008;TipInt004;Cyber Monday;Sydney, Australia;5;1.3
I4523;1/28/2026 18:32;U107;P099;TipInt004;Cyber Monday;London, UK;1;2.6
I4524;10/06/2025 04:51;U024;P006;TipInt002;Cyber Monday;Toronto, Canada;9;3.8
I4525;11/04/2025 17:31;U073;P099;TipInt006;Regular Day;Sydney, Australia;5;1.3
I4526;1/11/2026 10:38;U096;P058;TipInt003;Spring Sale;London, UK;7;5
I4527;12/16/2025 18:57;U062;P001;TipInt002;Holiday Sale;Paris, France;6;2.4
I4528;10/14/2025 04:01;U097;P034;TipInt006;Black Friday;Sydney, Australia;3;3.9
I4529;12/16/2025 06:08;U127;P049;TipInt001;Regular Day;Berlin, Germany;10;1.8
I4530;10/03/2025 05:32;U041;P059;TipInt005;Cyber Monday;London, UK;1;1.4
I4531;12/24/2025 00:53;U035;P066;TipInt003;Regular Day;Paris, France;10;4.1
I4532;11/22/2025 02:23;U087;P012;TipInt006;Black Friday;Toronto, Canada;3;3.8
I4533;11/09/2025 00:58;U063;P062;TipInt001;Black Friday;London, UK;-;2.6
I4534;12/04/2025 02:06;U125;P094;TipInt005;Cyber Monday;Paris, France;6;4.3
I4535;10/16/2025 04:29;U039;P097;TipInt005;Regular Day;Sydney, Australia;7;1.4
I4536;12/28/2025 04:04;U008;P075;TipInt004;Regular Day;London, UK;5;3.6
I4537;11/11/2025 09:01;U104;P072;TipInt005;Cyber Monday;Toronto, Canada;4;1.6
I4538;1/04/2026 17:47;U049;P018;TipInt001;Spring Sale;Paris, France;8;2.9
I4539;1/30/2026 16:05;U036;P050;TipInt006;Regular Day;Berlin, Germany;9;3.6
I4540;10/04/2025 05:59;U011;P070;TipInt004;Cyber Monday;New York, USA;2;1
I4541;11/20/2025 11:33;U015;P077;TipInt001;Cyber Monday;Sydney, Australia;-;4.7
I4542;12/13/2025 06:06;U127;P090;TipInt005;Cyber Monday;Sydney, Australia;1;1.5
I4543;10/06/2025 18:15;U048;P065;TipInt003;Black Friday;New York, USA;10;1.7
I4544;1/04/2026 03:19;U069;P045;TipInt002;Black Friday;Sydney, Australia;4;2.4
I4545;1/16/2026 02:46;U137;P091;TipInt006;Cyber Monday;Paris, France;2;2
I4546;12/09/2025 00:19;U007;P062;TipInt004;Holiday Sale;Paris, France;7;3.7
I4547;10/04/2025 12:29;U109;P082;TipInt006;Cyber Monday;Toronto, Canada;4;2.9
I4548;11/23/2025 19:01;U081;P081;TipInt002;Regular Day;Sydney, Australia;9;3.2
I4549;12/21/2025 16:37;U048;P082;TipInt004;Black Friday;Toronto, Canada;10;2
I4550;10/10/2025 01:56;U084;P062;TipInt001;Cyber Monday;Paris, France;-;2.8
I4551;1/22/2026 07:37;U018;P048;TipInt005;Holiday Sale;Toronto, Canada;5;4.9
I4552;11/04/2025 19:25;U010;P041;TipInt004;Black Friday;Paris, France;3;1.6
I4553;12/21/2025 13:31;U126;P047;TipInt002;Holiday Sale;Toronto, Canada;10;3.7
I4554;10/21/2025 11:18;U087;P051;TipInt002;Black Friday;Berlin, Germany;5;1.2
I4555;12/17/2025 06:03;U075;P093;TipInt006;Spring Sale;New York, USA;10;2.2
I4556;11/21/2025 03:00;U145;P036;TipInt003;Regular Day;London, UK;-;2.1
I4557;12/19/2025 22:27;U045;P033;TipInt005;Holiday Sale;Paris, France;7;4.4
I4558;12/31/2025 12:16;U115;P060;TipInt001;Holiday Sale;Berlin, Germany;5;4.9
I4559;12/17/2025 20:29;U129;P030;TipInt003;Holiday Sale;Toronto, Canada;8;2.9
I4560;10/05/2025 13:19;U120;P053;TipInt003;Cyber Monday;Sydney, Australia;3;2.6
I4561;1/23/2026 15:05;U102;P084;TipInt002;Black Friday;Toronto, Canada;1;3
I4562;10/02/2025 19:16;U126;P062;TipInt006;Black Friday;New York, USA;1;1.3
I4563;11/19/2025 08:10;U004;P030;TipInt006;Black Friday;Toronto, Canada;9;4.5
I4564;9/30/2025 05:56;U065;P019;TipInt003;Cyber Monday;New York, USA;3;3.8
I4565;1/18/2026 10:03;U078;P028;TipInt002;Cyber Monday;Toronto, Canada;9;4.1
I4566;11/01/2025 02:27;U046;P029;TipInt002;Regular Day;Berlin, Germany;9;2.4
I4567;1/23/2026 07:23;U137;P053;TipInt002;Cyber Monday;New York, USA;4;1.9
I4568;1/15/2026 03:03;U148;P074;TipInt006;Holiday Sale;Paris, France;7;2.1
I4569;11/15/2025 18:55;U094;P061;TipInt005;Regular Day;Berlin, Germany;5;1.2
I4570;10/05/2025 18:13;U084;P042;TipInt003;Spring Sale;Berlin, Germany;5;2.7
I4571;11/15/2025 14:19;U057;P025;TipInt005;Holiday Sale;Sydney, Australia;4;4.4
I4572;1/31/2026 04:08;U150;P017;TipInt001;Cyber Monday;Berlin, Germany;8;4.3
I4573;10/21/2025 13:03;U021;P064;TipInt001;Spring Sale;London, UK;10;4.9
I4574;11/02/2025 09:44;U049;P029;TipInt005;Cyber Monday;New York, USA;8;4.3
I4575;10/30/2025 12:12;U046;P060;TipInt001;Cyber Monday;New York, USA;3;2
I4576;10/20/2025 17:41;U045;P052;TipInt003;Holiday Sale;Berlin, Germany;1;1.8
I4577;11/26/2025 17:55;U031;P072;TipInt001;Cyber Monday;Berlin, Germany;6;4.1
I4578;1/31/2026 19:52;U006;P022;TipInt005;Holiday Sale;New York, USA;3;2.6
I4579;10/20/2025 22:25;U107;P063;TipInt001;Holiday Sale;Paris, France;7;2.3
I4580;12/29/2025 03:45;U003;P080;TipInt005;Holiday Sale;Berlin, Germany;-;4.9
I4581;12/15/2025 15:42;U053;P015;TipInt005;Regular Day;New York, USA;7;2
I4582;11/30/2025 15:47;U149;P042;TipInt001;Black Friday;New York, USA;8;1.5
I4583;1/19/2026 17:14;U092;P079;TipInt003;Cyber Monday;Sydney, Australia;7;1.8
I4584;10/27/2025 19:15;U004;P060;TipInt006;Cyber Monday;Paris, France;2;1.7
I4585;12/23/2025 12:13;U109;P025;TipInt004;Holiday Sale;Sydney, Australia;2;2.8
I4586;12/11/2025 06:24;U105;P036;TipInt002;Black Friday;New York, USA;10;1.1
I4587;10/24/2025 16:59;U135;P094;TipInt001;Holiday Sale;Paris, France;1;4.9
I4588;12/08/2025 04:16;U073;P047;TipInt005;Black Friday;Toronto, Canada;6;1.8
I4589;1/30/2026 05:00;U067;P052;TipInt005;Cyber Monday;Paris, France;5;2.9
I4590;12/08/2025 06:22;U003;P090;TipInt003;Regular Day;New York, USA;2;3.1
I4591;11/18/2025 22:23;U063;P041;TipInt004;Spring Sale;New York, USA;1;2.5
I4592;11/27/2025 10:29;U072;P039;TipInt005;Cyber Monday;Toronto, Canada;7;4.6
I4593;12/04/2025 01:04;U018;P005;TipInt003;Spring Sale;Paris, France;5;1.5
I4594;10/18/2025 22:47;U146;P001;TipInt002;Holiday Sale;Toronto, Canada;9;2.4
I4595;11/02/2025 14:19;U081;P019;TipInt001;Spring Sale;Sydney, Australia;5;2.1
I4596;10/09/2025 09:03;U078;P084;TipInt002;Holiday Sale;Sydney, Australia;7;1.7
I4597;1/05/2026 17:36;U118;P016;TipInt002;Cyber Monday;Toronto, Canada;9;2.5
I4598;1/17/2026 15:52;U144;P036;TipInt004;Cyber Monday;New York, USA;4;3.8
I4599;1/14/2026 16:15;U050;P035;TipInt002;Regular Day;Toronto, Canada;9;2.7
I4600;10/14/2025 19:46;U028;P046;TipInt006;Cyber Monday;Paris, France;7;1.5
I4601;11/01/2025 23:38;U107;P019;TipInt004;Black Friday;New York, USA;2;1.8
I4602;12/17/2025 05:12;U006;P010;TipInt006;Cyber Monday;Paris, France;10;1.8
I4603;11/14/2025 06:35;U099;P066;TipInt004;Holiday Sale;Paris, France;8;2.9
I4604;12/06/2025 06:54;U056;P034;TipInt001;Spring Sale;London, UK;2;1.8
I4605;10/05/2025 10:03;U050;P077;TipInt004;Cyber Monday;Toronto, Canada;5;4.9
I4606;11/20/2025 10:08;U039;P060;TipInt002;Holiday Sale;Berlin, Germany;2;3.8
I4607;1/09/2026 03:58;U116;P028;TipInt002;Regular Day;Toronto, Canada;10;4.4
I4608;12/01/2025 23:05;U011;P022;TipInt003;Black Friday;New York, USA;10;5
I4609;11/07/2025 13:31;U150;P080;TipInt003;Black Friday;London, UK;-;4.4
I4610;12/09/2025 10:45;U106;P008;TipInt002;Regular Day;New York, USA;7;2
I4611;10/30/2025 03:55;U129;P026;TipInt001;Black Friday;Berlin, Germany;5;4.1
I4612;1/21/2026 08:23;U117;P019;TipInt001;Holiday Sale;Berlin, Germany;8;4.6
I4613;10/27/2025 17:12;U132;P011;TipInt002;Cyber Monday;Toronto, Canada;2;1.3
I4614;10/31/2025 15:08;U105;P029;TipInt006;Spring Sale;Sydney, Australia;8;2.7
I4615;12/10/2025 20:05;U086;P055;TipInt005;Black Friday;Paris, France;8;1.3
I4616;12/25/2025 17:52;U022;P065;TipInt004;Regular Day;New York, USA;2;3.2
I4617;11/21/2025 21:31;U066;P098;TipInt001;Spring Sale;New York, USA;3;4.4
I4618;12/28/2025 05:48;U101;P051;TipInt001;Regular Day;New York, USA;6;3.5
I4619;11/24/2025 03:23;U027;P027;TipInt006;Cyber Monday;Paris, France;3;4.7
I4620;12/21/2025 22:37;U142;P051;TipInt005;Cyber Monday;Toronto, Canada;-;4.5
I4621;10/30/2025 13:50;U025;P029;TipInt002;Holiday Sale;London, UK;4;2.6
I4622;10/31/2025 06:09;U003;P029;TipInt003;Regular Day;Toronto, Canada;8;1.6
I4623;12/17/2025 23:45;U110;P023;TipInt003;Spring Sale;Paris, France;5;3.4
I4624;12/27/2025 16:47;U066;P054;TipInt004;Holiday Sale;Berlin, Germany;7;4.9
I4625;10/11/2025 00:49;U112;P088;TipInt006;Holiday Sale;Toronto, Canada;-;2.4
I4626;1/03/2026 21:42;U039;P017;TipInt003;Holiday Sale;Paris, France;8;1
I4627;10/27/2025 07:15;U115;P033;TipInt006;Regular Day;Berlin, Germany;-;2.7
I4628;12/01/2025 04:26;U092;P070;TipInt005;Spring Sale;Berlin, Germany;7;4.9
I4629;10/20/2025 21:30;U125;P024;TipInt005;Spring Sale;London, UK;7;3.7
I4630;1/23/2026 10:24;U040;P080;TipInt002;Spring Sale;Berlin, Germany;7;3.3
I4631;12/12/2025 02:56;U099;P072;TipInt005;Regular Day;Paris, France;-;4.2
I4632;12/13/2025 13:11;U059;P050;TipInt005;Cyber Monday;New York, USA;6;4.7
I4633;12/11/2025 01:37;U041;P007;TipInt005;Holiday Sale;New York, USA;6;2.6
I4634;1/15/2026 08:31;U033;P095;TipInt002;Black Friday;Berlin, Germany;1;3.9
I4635;10/13/2025 20:15;U136;P045;TipInt004;Holiday Sale;Paris, France;5;3.8
I4636;1/11/2026 18:55;U099;P058;TipInt002;Regular Day;Berlin, Germany;8;1.7
I4637;11/11/2025 14:33;U008;P011;TipInt003;Spring Sale;New York, USA;6;2.9
I4638;1/26/2026 04:53;U143;P044;TipInt002;Regular Day;Sydney, Australia;-;2.5
I4639;10/15/2025 05:12;U093;P041;TipInt002;Holiday Sale;New York, USA;1;2.6
I4640;12/24/2025 08:23;U025;P036;TipInt004;Regular Day;Paris, France;4;4.5
I4641;1/15/2026 17:32;U099;P074;TipInt001;Holiday Sale;Paris, France;6;1.2
I4642;1/07/2026 16:40;U090;P092;TipInt001;Cyber Monday;London, UK;2;3.2
I4643;12/01/2025 04:42;U143;P089;TipInt002;Black Friday;London, UK;2;3.9
I4644;1/27/2026 21:46;U036;P063;TipInt005;Holiday Sale;Toronto, Canada;1;4.3
I4645;10/15/2025 21:59;U121;P059;TipInt006;Black Friday;New York, USA;9;4.8
I4646;11/23/2025 20:58;U038;P056;TipInt003;Holiday Sale;New York, USA;6;3.3
I4647;1/27/2026 12:18;U139;P087;TipInt003;Cyber Monday;London, UK;2;1.2
I4648;10/08/2025 05:26;U126;P037;TipInt006;Cyber Monday;Paris, France;7;3.4
I4649;10/14/2025 03:38;U028;P060;TipInt006;Black Friday;Sydney, Australia;9;3.8
I4650;11/01/2025 18:37;U005;P082;TipInt006;Holiday Sale;Berlin, Germany;10;3.8
I4651;10/11/2025 20:10;U062;P016;TipInt005;Black Friday;Berlin, Germany;4;1.6
I4652;10/07/2025 20:52;U087;P037;TipInt004;Cyber Monday;Berlin, Germany;6;3.8
I4653;1/04/2026 20:54;U054;P013;TipInt005;Regular Day;Toronto, Canada;9;2.9
I4654;10/31/2025 15:31;U108;P063;TipInt001;Cyber Monday;London, UK;5;4.1
I4655;12/21/2025 20:13;U091;P068;TipInt006;Black Friday;Sydney, Australia;8;4.7
I4656;11/14/2025 07:46;U097;P031;TipInt001;Black Friday;Paris, France;4;3.5
I4657;10/01/2025 07:50;U014;P019;TipInt002;Regular Day;Paris, France;1;3.4
I4658;12/04/2025 14:03;U001;P033;TipInt005;Spring Sale;Berlin, Germany;6;4.3
I4659;10/28/2025 16:04;U022;P025;TipInt006;Regular Day;Toronto, Canada;5;4.2
I4660;9/29/2025 16:03;U125;P034;TipInt002;Spring Sale;Sydney, Australia;6;2.7
I4661;1/16/2026 17:32;U099;P070;TipInt005;Holiday Sale;Sydney, Australia;8;2.5
I4662;1/07/2026 05:26;U120;P089;TipInt001;Cyber Monday;Sydney, Australia;10;2.8
I4663;1/14/2026 09:55;U143;P070;TipInt005;Spring Sale;Toronto, Canada;3;3.3
I4664;1/09/2026 07:57;U003;P035;TipInt002;Black Friday;Berlin, Germany;10;1.2
I4665;1/21/2026 10:27;U020;P073;TipInt002;Holiday Sale;London, UK;-;3.2
I4666;12/25/2025 22:10;U103;P024;TipInt005;Regular Day;London, UK;8;4.4
I4667;1/27/2026 15:34;U125;P037;TipInt004;Regular Day;Paris, France;5;4.6
I4668;12/10/2025 19:40;U069;P041;TipInt006;Black Friday;Toronto, Canada;10;3.5
I4669;11/02/2025 01:07;U032;P013;TipInt005;Black Friday;Berlin, Germany;6;4.6
I4670;11/22/2025 16:53;U075;P092;TipInt001;Regular Day;Paris, France;3;1.9
I4671;1/20/2026 01:17;U103;P005;TipInt004;Spring Sale;Toronto, Canada;7;2.3
I4672;10/30/2025 14:53;U078;P099;TipInt002;Spring Sale;Berlin, Germany;9;2.3
I4673;12/07/2025 20:19;U006;P080;TipInt001;Cyber Monday;London, UK;-;4.9
I4674;10/02/2025 12:36;U126;P054;TipInt004;Cyber Monday;Sydney, Australia;3;5
I4675;1/02/2026 10:22;U149;P008;TipInt003;Black Friday;Berlin, Germany;10;4.5
I4676;12/05/2025 21:01;U124;P075;TipInt003;Black Friday;New York, USA;-;2.6
I4677;12/25/2025 22:48;U117;P042;TipInt002;Cyber Monday;Sydney, Australia;7;4.9
I4678;11/19/2025 06:59;U149;P065;TipInt004;Black Friday;New York, USA;9;4.2
I4679;1/20/2026 18:06;U087;P082;TipInt005;Spring Sale;Toronto, Canada;8;2.9
I4680;1/29/2026 17:37;U077;P088;TipInt005;Cyber Monday;Berlin, Germany;8;2.4
I4681;10/17/2025 13:15;U134;P072;TipInt004;Holiday Sale;Paris, France;3;2
I4682;1/15/2026 21:06;U086;P055;TipInt005;Black Friday;Sydney, Australia;3;4.7
I4683;10/28/2025 09:34;U101;P004;TipInt004;Regular Day;New York, USA;4;1.9
I4684;1/26/2026 03:37;U099;P064;TipInt002;Holiday Sale;New York, USA;10;1.2
I4685;1/28/2026 22:34;U083;P025;TipInt004;Regular Day;Paris, France;10;1.9
I4686;1/02/2026 06:19;U131;P087;TipInt004;Holiday Sale;Berlin, Germany;2;3.8
I4687;12/29/2025 07:38;U003;P063;TipInt003;Regular Day;London, UK;6;3.4
I4688;12/04/2025 08:38;U126;P084;TipInt004;Holiday Sale;Berlin, Germany;4;1.2
I4689;1/31/2026 07:05;U149;P094;TipInt006;Holiday Sale;Paris, France;5;1.5
I4690;12/26/2025 16:07;U027;P055;TipInt003;Regular Day;Berlin, Germany;5;3.5
I4691;11/20/2025 14:13;U142;P078;TipInt004;Spring Sale;Paris, France;7;4.5
I4692;9/29/2025 07:55;U004;P021;TipInt001;Spring Sale;New York, USA;8;4.8
I4693;11/05/2025 04:24;U142;P021;TipInt003;Spring Sale;Paris, France;6;1.2
I4694;11/20/2025 17:21;U015;P010;TipInt005;Spring Sale;London, UK;6;3.6
I4695;12/12/2025 20:26;U146;P049;TipInt006;Regular Day;New York, USA;6;2.6
I4696;1/06/2026 00:39;U127;P056;TipInt006;Black Friday;Berlin, Germany;9;3.2
I4697;11/30/2025 14:14;U048;P062;TipInt003;Holiday Sale;Toronto, Canada;2;3.7
I4698;11/09/2025 13:53;U026;P023;TipInt004;Holiday Sale;Paris, France;7;3.4
I4699;1/24/2026 12:34;U086;P084;TipInt006;Regular Day;Berlin, Germany;2;1.7
I4700;10/28/2025 07:18;U134;P038;TipInt002;Holiday Sale;Berlin, Germany;9;4.6
I4701;11/24/2025 23:27;U064;P086;TipInt002;Black Friday;Paris, France;1;4.3
I4702;12/27/2025 23:25;U102;P019;TipInt003;Black Friday;Toronto, Canada;3;4.4
I4703;1/30/2026 12:08;U016;P030;TipInt002;Holiday Sale;Toronto, Canada;-;4.7
I4704;12/22/2025 06:27;U020;P031;TipInt004;Black Friday;London, UK;8;4.7
I4705;1/28/2026 16:09;U146;P065;TipInt001;Cyber Monday;Sydney, Australia;6;1.7
I4706;11/05/2025 10:18;U088;P009;TipInt004;Black Friday;Toronto, Canada;3;3.8
I4707;11/13/2025 01:33;U015;P048;TipInt006;Black Friday;Paris, France;4;3.2
I4708;1/21/2026 23:20;U060;P082;TipInt005;Black Friday;Sydney, Australia;4;2.6
I4709;1/16/2026 04:21;U119;P065;TipInt003;Cyber Monday;Berlin, Germany;10;4.9
I4710;1/25/2026 16:34;U053;P037;TipInt005;Black Friday;Paris, France;3;2.8
I4711;12/24/2025 12:04;U090;P073;TipInt004;Spring Sale;Sydney, Australia;1;3.9
I4712;9/30/2025 03:13;U077;P013;TipInt001;Regular Day;London, UK;10;1.2
I4713;10/21/2025 21:32;U030;P016;TipInt006;Cyber Monday;Toronto, Canada;6;5
I4714;1/10/2026 07:23;U084;P058;TipInt005;Cyber Monday;London, UK;1;2.3
I4715;11/04/2025 07:30;U142;P096;TipInt006;Spring Sale;Sydney, Australia;6;1.6
I4716;12/12/2025 04:21;U093;P067;TipInt005;Regular Day;Paris, France;2;4.7
I4717;1/22/2026 15:16;U028;P048;TipInt006;Cyber Monday;Paris, France;7;3
I4718;11/05/2025 01:53;U031;P072;TipInt006;Cyber Monday;London, UK;9;4.1
I4719;10/25/2025 17:37;U088;P085;TipInt002;Cyber Monday;New York, USA;1;1.2
I4720;10/21/2025 19:32;U066;P021;TipInt003;Spring Sale;New York, USA;7;4.4
I4721;1/15/2026 10:58;U098;P062;TipInt004;Spring Sale;Berlin, Germany;2;3.3
I4722;11/14/2025 12:04;U072;P029;TipInt005;Regular Day;Sydney, Australia;-;3
I4723;1/14/2026 00:35;U045;P067;TipInt001;Regular Day;London, UK;4;2.3
I4724;10/15/2025 18:18;U091;P007;TipInt006;Regular Day;Paris, France;6;4.5
I4725;11/26/2025 17:12;U075;P017;TipInt006;Black Friday;Paris, France;7;2.1
I4726;11/14/2025 12:08;U057;P081;TipInt005;Spring Sale;Berlin, Germany;9;4.7
I4727;10/27/2025 08:08;U113;P088;TipInt001;Holiday Sale;London, UK;-;2.7
I4728;10/09/2025 05:14;U011;P079;TipInt004;Regular Day;London, UK;4;3.2
I4729;10/27/2025 04:31;U115;P015;TipInt002;Black Friday;Berlin, Germany;9;1.9
I4730;10/05/2025 08:21;U037;P050;TipInt005;Holiday Sale;Toronto, Canada;10;3
I4731;1/29/2026 07:25;U094;P014;TipInt001;Black Friday;New York, USA;-;4.8
I4732;11/08/2025 17:53;U033;P036;TipInt002;Spring Sale;New York, USA;4;4.5
I4733;10/01/2025 05:36;U019;P091;TipInt004;Regular Day;Berlin, Germany;1;4.7
I4734;1/25/2026 23:00;U027;P002;TipInt006;Spring Sale;New York, USA;3;1.9
I4735;1/15/2026 06:44;U053;P090;TipInt002;Regular Day;Toronto, Canada;-;3.1
I4736;10/19/2025 14:45;U093;P042;TipInt005;Cyber Monday;Sydney, Australia;4;1.5
I4737;1/23/2026 17:33;U145;P060;TipInt001;Regular Day;London, UK;3;4.7
I4738;1/25/2026 20:55;U017;P084;TipInt006;Spring Sale;Toronto, Canada;5;3.4
I4739;1/02/2026 20:07;U013;P036;TipInt001;Holiday Sale;New York, USA;8;4.1
I4740;1/30/2026 11:43;U069;P087;TipInt001;Black Friday;Sydney, Australia;2;1
I4741;11/19/2025 03:35;U070;P015;TipInt004;Regular Day;Berlin, Germany;9;3.2
I4742;11/21/2025 11:34;U130;P020;TipInt005;Regular Day;London, UK;7;1.5
I4743;11/25/2025 10:11;U038;P051;TipInt003;Regular Day;Berlin, Germany;6;4.4
I4744;11/07/2025 07:26;U119;P027;TipInt006;Regular Day;Sydney, Australia;6;1.5
I4745;11/10/2025 12:36;U055;P091;TipInt004;Black Friday;Sydney, Australia;10;1.8
I4746;12/19/2025 19:09;U121;P095;TipInt004;Regular Day;Toronto, Canada;7;2.9
I4747;10/03/2025 23:18;U059;P016;TipInt004;Holiday Sale;Toronto, Canada;6;3.8
I4748;11/09/2025 17:25;U130;P064;TipInt005;Cyber Monday;London, UK;5;4.6
I4749;10/29/2025 08:33;U024;P086;TipInt005;Cyber Monday;London, UK;6;2.5
I4750;10/02/2025 16:33;U061;P054;TipInt004;Regular Day;Toronto, Canada;1;4.8
I4751;11/10/2025 19:45;U044;P096;TipInt006;Cyber Monday;Sydney, Australia;7;4.2
I4752;10/15/2025 11:04;U096;P065;TipInt001;Spring Sale;Sydney, Australia;8;2.1
I4753;12/22/2025 08:33;U110;P084;TipInt004;Spring Sale;London, UK;5;4.8
I4754;11/02/2025 12:54;U010;P065;TipInt001;Cyber Monday;Paris, France;10;4.2
I4755;1/02/2026 22:45;U039;P062;TipInt005;Regular Day;London, UK;7;4.6
I4756;9/29/2025 20:59;U126;P091;TipInt002;Regular Day;Berlin, Germany;6;2.6
I4757;12/16/2025 04:04;U050;P068;TipInt004;Spring Sale;Toronto, Canada;8;1.8
I4758;11/26/2025 23:32;U038;P067;TipInt002;Regular Day;Berlin, Germany;5;4
I4759;11/01/2025 10:16;U034;P095;TipInt006;Spring Sale;New York, USA;10;2.8
I4760;12/20/2025 02:27;U123;P025;TipInt002;Regular Day;London, UK;7;4.1
I4761;1/30/2026 06:41;U123;P041;TipInt006;Spring Sale;Berlin, Germany;7;3.3
I4762;12/25/2025 16:33;U095;P015;TipInt001;Regular Day;Berlin, Germany;6;2.5
I4763;11/25/2025 10:38;U089;P067;TipInt001;Cyber Monday;Paris, France;6;3
I4764;11/11/2025 08:58;U088;P057;TipInt003;Holiday Sale;New York, USA;2;4.1
I4765;1/09/2026 08:54;U090;P068;TipInt006;Spring Sale;Paris, France;7;3.3
I4766;1/25/2026 08:23;U007;P009;TipInt006;Black Friday;Sydney, Australia;10;2.3
I4767;10/27/2025 11:31;U041;P024;TipInt002;Regular Day;London, UK;7;4
I4768;11/06/2025 06:25;U052;P027;TipInt006;Spring Sale;New York, USA;7;1.8
I4769;12/06/2025 19:30;U031;P089;TipInt005;Black Friday;Berlin, Germany;4;2.8
I4770;12/27/2025 04:06;U033;P045;TipInt006;Black Friday;Berlin, Germany;7;2.8
I4771;10/04/2025 14:05;U043;P040;TipInt005;Holiday Sale;Paris, France;5;2.8
I4772;1/22/2026 07:59;U101;P050;TipInt001;Regular Day;Sydney, Australia;-;1.2
I4773;11/04/2025 20:15;U114;P093;TipInt005;Black Friday;Paris, France;5;4.5
I4774;11/11/2025 07:09;U074;P066;TipInt006;Cyber Monday;Berlin, Germany;6;4.8
I4775;12/06/2025 14:33;U010;P092;TipInt002;Spring Sale;Berlin, Germany;8;1.8
I4776;11/21/2025 07:30;U051;P092;TipInt002;Cyber Monday;Toronto, Canada;4;1.5
I4777;12/21/2025 21:58;U002;P036;TipInt002;Spring Sale;Toronto, Canada;6;2.2
I4778;10/15/2025 06:12;U033;P065;TipInt002;Spring Sale;Berlin, Germany;6;1.9
I4779;12/21/2025 12:48;U120;P046;TipInt003;Spring Sale;Berlin, Germany;6;4
I4780;1/23/2026 17:21;U067;P003;TipInt004;Cyber Monday;Paris, France;5;2.7
I4781;12/23/2025 23:09;U117;P061;TipInt001;Cyber Monday;Sydney, Australia;2;4.7
I4782;1/24/2026 18:21;U099;P084;TipInt006;Black Friday;New York, USA;6;3
I4783;1/05/2026 00:35;U132;P082;TipInt004;Regular Day;Sydney, Australia;10;2.1
I4784;1/04/2026 05:13;U108;P038;TipInt002;Cyber Monday;Paris, France;4;4.1
I4785;11/19/2025 14:02;U041;P027;TipInt004;Regular Day;Berlin, Germany;3;4.9
I4786;12/13/2025 06:36;U096;P038;TipInt006;Cyber Monday;Sydney, Australia;10;4.7
I4787;1/13/2026 21:53;U059;P099;TipInt003;Regular Day;London, UK;4;2.8
I4788;10/11/2025 15:40;U040;P036;TipInt005;Spring Sale;Toronto, Canada;10;3.4
I4789;1/31/2026 21:26;U087;P003;TipInt003;Cyber Monday;London, UK;4;1.9
I4790;10/24/2025 18:56;U041;P004;TipInt006;Black Friday;Paris, France;1;3.9
I4791;10/12/2025 06:06;U077;P063;TipInt005;Black Friday;London, UK;9;1.4
I4792;1/23/2026 21:52;U069;P074;TipInt003;Cyber Monday;Sydney, Australia;1;2.6
I4793;1/08/2026 08:29;U048;P017;TipInt001;Black Friday;New York, USA;10;1.6
I4794;10/07/2025 15:41;U075;P067;TipInt005;Black Friday;Paris, France;3;2.8
I4795;11/16/2025 20:32;U066;P015;TipInt005;Spring Sale;Paris, France;9;4.7
I4796;11/26/2025 14:03;U043;P033;TipInt002;Spring Sale;Paris, France;8;2.4
I4797;12/24/2025 17:32;U149;P070;TipInt003;Black Friday;London, UK;-;3.3
I4798;12/13/2025 23:14;U097;P030;TipInt005;Spring Sale;London, UK;3;4.9
I4799;11/30/2025 20:53;U001;P047;TipInt006;Black Friday;New York, USA;9;2.2
I4800;10/31/2025 08:36;U078;P063;TipInt005;Black Friday;Berlin, Germany;4;4.4
I4801;12/14/2025 03:00;U052;P060;TipInt001;Holiday Sale;New York, USA;7;1.2
I4802;12/14/2025 15:39;U103;P095;TipInt003;Regular Day;Paris, France;-;4.3
I4803;1/16/2026 06:41;U125;P097;TipInt005;Holiday Sale;London, UK;4;1.1
I4804;12/16/2025 19:23;U116;P097;TipInt004;Regular Day;New York, USA;6;2.4
I4805;1/14/2026 05:57;U111;P017;TipInt005;Holiday Sale;London, UK;7;3.8
I4806;10/28/2025 11:16;U096;P016;TipInt002;Holiday Sale;Sydney, Australia;5;3.3
I4807;1/19/2026 14:50;U054;P036;TipInt001;Regular Day;Berlin, Germany;10;2.7
I4808;12/29/2025 14:38;U026;P034;TipInt001;Black Friday;London, UK;1;2.4
I4809;10/19/2025 23:12;U095;P025;TipInt002;Black Friday;Berlin, Germany;10;4.6
I4810;12/14/2025 09:37;U122;P048;TipInt005;Holiday Sale;Toronto, Canada;2;4
I4811;11/12/2025 12:29;U138;P004;TipInt003;Spring Sale;Toronto, Canada;4;1.8
I4812;10/09/2025 07:47;U132;P018;TipInt006;Holiday Sale;London, UK;3;4.7
I4813;12/29/2025 18:24;U081;P029;TipInt006;Regular Day;New York, USA;8;4.6
I4814;1/17/2026 20:30;U042;P037;TipInt004;Holiday Sale;Sydney, Australia;9;1.8
I4815;12/17/2025 13:42;U019;P002;TipInt006;Cyber Monday;Sydney, Australia;-;4.7
I4816;10/13/2025 09:49;U008;P006;TipInt001;Cyber Monday;Sydney, Australia;3;3.3
I4817;10/22/2025 12:20;U048;P016;TipInt006;Spring Sale;Sydney, Australia;4;2.7
I4818;12/17/2025 08:20;U078;P043;TipInt001;Regular Day;London, UK;1;3.4
I4819;1/25/2026 22:21;U071;P050;TipInt004;Cyber Monday;Berlin, Germany;8;2
I4820;12/24/2025 07:07;U051;P059;TipInt002;Cyber Monday;Toronto, Canada;6;2.5
I4821;12/11/2025 16:53;U080;P069;TipInt002;Cyber Monday;London, UK;9;2.7
I4822;11/14/2025 14:31;U005;P087;TipInt004;Black Friday;Toronto, Canada;10;2.2
I4823;11/17/2025 11:55;U090;P028;TipInt005;Cyber Monday;Berlin, Germany;8;4
I4824;1/11/2026 14:29;U051;P057;TipInt002;Cyber Monday;Paris, France;4;2.8
I4825;10/17/2025 05:13;U063;P033;TipInt003;Black Friday;Paris, France;1;3.1
I4826;12/24/2025 22:12;U045;P053;TipInt001;Spring Sale;Sydney, Australia;2;3.9
I4827;10/23/2025 08:43;U024;P028;TipInt003;Cyber Monday;Sydney, Australia;10;3.1
I4828;1/29/2026 20:21;U062;P072;TipInt004;Holiday Sale;Toronto, Canada;10;2.7
I4829;10/01/2025 19:35;U042;P026;TipInt003;Spring Sale;London, UK;10;3.3
I4830;11/14/2025 10:31;U086;P010;TipInt002;Black Friday;New York, USA;4;2.5
I4831;11/05/2025 06:28;U057;P034;TipInt004;Regular Day;Paris, France;10;2.8
I4832;1/30/2026 02:45;U055;P044;TipInt003;Black Friday;New York, USA;5;2.8
I4833;10/17/2025 11:40;U080;P037;TipInt004;Cyber Monday;Berlin, Germany;1;1.4
I4834;11/19/2025 22:54;U130;P025;TipInt004;Black Friday;Berlin, Germany;3;3.5
I4835;1/14/2026 18:01;U062;P024;TipInt004;Spring Sale;Berlin, Germany;1;1.3
I4836;1/27/2026 08:29;U030;P096;TipInt002;Cyber Monday;Berlin, Germany;5;4.2
I4837;12/07/2025 21:41;U117;P081;TipInt005;Black Friday;Toronto, Canada;7;4.8
I4838;12/12/2025 15:18;U072;P054;TipInt001;Cyber Monday;Sydney, Australia;5;3.4
I4839;11/28/2025 10:52;U078;P034;TipInt002;Black Friday;Sydney, Australia;6;1.9
I4840;12/25/2025 04:51;U126;P095;TipInt004;Regular Day;Toronto, Canada;4;4.6
I4841;11/04/2025 07:56;U072;P050;TipInt002;Regular Day;Paris, France;4;3
I4842;1/02/2026 09:30;U030;P018;TipInt002;Regular Day;Toronto, Canada;1;4.9
I4843;10/22/2025 03:15;U135;P095;TipInt001;Regular Day;New York, USA;9;4.3
I4844;12/17/2025 16:19;U090;P089;TipInt003;Regular Day;Berlin, Germany;3;3.4
I4845;1/29/2026 20:54;U115;P096;TipInt003;Holiday Sale;Sydney, Australia;4;1.2
I4846;10/25/2025 15:17;U082;P058;TipInt002;Holiday Sale;Sydney, Australia;9;4.5
I4847;12/20/2025 03:11;U132;P009;TipInt003;Regular Day;Paris, France;2;1.6
I4848;10/04/2025 20:31;U021;P089;TipInt004;Spring Sale;Sydney, Australia;5;3.1
I4849;12/08/2025 22:30;U102;P069;TipInt002;Black Friday;Berlin, Germany;7;3.7
I4850;1/02/2026 11:48;U044;P060;TipInt003;Holiday Sale;Sydney, Australia;8;2.8
I4851;10/04/2025 09:35;U027;P098;TipInt004;Spring Sale;Toronto, Canada;9;3.5
I4852;1/06/2026 21:25;U112;P021;TipInt004;Holiday Sale;Toronto, Canada;7;3.7
I4853;11/11/2025 17:09;U012;P088;TipInt006;Regular Day;New York, USA;2;3
I4854;12/19/2025 11:14;U099;P080;TipInt001;Black Friday;New York, USA;4;2.5
I4855;1/16/2026 01:53;U001;P056;TipInt002;Spring Sale;London, UK;6;1.6
I4856;11/17/2025 15:47;U113;P093;TipInt005;Cyber Monday;London, UK;9;2.9
I4857;12/13/2025 08:49;U076;P019;TipInt006;Holiday Sale;London, UK;9;4
I4858;10/23/2025 12:34;U058;P042;TipInt006;Cyber Monday;London, UK;3;1.2
I4859;12/14/2025 12:58;U058;P091;TipInt003;Holiday Sale;Paris, France;10;3.1
I4860;11/03/2025 20:21;U127;P069;TipInt005;Regular Day;Paris, France;6;3.8
I4861;11/02/2025 05:23;U050;P085;TipInt004;Black Friday;New York, USA;10;1.1
I4862;1/03/2026 15:44;U098;P049;TipInt003;Regular Day;Sydney, Australia;7;1.3
I4863;11/19/2025 20:10;U149;P031;TipInt003;Black Friday;Toronto, Canada;-;2.2
I4864;11/20/2025 08:42;U047;P021;TipInt004;Cyber Monday;New York, USA;10;1.9
I4865;11/08/2025 22:25;U132;P011;TipInt001;Regular Day;Sydney, Australia;8;3.1
I4866;12/06/2025 17:48;U072;P061;TipInt005;Holiday Sale;Toronto, Canada;10;4.3
I4867;10/17/2025 23:44;U060;P037;TipInt002;Regular Day;Berlin, Germany;7;4.3
I4868;1/02/2026 07:34;U051;P087;TipInt003;Spring Sale;Paris, France;3;4.2
I4869;12/27/2025 21:11;U123;P088;TipInt006;Black Friday;Sydney, Australia;3;2.3
I4870;10/03/2025 16:08;U078;P088;TipInt003;Cyber Monday;Sydney, Australia;1;1.5
I4871;12/30/2025 08:28;U055;P034;TipInt002;Holiday Sale;London, UK;3;4.8
I4872;11/11/2025 16:16;U150;P073;TipInt001;Cyber Monday;Berlin, Germany;9;5
I4873;1/05/2026 00:52;U095;P036;TipInt001;Spring Sale;New York, USA;9;2
I4874;1/09/2026 16:24;U137;P025;TipInt006;Cyber Monday;London, UK;3;1.9
I4875;11/03/2025 09:43;U078;P039;TipInt002;Regular Day;Paris, France;1;3.2
I4876;12/18/2025 06:15;U100;P075;TipInt001;Spring Sale;Toronto, Canada;10;1.7
I4877;10/04/2025 10:39;U130;P054;TipInt001;Cyber Monday;London, UK;2;3.9
I4878;1/24/2026 19:35;U035;P028;TipInt003;Black Friday;Sydney, Australia;6;3.5
I4879;12/22/2025 15:18;U129;P009;TipInt004;Regular Day;Paris, France;10;4.5
I4880;1/19/2026 08:24;U040;P004;TipInt002;Cyber Monday;Sydney, Australia;1;4.1
I4881;11/23/2025 17:36;U025;P010;TipInt003;Black Friday;Sydney, Australia;8;3.3
I4882;10/18/2025 03:14;U027;P010;TipInt005;Holiday Sale;Sydney, Australia;10;1.2
I4883;11/16/2025 12:28;U042;P074;TipInt002;Black Friday;New York, USA;1;2.9
I4884;10/03/2025 09:33;U092;P037;TipInt004;Black Friday;Toronto, Canada;2;2.2
I4885;11/26/2025 14:11;U076;P039;TipInt004;Regular Day;New York, USA;6;3.4
I4886;12/25/2025 01:36;U007;P045;TipInt006;Spring Sale;New York, USA;1;1.6
I4887;10/13/2025 19:00;U057;P055;TipInt002;Spring Sale;Toronto, Canada;6;2.7
I4888;1/26/2026 05:48;U068;P099;TipInt006;Black Friday;Paris, France;7;1.8
I4889;10/25/2025 20:45;U082;P074;TipInt004;Regular Day;Sydney, Australia;5;2.8
I4890;1/11/2026 21:08;U149;P084;TipInt003;Spring Sale;Sydney, Australia;4;4.7
I4891;11/06/2025 17:55;U009;P057;TipInt005;Cyber Monday;Berlin, Germany;7;4.6
I4892;12/23/2025 03:21;U110;P087;TipInt002;Cyber Monday;New York, USA;1;3.1
I4893;1/29/2026 09:36;U088;P071;TipInt003;Black Friday;Berlin, Germany;10;2
I4894;12/30/2025 23:11;U051;P066;TipInt001;Regular Day;New York, USA;10;1.6
I4895;10/16/2025 16:07;U071;P072;TipInt005;Holiday Sale;Berlin, Germany;3;3.1
I4896;11/14/2025 14:24;U100;P036;TipInt001;Holiday Sale;New York, USA;2;4.2
I4897;10/20/2025 20:49;U101;P097;TipInt004;Cyber Monday;Toronto, Canada;7;2.7
I4898;1/23/2026 03:53;U006;P072;TipInt001;Holiday Sale;Berlin, Germany;4;3.1
I4899;9/29/2025 23:58;U131;P046;TipInt003;Spring Sale;London, UK;1;5
I4900;1/14/2026 16:54;U124;P023;TipInt006;Spring Sale;Paris, France;8;1.2
I4901;10/21/2025 02:27;U117;P021;TipInt002;Holiday Sale;Berlin, Germany;6;4
I4902;10/29/2025 20:56;U042;P013;TipInt004;Cyber Monday;Paris, France;9;3.9
I4903;10/14/2025 21:51;U105;P083;TipInt004;Regular Day;London, UK;2;1.4
I4904;1/25/2026 02:13;U115;P055;TipInt001;Regular Day;Toronto, Canada;9;3.9
I4905;12/16/2025 08:01;U018;P021;TipInt004;Cyber Monday;Toronto, Canada;4;4.7
I4906;12/07/2025 12:05;U131;P045;TipInt006;Black Friday;Sydney, Australia;4;1.4
I4907;1/07/2026 14:03;U016;P039;TipInt002;Holiday Sale;Sydney, Australia;1;1.3
I4908;1/13/2026 21:35;U124;P099;TipInt005;Holiday Sale;Berlin, Germany;7;1.3
I4909;10/02/2025 16:43;U118;P040;TipInt001;Spring Sale;Berlin, Germany;1;4.5
I4910;10/26/2025 06:28;U117;P058;TipInt003;Black Friday;Paris, France;3;1.2
I4911;10/23/2025 16:28;U127;P023;TipInt001;Black Friday;New York, USA;8;1.1
I4912;12/10/2025 13:35;U073;P030;TipInt001;Cyber Monday;Sydney, Australia;5;2.9
I4913;10/17/2025 04:24;U148;P016;TipInt005;Cyber Monday;Berlin, Germany;8;4.5
I4914;12/19/2025 12:53;U087;P053;TipInt004;Cyber Monday;Berlin, Germany;4;3
I4915;9/29/2025 01:15;U129;P067;TipInt002;Spring Sale;Berlin, Germany;4;5
I4916;1/17/2026 17:27;U147;P056;TipInt006;Holiday Sale;Sydney, Australia;9;4.6
I4917;1/07/2026 23:14;U113;P071;TipInt002;Regular Day;Paris, France;7;1
I4918;1/14/2026 02:34;U102;P070;TipInt003;Holiday Sale;Berlin, Germany;2;4.5
I4919;10/12/2025 10:07;U049;P029;TipInt006;Black Friday;Berlin, Germany;3;4
I4920;12/01/2025 21:20;U061;P006;TipInt002;Black Friday;New York, USA;1;4.4
I4921;10/16/2025 16:12;U007;P056;TipInt001;Spring Sale;New York, USA;-;2
I4922;10/01/2025 05:19;U089;P044;TipInt005;Cyber Monday;Toronto, Canada;7;3.3
I4923;10/29/2025 09:36;U149;P025;TipInt002;Cyber Monday;New York, USA;10;3.3
I4924;11/14/2025 12:24;U083;P010;TipInt005;Black Friday;Berlin, Germany;8;2.3
I4925;12/04/2025 08:54;U102;P023;TipInt002;Regular Day;Paris, France;2;2.4
I4926;11/12/2025 19:24;U076;P082;TipInt006;Spring Sale;Berlin, Germany;-;3.7
I4927;1/07/2026 03:15;U095;P029;TipInt001;Spring Sale;Toronto, Canada;7;3.2
I4928;11/01/2025 18:57;U030;P092;TipInt005;Holiday Sale;London, UK;-;4.9
I4929;12/03/2025 23:00;U027;P046;TipInt001;Black Friday;Berlin, Germany;2;2.7
I4930;12/17/2025 17:54;U013;P032;TipInt004;Regular Day;New York, USA;9;1.3
I4931;11/08/2025 07:09;U081;P012;TipInt002;Spring Sale;Sydney, Australia;9;4.3
I4932;10/15/2025 20:05;U134;P038;TipInt002;Spring Sale;Sydney, Australia;-;1.6
I4933;10/21/2025 09:40;U017;P016;TipInt006;Black Friday;New York, USA;3;3.6
I4934;10/01/2025 00:47;U039;P008;TipInt005;Regular Day;Paris, France;5;4.5
I4935;12/17/2025 02:37;U014;P096;TipInt002;Black Friday;Paris, France;6;4.2
I4936;11/04/2025 13:48;U130;P015;TipInt001;Cyber Monday;Sydney, Australia;5;4.1
I4937;10/22/2025 18:11;U033;P064;TipInt006;Black Friday;Paris, France;9;4.8
I4938;12/18/2025 21:45;U068;P025;TipInt006;Black Friday;Sydney, Australia;2;1.2
I4939;1/29/2026 07:14;U010;P058;TipInt002;Black Friday;Berlin, Germany;4;1.2
I4940;12/09/2025 10:28;U062;P097;TipInt002;Spring Sale;Sydney, Australia;-;2
I4941;1/18/2026 15:58;U032;P032;TipInt006;Holiday Sale;Sydney, Australia;-;2.5
I4942;12/24/2025 20:36;U115;P035;TipInt003;Black Friday;New York, USA;10;1.7
I4943;10/10/2025 06:23;U116;P062;TipInt006;Holiday Sale;Toronto, Canada;5;1.7
I4944;11/26/2025 23:49;U087;P075;TipInt002;Holiday Sale;Berlin, Germany;6;3
I4945;1/21/2026 01:54;U046;P044;TipInt001;Holiday Sale;Paris, France;7;1.7
I4946;12/24/2025 05:43;U034;P088;TipInt001;Spring Sale;Berlin, Germany;7;1.7
I4947;1/23/2026 00:23;U133;P093;TipInt005;Regular Day;Paris, France;2;4.6
I4948;12/29/2025 18:16;U130;P036;TipInt001;Cyber Monday;Berlin, Germany;2;1.9
I4949;12/31/2025 08:11;U038;P075;TipInt002;Cyber Monday;London, UK;3;3.2
I4950;1/15/2026 02:38;U031;P063;TipInt006;Regular Day;Toronto, Canada;-;4.6
I4951;10/31/2025 12:56;U148;P099;TipInt005;Regular Day;Paris, France;9;4.6
I4952;9/29/2025 19:30;U143;P092;TipInt002;Spring Sale;London, UK;2;2.2
I4953;11/23/2025 09:24;U097;P087;TipInt005;Spring Sale;Paris, France;6;2.3
I4954;12/06/2025 02:14;U003;P049;TipInt001;Cyber Monday;Toronto, Canada;9;4.6
I4955;1/30/2026 02:43;U049;P043;TipInt003;Black Friday;Sydney, Australia;9;3.7
I4956;1/04/2026 01:29;U099;P025;TipInt001;Black Friday;Berlin, Germany;-;4.3
I4957;1/16/2026 05:46;U070;P039;TipInt006;Cyber Monday;Toronto, Canada;9;2.7
I4958;11/12/2025 13:51;U076;P081;TipInt004;Holiday Sale;Toronto, Canada;2;4.2
I4959;10/28/2025 11:59;U088;P087;TipInt004;Spring Sale;Sydney, Australia;2;4
I4960;1/13/2026 21:47;U052;P028;TipInt002;Black Friday;Berlin, Germany;5;3
I4961;12/20/2025 17:07;U056;P086;TipInt002;Black Friday;New York, USA;2;4.7
I4962;12/24/2025 19:21;U072;P006;TipInt002;Black Friday;Paris, France;-;3
I4963;10/02/2025 03:57;U104;P070;TipInt001;Black Friday;Berlin, Germany;2;3.1
I4964;1/07/2026 13:50;U052;P092;TipInt002;Cyber Monday;Paris, France;1;4.9
I4965;10/28/2025 09:51;U082;P053;TipInt006;Regular Day;Sydney, Australia;8;2.5
I4966;10/18/2025 14:05;U016;P027;TipInt003;Spring Sale;Sydney, Australia;6;4
I4967;10/06/2025 02:40;U091;P091;TipInt005;Regular Day;London, UK;2;2.2
I4968;10/27/2025 21:55;U060;P023;TipInt002;Spring Sale;Sydney, Australia;3;2.8
I4969;10/27/2025 04:08;U082;P048;TipInt004;Cyber Monday;Berlin, Germany;5;2.9
I4970;1/28/2026 11:33;U133;P024;TipInt003;Spring Sale;New York, USA;3;1.5
I4971;12/18/2025 16:43;U147;P053;TipInt004;Spring Sale;Berlin, Germany;5;2.9
I4972;12/08/2025 23:06;U023;P051;TipInt003;Spring Sale;Berlin, Germany;2;3.3
I4973;10/13/2025 06:03;U142;P060;TipInt001;Cyber Monday;New York, USA;-;2.1
I4974;12/23/2025 08:53;U058;P012;TipInt004;Black Friday;Toronto, Canada;8;1.2
I4975;1/09/2026 00:41;U037;P033;TipInt006;Cyber Monday;New York, USA;9;2
I4976;11/23/2025 03:54;U023;P024;TipInt003;Cyber Monday;London, UK;5;3.7
I4977;9/29/2025 01:11;U089;P076;TipInt002;Holiday Sale;Berlin, Germany;4;1.6
I4978;1/20/2026 22:58;U132;P058;TipInt001;Black Friday;Sydney, Australia;6;1.4
I4979;12/05/2025 12:41;U103;P044;TipInt003;Cyber Monday;Paris, France;3;4.6
I4980;10/10/2025 10:23;U010;P030;TipInt005;Regular Day;Toronto, Canada;6;2
I4981;11/07/2025 17:57;U084;P077;TipInt006;Regular Day;New York, USA;6;2.2
I4982;12/01/2025 00:16;U141;P005;TipInt003;Regular Day;Paris, France;2;3.6
I4983;11/28/2025 18:03;U072;P015;TipInt003;Spring Sale;Berlin, Germany;7;3.8
I4984;11/03/2025 22:31;U059;P017;TipInt006;Regular Day;New York, USA;1;3.7
I4985;12/03/2025 21:30;U144;P026;TipInt002;Spring Sale;Berlin, Germany;8;3.5
I4986;1/25/2026 15:18;U063;P089;TipInt006;Regular Day;London, UK;-;4.7
I4987;9/30/2025 06:56;U126;P016;TipInt003;Holiday Sale;Toronto, Canada;2;2.4
I4988;1/29/2026 19:51;U073;P025;TipInt005;Black Friday;Sydney, Australia;7;4
I4989;10/06/2025 04:37;U142;P089;TipInt001;Regular Day;Berlin, Germany;-;3.1
I4990;10/31/2025 16:28;U066;P048;TipInt003;Regular Day;New York, USA;10;1.8
I4991;1/23/2026 02:48;U131;P082;TipInt001;Regular Day;Berlin, Germany;1;3.2
I4992;1/11/2026 08:34;U144;P036;TipInt004;Black Friday;New York, USA;9;1.8
I4993;12/26/2025 13:05;U139;P049;TipInt003;Spring Sale;New York, USA;8;3.6
I4994;1/05/2026 16:32;U130;P038;TipInt003;Regular Day;Toronto, Canada;8;1.6
I4995;1/27/2026 13:45;U115;P094;TipInt003;Black Friday;London, UK;4;3.1
I4996;11/06/2025 19:07;U097;P068;TipInt006;Black Friday;Sydney, Australia;-;4.1
I4997;11/23/2025 00:47;U058;P088;TipInt004;Spring Sale;Paris, France;5;3.4
I4998;10/22/2025 09:22;U106;P054;TipInt002;Spring Sale;Paris, France;6;1.2
I4999;12/02/2025 17:15;U003;P042;TipInt001;Holiday Sale;Sydney, Australia;10;3.8
I5000;11/04/2025 01:34;U137;P097;TipInt004;Regular Day;Toronto, Canada;3;4.4
I5001;12/16/2025 03:50;U047;P065;TipInt002;Cyber Monday;Sydney, Australia;10;1.4
I5002;10/08/2025 03:48;U135;P014;TipInt005;Holiday Sale;Berlin, Germany;4;4.4
I5003;10/14/2025 05:34;U046;P075;TipInt002;Regular Day;New York, USA;4;3.9
I5004;1/14/2026 10:00;U087;P017;TipInt004;Holiday Sale;New York, USA;2;4
I5005;9/29/2025 13:34;U051;P086;TipInt002;Spring Sale;Toronto, Canada;4;3.1
I5006;9/29/2025 04:31;U002;P062;TipInt003;Spring Sale;Berlin, Germany;3;1
I5007;12/17/2025 11:25;U089;P023;TipInt005;Regular Day;London, UK;6;3.5
I5008;1/06/2026 00:32;U072;P091;TipInt002;Regular Day;Paris, France;6;1.6
I5009;1/06/2026 00:07;U089;P032;TipInt005;Spring Sale;Toronto, Canada;8;4.9
I5010;1/06/2026 10:51;U142;P078;TipInt001;Cyber Monday;London, UK;1;4.2
I5011;11/05/2025 14:38;U067;P077;TipInt001;Spring Sale;London, UK;4;1.9
I5012;10/22/2025 08:36;U147;P020;TipInt002;Spring Sale;London, UK;7;1.7
I5013;12/15/2025 00:22;U054;P066;TipInt002;Holiday Sale;Sydney, Australia;1;4.5
I5014;1/15/2026 02:51;U024;P030;TipInt006;Regular Day;Berlin, Germany;5;2.6
I5015;1/19/2026 22:20;U022;P025;TipInt003;Holiday Sale;Toronto, Canada;8;3.6
I5016;11/24/2025 10:32;U132;P052;TipInt005;Holiday Sale;London, UK;1;1.5
I5017;11/06/2025 06:00;U096;P045;TipInt001;Spring Sale;Paris, France;9;3.7
I5018;11/27/2025 23:41;U017;P057;TipInt003;Holiday Sale;New York, USA;5;4.7
I5019;12/16/2025 08:04;U076;P062;TipInt005;Cyber Monday;New York, USA;9;3.9
I5020;11/16/2025 14:23;U129;P074;TipInt005;Cyber Monday;Paris, France;3;3.5
I5021;10/13/2025 16:09;U038;P087;TipInt006;Cyber Monday;Sydney, Australia;8;3.3
I5022;1/29/2026 12:11;U082;P084;TipInt002;Holiday Sale;London, UK;6;3
I5023;11/11/2025 15:49;U099;P052;TipInt001;Cyber Monday;London, UK;2;4.2
I5024;1/25/2026 04:49;U041;P051;TipInt006;Black Friday;Toronto, Canada;-;1.1
I5025;1/12/2026 17:34;U093;P062;TipInt001;Spring Sale;London, UK;-;3.2
I5026;1/20/2026 20:54;U011;P033;TipInt005;Regular Day;Berlin, Germany;8;4.4
I5027;11/21/2025 11:09;U100;P020;TipInt003;Spring Sale;Paris, France;5;2.5
I5028;1/02/2026 23:22;U013;P034;TipInt003;Cyber Monday;Berlin, Germany;10;3.3
I5029;11/01/2025 09:18;U131;P009;TipInt001;Black Friday;Sydney, Australia;10;4.8
I5030;10/20/2025 09:40;U066;P046;TipInt003;Cyber Monday;London, UK;3;3.7
I5031;1/04/2026 21:55;U110;P034;TipInt003;Cyber Monday;Paris, France;4;1.8
I5032;11/14/2025 01:16;U046;P050;TipInt004;Holiday Sale;New York, USA;1;2.4
I5033;11/24/2025 22:27;U098;P059;TipInt002;Cyber Monday;London, UK;7;1.8
I5034;10/03/2025 01:06;U132;P094;TipInt002;Holiday Sale;Sydney, Australia;9;1
I5035;11/19/2025 02:15;U030;P017;TipInt001;Holiday Sale;Berlin, Germany;3;1
I5036;11/24/2025 11:46;U017;P079;TipInt006;Black Friday;Toronto, Canada;3;1.1
I5037;12/14/2025 01:06;U055;P014;TipInt003;Holiday Sale;New York, USA;2;4.7
I5038;11/30/2025 16:20;U046;P027;TipInt003;Black Friday;Berlin, Germany;9;4.4
I5039;1/31/2026 09:46;U131;P014;TipInt006;Black Friday;Paris, France;9;2.6
I5040;12/12/2025 06:15;U062;P096;TipInt003;Spring Sale;Paris, France;10;1.4
I5041;10/29/2025 10:42;U078;P007;TipInt001;Cyber Monday;Berlin, Germany;-;1.6
I5042;12/15/2025 03:18;U048;P082;TipInt003;Cyber Monday;Berlin, Germany;1;4.9
I5043;12/05/2025 16:54;U053;P081;TipInt004;Spring Sale;New York, USA;4;3.1
I5044;12/24/2025 01:22;U070;P069;TipInt002;Spring Sale;New York, USA;3;1.4
I5045;1/14/2026 23:08;U009;P073;TipInt004;Black Friday;Toronto, Canada;4;1.9
I5046;11/09/2025 01:51;U049;P082;TipInt003;Cyber Monday;Sydney, Australia;6;4.5
I5047;11/16/2025 09:55;U064;P023;TipInt003;Black Friday;Paris, France;7;2.9
I5048;12/25/2025 17:43;U126;P012;TipInt001;Regular Day;Paris, France;-;4.8
I5049;11/28/2025 19:28;U034;P078;TipInt005;Regular Day;Toronto, Canada;3;3.7
I5050;1/12/2026 11:17;U136;P072;TipInt005;Holiday Sale;Berlin, Germany;8;3.8
I5051;11/19/2025 19:56;U036;P059;TipInt003;Holiday Sale;Sydney, Australia;5;1.2
I5052;10/04/2025 14:10;U066;P061;TipInt004;Black Friday;New York, USA;4;4.1
I5053;10/20/2025 08:27;U087;P046;TipInt006;Holiday Sale;London, UK;9;3.4
I5054;1/01/2026 23:18;U118;P020;TipInt003;Spring Sale;London, UK;8;4.9
I5055;11/23/2025 22:37;U027;P034;TipInt001;Regular Day;Paris, France;5;4.3
I5056;12/13/2025 06:26;U063;P089;TipInt004;Regular Day;Berlin, Germany;6;2.5
I5057;10/15/2025 14:06;U050;P083;TipInt003;Black Friday;Toronto, Canada;10;3.8
I5058;12/02/2025 05:11;U001;P055;TipInt002;Cyber Monday;Toronto, Canada;5;3.6
I5059;12/27/2025 20:53;U060;P047;TipInt003;Regular Day;New York, USA;6;4.4
I5060;10/12/2025 04:37;U126;P069;TipInt006;Holiday Sale;London, UK;4;1
I5061;10/15/2025 03:41;U120;P015;TipInt004;Regular Day;Toronto, Canada;9;2.7
I5062;10/10/2025 23:07;U018;P090;TipInt001;Cyber Monday;London, UK;10;3.7
I5063;1/11/2026 23:53;U132;P065;TipInt005;Regular Day;Berlin, Germany;2;4
I5064;12/14/2025 03:10;U033;P071;TipInt003;Black Friday;Berlin, Germany;5;2.3
I5065;1/27/2026 08:49;U083;P066;TipInt002;Black Friday;London, UK;7;3.4
I5066;10/09/2025 14:29;U002;P024;TipInt003;Holiday Sale;London, UK;6;4.5
I5067;12/14/2025 04:13;U108;P043;TipInt003;Holiday Sale;Berlin, Germany;4;3.9
I5068;10/28/2025 06:21;U107;P054;TipInt004;Cyber Monday;New York, USA;8;1.8
I5069;11/23/2025 14:00;U055;P081;TipInt003;Regular Day;London, UK;10;1
I5070;11/03/2025 16:07;U010;P047;TipInt004;Regular Day;Toronto, Canada;4;4.8
I5071;11/03/2025 20:33;U027;P069;TipInt005;Holiday Sale;Paris, France;7;3.7
I5072;11/24/2025 13:56;U140;P024;TipInt003;Holiday Sale;Sydney, Australia;6;1.6
I5073;10/07/2025 09:26;U146;P032;TipInt001;Cyber Monday;New York, USA;2;5
I5074;9/29/2025 16:13;U004;P019;TipInt003;Cyber Monday;Paris, France;3;2.3
I5075;1/24/2026 20:28;U101;P011;TipInt002;Holiday Sale;London, UK;8;2.8
I5076;9/29/2025 03:55;U074;P089;TipInt006;Spring Sale;Toronto, Canada;2;1.6
I5077;1/06/2026 09:31;U025;P008;TipInt006;Black Friday;Berlin, Germany;1;3.2
I5078;1/23/2026 10:15;U009;P031;TipInt006;Spring Sale;New York, USA;-;4.6
I5079;10/30/2025 04:05;U039;P047;TipInt004;Holiday Sale;Toronto, Canada;6;2.9
I5080;1/21/2026 19:45;U019;P038;TipInt001;Holiday Sale;London, UK;5;1.8
I5081;12/10/2025 10:01;U147;P046;TipInt004;Black Friday;Sydney, Australia;2;1
I5082;9/30/2025 22:13;U066;P082;TipInt001;Cyber Monday;New York, USA;3;4.3
I5083;12/29/2025 11:06;U143;P083;TipInt002;Black Friday;New York, USA;-;4.2
I5084;12/07/2025 13:04;U045;P048;TipInt002;Black Friday;Sydney, Australia;2;2.1
I5085;12/05/2025 15:06;U049;P029;TipInt002;Cyber Monday;New York, USA;4;2.9
I5086;12/17/2025 08:20;U026;P059;TipInt006;Holiday Sale;Toronto, Canada;6;4.1
I5087;10/18/2025 16:59;U073;P033;TipInt001;Holiday Sale;Berlin, Germany;6;4.7
I5088;11/03/2025 00:02;U079;P049;TipInt001;Holiday Sale;Sydney, Australia;2;2.1
I5089;12/13/2025 10:11;U112;P081;TipInt002;Spring Sale;Toronto, Canada;10;3.4
I5090;10/11/2025 06:58;U062;P010;TipInt006;Holiday Sale;Sydney, Australia;2;1.8
I5091;10/12/2025 05:17;U043;P090;TipInt005;Cyber Monday;New York, USA;7;2.1
I5092;1/24/2026 16:47;U016;P002;TipInt005;Regular Day;Berlin, Germany;9;2.6
I5093;1/30/2026 12:11;U114;P068;TipInt002;Regular Day;New York, USA;9;4.2
I5094;12/16/2025 13:21;U033;P034;TipInt003;Holiday Sale;Paris, France;2;2.7
I5095;11/04/2025 05:01;U031;P043;TipInt002;Holiday Sale;Paris, France;10;1.4
I5096;11/17/2025 09:10;U048;P002;TipInt003;Cyber Monday;Paris, France;1;4.5
I5097;1/08/2026 09:05;U033;P028;TipInt004;Regular Day;London, UK;9;1.4
I5098;12/04/2025 01:38;U028;P068;TipInt005;Spring Sale;New York, USA;4;2.8
I5099;11/26/2025 21:20;U106;P035;TipInt001;Cyber Monday;Berlin, Germany;8;2.7
I5100;11/16/2025 02:54;U123;P093;TipInt001;Cyber Monday;London, UK;3;4.2
I5101;9/30/2025 17:31;U065;P073;TipInt003;Holiday Sale;Sydney, Australia;5;4.4
I5102;11/24/2025 15:59;U093;P001;TipInt003;Holiday Sale;London, UK;4;4.7
I5103;12/31/2025 21:03;U092;P003;TipInt003;Spring Sale;London, UK;9;1.3
I5104;10/24/2025 05:49;U064;P095;TipInt005;Regular Day;Sydney, Australia;5;2.7
I5105;10/29/2025 16:48;U020;P030;TipInt001;Regular Day;Toronto, Canada;5;2.1
I5106;1/05/2026 07:19;U035;P002;TipInt006;Black Friday;London, UK;2;4.4
I5107;11/19/2025 10:44;U078;P066;TipInt001;Black Friday;Berlin, Germany;10;4.9
I5108;1/17/2026 16:12;U107;P073;TipInt002;Spring Sale;New York, USA;9;2.7
I5109;12/06/2025 05:14;U084;P047;TipInt004;Holiday Sale;Toronto, Canada;10;3.8
I5110;1/30/2026 11:07;U055;P027;TipInt004;Holiday Sale;New York, USA;7;1
I5111;10/14/2025 00:29;U130;P019;TipInt003;Black Friday;Paris, France;10;4.8
I5112;12/24/2025 06:44;U076;P027;TipInt006;Black Friday;Sydney, Australia;4;1.8
I5113;1/25/2026 05:34;U120;P051;TipInt002;Cyber Monday;Paris, France;9;1.2
I5114;12/11/2025 22:21;U024;P082;TipInt001;Regular Day;Berlin, Germany;2;4.1
I5115;12/02/2025 08:55;U099;P088;TipInt005;Holiday Sale;Sydney, Australia;10;2.8
I5116;12/23/2025 01:36;U095;P024;TipInt006;Black Friday;Toronto, Canada;9;4
I5117;12/06/2025 10:50;U123;P071;TipInt003;Cyber Monday;Berlin, Germany;3;1.3
I5118;11/09/2025 23:23;U132;P027;TipInt003;Regular Day;Paris, France;4;4.8
I5119;10/26/2025 23:45;U041;P006;TipInt002;Black Friday;London, UK;8;2.4
I5120;11/09/2025 20:13;U138;P052;TipInt004;Spring Sale;London, UK;8;3.2
I5121;11/24/2025 03:36;U073;P059;TipInt002;Black Friday;New York, USA;5;2.5
I5122;11/16/2025 17:16;U133;P051;TipInt002;Cyber Monday;Toronto, Canada;-;4.2
I5123;1/30/2026 15:19;U078;P093;TipInt004;Cyber Monday;London, UK;10;4.5
I5124;10/24/2025 06:28;U094;P089;TipInt004;Black Friday;New York, USA;4;4.5
I5125;11/09/2025 03:30;U135;P064;TipInt006;Spring Sale;London, UK;10;2
I5126;11/05/2025 17:54;U042;P065;TipInt005;Spring Sale;London, UK;10;3.5
I5127;10/02/2025 06:51;U058;P025;TipInt006;Black Friday;Sydney, Australia;3;1
I5128;10/04/2025 21:37;U074;P041;TipInt003;Holiday Sale;Sydney, Australia;5;1.6
I5129;1/13/2026 11:36;U128;P086;TipInt001;Holiday Sale;New York, USA;-;4.6
I5130;11/22/2025 10:03;U142;P043;TipInt005;Spring Sale;Toronto, Canada;5;3.7
I5131;1/15/2026 02:33;U136;P002;TipInt002;Spring Sale;Paris, France;7;4.5
I5132;10/14/2025 12:36;U072;P093;TipInt004;Holiday Sale;Paris, France;8;2.2
I5133;12/09/2025 10:47;U150;P066;TipInt002;Regular Day;Berlin, Germany;7;3.6
I5134;1/11/2026 14:17;U037;P020;TipInt006;Black Friday;London, UK;5;3.2
I5135;12/22/2025 02:09;U081;P090;TipInt002;Regular Day;Sydney, Australia;5;2.6
I5136;10/03/2025 07:35;U108;P050;TipInt001;Black Friday;London, UK;9;1.4
I5137;11/15/2025 07:08;U138;P042;TipInt001;Holiday Sale;Berlin, Germany;2;4.5
I5138;11/30/2025 09:10;U138;P044;TipInt003;Black Friday;Sydney, Australia;1;1.3
I5139;11/21/2025 17:13;U109;P082;TipInt005;Cyber Monday;London, UK;1;3.4
I5140;9/30/2025 21:37;U016;P039;TipInt003;Regular Day;Toronto, Canada;-;1.9
I5141;1/20/2026 13:10;U057;P058;TipInt004;Cyber Monday;Berlin, Germany;7;2.8
I5142;11/24/2025 14:43;U061;P073;TipInt002;Spring Sale;Paris, France;5;1.2
I5143;10/04/2025 06:18;U056;P079;TipInt003;Black Friday;London, UK;6;2.9
I5144;1/25/2026 17:45;U030;P067;TipInt006;Regular Day;New York, USA;9;2.1
I5145;11/19/2025 16:27;U136;P014;TipInt002;Holiday Sale;Berlin, Germany;7;1.7
I5146;12/02/2025 10:43;U072;P032;TipInt002;Regular Day;New York, USA;8;4.2
I5147;10/06/2025 20:01;U145;P028;TipInt005;Holiday Sale;Sydney, Australia;-;3
I5148;10/08/2025 18:05;U097;P091;TipInt003;Black Friday;Sydney, Australia;6;1.3
I5149;12/17/2025 05:50;U114;P086;TipInt005;Black Friday;Sydney, Australia;8;2.4
I5150;12/11/2025 07:04;U030;P067;TipInt003;Regular Day;Toronto, Canada;3;4.1
I5151;1/03/2026 00:29;U145;P062;TipInt001;Holiday Sale;New York, USA;5;3.4
I5152;1/27/2026 04:09;U115;P091;TipInt004;Regular Day;Toronto, Canada;6;3.3
I5153;12/30/2025 11:27;U060;P015;TipInt002;Cyber Monday;New York, USA;8;2.6
I5154;1/12/2026 22:13;U070;P021;TipInt005;Black Friday;Sydney, Australia;10;1.4
I5155;1/17/2026 03:50;U095;P091;TipInt004;Holiday Sale;Sydney, Australia;5;4.6
I5156;11/13/2025 16:41;U037;P042;TipInt003;Spring Sale;Paris, France;9;3.7
I5157;1/29/2026 06:26;U099;P043;TipInt001;Cyber Monday;New York, USA;2;2.4
I5158;12/28/2025 08:37;U061;P005;TipInt006;Regular Day;Sydney, Australia;4;3.5
I5159;1/19/2026 21:25;U003;P071;TipInt005;Holiday Sale;Sydney, Australia;9;1.8
I5160;12/06/2025 13:13;U011;P071;TipInt003;Holiday Sale;Sydney, Australia;2;1.8
I5161;10/31/2025 09:03;U062;P067;TipInt001;Cyber Monday;Berlin, Germany;8;3.9
I5162;1/23/2026 13:03;U042;P002;TipInt001;Black Friday;London, UK;3;3.8
I5163;11/24/2025 23:06;U058;P047;TipInt006;Black Friday;Berlin, Germany;4;4
I5164;11/14/2025 04:50;U038;P005;TipInt005;Spring Sale;New York, USA;2;2.3
I5165;12/29/2025 08:48;U021;P099;TipInt003;Cyber Monday;Toronto, Canada;1;2.5
I5166;11/21/2025 17:27;U056;P039;TipInt003;Black Friday;Toronto, Canada;5;3.2
I5167;9/30/2025 08:49;U094;P043;TipInt006;Regular Day;Toronto, Canada;6;4.9
I5168;10/02/2025 15:35;U098;P023;TipInt004;Cyber Monday;Paris, France;3;2.4
I5169;1/18/2026 11:51;U028;P047;TipInt002;Black Friday;New York, USA;-;1.6
I5170;11/11/2025 05:01;U098;P021;TipInt005;Holiday Sale;New York, USA;-;2.1
I5171;11/30/2025 20:44;U020;P067;TipInt001;Holiday Sale;Paris, France;6;3.2
I5172;11/03/2025 03:11;U008;P043;TipInt003;Regular Day;London, UK;10;4.3
I5173;12/31/2025 16:24;U091;P083;TipInt003;Cyber Monday;New York, USA;10;3.7
I5174;10/21/2025 17:36;U076;P092;TipInt006;Black Friday;London, UK;6;1.6
I5175;11/05/2025 10:43;U057;P034;TipInt001;Spring Sale;London, UK;-;3.5
I5176;11/14/2025 22:00;U096;P038;TipInt006;Black Friday;Toronto, Canada;10;4.3
I5177;1/24/2026 09:55;U063;P044;TipInt005;Spring Sale;New York, USA;9;2.2
I5178;11/08/2025 00:16;U097;P093;TipInt006;Holiday Sale;Sydney, Australia;2;2.5
I5179;12/02/2025 13:26;U083;P068;TipInt006;Cyber Monday;Toronto, Canada;9;2.3
I5180;11/25/2025 23:10;U129;P058;TipInt005;Holiday Sale;London, UK;2;2.8
I5181;1/22/2026 04:09;U129;P081;TipInt001;Black Friday;Berlin, Germany;5;1.7
I5182;10/24/2025 08:04;U075;P056;TipInt004;Spring Sale;Berlin, Germany;4;1.7
I5183;12/17/2025 10:18;U088;P015;TipInt003;Cyber Monday;Sydney, Australia;10;3.9
I5184;12/05/2025 10:32;U076;P038;TipInt002;Black Friday;Sydney, Australia;3;1.6
I5185;1/07/2026 00:08;U140;P028;TipInt003;Holiday Sale;Sydney, Australia;-;2.2
I5186;10/27/2025 20:06;U137;P053;TipInt005;Regular Day;Berlin, Germany;6;3.5
I5187;11/16/2025 16:09;U033;P026;TipInt005;Regular Day;Toronto, Canada;10;3.9
I5188;11/11/2025 06:42;U134;P095;TipInt003;Regular Day;Berlin, Germany;5;1.7
I5189;12/26/2025 10:33;U135;P025;TipInt006;Spring Sale;Paris, France;6;1.7
I5190;12/19/2025 14:23;U022;P082;TipInt006;Spring Sale;Sydney, Australia;9;3.8
I5191;12/20/2025 03:49;U070;P079;TipInt003;Spring Sale;Berlin, Germany;7;1.7
I5192;1/30/2026 10:41;U003;P075;TipInt002;Black Friday;New York, USA;8;3
I5193;1/22/2026 10:33;U081;P015;TipInt005;Holiday Sale;Sydney, Australia;10;4.1
I5194;10/23/2025 16:56;U043;P063;TipInt005;Black Friday;Berlin, Germany;10;2
I5195;1/28/2026 06:42;U014;P061;TipInt002;Regular Day;Paris, France;10;1.2
I5196;1/30/2026 07:37;U001;P096;TipInt005;Cyber Monday;Toronto, Canada;1;2.2
I5197;1/06/2026 08:43;U073;P057;TipInt003;Cyber Monday;Toronto, Canada;-;2.8
I5198;11/30/2025 11:27;U076;P083;TipInt004;Spring Sale;Toronto, Canada;7;2
I5199;1/30/2026 03:45;U133;P084;TipInt003;Cyber Monday;Berlin, Germany;7;1.4
I5200;12/26/2025 05:46;U100;P059;TipInt004;Cyber Monday;New York, USA;10;1.2
I5201;11/30/2025 05:28;U086;P066;TipInt002;Regular Day;Paris, France;8;3.5
I5202;12/25/2025 18:17;U104;P056;TipInt004;Holiday Sale;Toronto, Canada;3;2.8
I5203;10/12/2025 08:41;U019;P054;TipInt005;Spring Sale;Toronto, Canada;3;1.9
I5204;10/26/2025 08:36;U092;P028;TipInt002;Regular Day;Toronto, Canada;6;4.1
I5205;1/11/2026 20:06;U123;P063;TipInt002;Regular Day;New York, USA;10;1.3
I5206;11/23/2025 15:02;U032;P021;TipInt001;Cyber Monday;Paris, France;2;3.2
I5207;12/05/2025 09:04;U001;P087;TipInt004;Holiday Sale;Paris, France;10;3.1
I5208;11/12/2025 10:30;U085;P042;TipInt004;Black Friday;Paris, France;8;1.3
I5209;1/17/2026 02:59;U147;P024;TipInt006;Black Friday;Berlin, Germany;8;4.5
I5210;12/08/2025 18:06;U080;P060;TipInt005;Spring Sale;Paris, France;9;4.1
I5211;11/10/2025 00:17;U030;P035;TipInt001;Spring Sale;Sydney, Australia;3;2.5
I5212;10/04/2025 04:19;U114;P062;TipInt003;Spring Sale;New York, USA;-;4.7
I5213;10/25/2025 22:00;U107;P022;TipInt006;Cyber Monday;New York, USA;10;2.9
I5214;10/02/2025 07:37;U051;P038;TipInt006;Black Friday;London, UK;8;4.5
I5215;12/02/2025 10:47;U031;P036;TipInt005;Holiday Sale;Paris, France;3;2.1
I5216;1/23/2026 06:41;U097;P052;TipInt003;Cyber Monday;Sydney, Australia;3;2
I5217;11/29/2025 15:38;U077;P069;TipInt005;Spring Sale;Toronto, Canada;10;3.7
I5218;1/29/2026 12:15;U026;P077;TipInt001;Holiday Sale;New York, USA;3;1.3
I5219;12/26/2025 09:58;U002;P026;TipInt004;Regular Day;Paris, France;6;2.2
I5220;12/25/2025 10:24;U023;P073;TipInt006;Cyber Monday;New York, USA;2;3.6
I5221;10/06/2025 23:20;U021;P074;TipInt006;Regular Day;New York, USA;-;4.3
I5222;11/07/2025 02:52;U103;P058;TipInt004;Holiday Sale;Berlin, Germany;6;1.8
I5223;12/25/2025 03:53;U081;P014;TipInt002;Cyber Monday;Berlin, Germany;5;3.1
I5224;9/29/2025 07:35;U138;P051;TipInt005;Holiday Sale;New York, USA;6;2.4
I5225;12/19/2025 07:15;U035;P061;TipInt004;Holiday Sale;Paris, France;3;1.7
I5226;10/18/2025 14:22;U094;P036;TipInt001;Black Friday;Paris, France;8;4.7
I5227;1/23/2026 04:57;U008;P095;TipInt006;Regular Day;New York, USA;5;1.4
I5228;12/01/2025 16:51;U043;P032;TipInt006;Spring Sale;Toronto, Canada;8;3
I5229;10/13/2025 00:15;U002;P080;TipInt006;Holiday Sale;Berlin, Germany;10;4.1
I5230;12/20/2025 05:50;U085;P033;TipInt004;Regular Day;London, UK;4;2.2
I5231;12/24/2025 10:54;U024;P016;TipInt003;Black Friday;Toronto, Canada;8;4.1
I5232;10/10/2025 06:49;U069;P088;TipInt003;Holiday Sale;New York, USA;4;3
I5233;12/07/2025 07:16;U124;P083;TipInt002;Regular Day;Paris, France;4;2
I5234;12/17/2025 07:41;U064;P080;TipInt002;Holiday Sale;New York, USA;7;1.4
I5235;11/13/2025 19:30;U064;P057;TipInt004;Holiday Sale;Toronto, Canada;3;3.5
I5236;12/30/2025 11:22;U105;P092;TipInt003;Regular Day;Berlin, Germany;9;4.6
I5237;1/28/2026 07:06;U018;P061;TipInt006;Spring Sale;London, UK;3;2.2
I5238;11/19/2025 17:24;U047;P004;TipInt002;Regular Day;Paris, France;-;4
I5239;1/14/2026 23:10;U072;P076;TipInt001;Black Friday;Berlin, Germany;8;4.6
I5240;12/19/2025 09:26;U114;P079;TipInt001;Spring Sale;Berlin, Germany;4;4.6
I5241;1/12/2026 03:46;U131;P066;TipInt004;Black Friday;Toronto, Canada;2;3.6
I5242;12/11/2025 14:38;U093;P056;TipInt001;Cyber Monday;Sydney, Australia;2;1.7
I5243;12/02/2025 19:08;U104;P092;TipInt006;Holiday Sale;Paris, France;1;1.3
I5244;1/12/2026 07:39;U148;P072;TipInt002;Black Friday;Sydney, Australia;10;4
I5245;10/12/2025 04:48;U001;P053;TipInt001;Black Friday;London, UK;1;1.9
I5246;12/01/2025 00:11;U017;P055;TipInt003;Cyber Monday;London, UK;1;3.9
I5247;1/08/2026 10:31;U082;P003;TipInt005;Black Friday;Paris, France;1;4.6
I5248;11/09/2025 09:41;U141;P038;TipInt001;Black Friday;London, UK;10;4.1
I5249;11/08/2025 17:49;U037;P057;TipInt004;Black Friday;Toronto, Canada;3;2.8
I5250;10/04/2025 09:46;U133;P018;TipInt006;Cyber Monday;Berlin, Germany;2;1.1
I5251;12/12/2025 17:27;U033;P072;TipInt003;Black Friday;Toronto, Canada;7;1.1
I5252;11/07/2025 19:50;U036;P069;TipInt006;Spring Sale;London, UK;9;2.1
I5253;11/13/2025 20:17;U142;P046;TipInt002;Cyber Monday;London, UK;2;2.6
I5254;1/12/2026 06:22;U060;P027;TipInt003;Black Friday;Sydney, Australia;7;2.7
I5255;12/29/2025 04:41;U087;P027;TipInt006;Holiday Sale;Toronto, Canada;2;3
I5256;11/08/2025 04:11;U111;P041;TipInt006;Spring Sale;Sydney, Australia;4;3.6
I5257;11/11/2025 17:31;U018;P089;TipInt004;Spring Sale;Paris, France;10;1.7
I5258;1/24/2026 22:36;U008;P043;TipInt001;Black Friday;Sydney, Australia;2;1.8
I5259;11/03/2025 17:52;U052;P002;TipInt001;Holiday Sale;New York, USA;9;3.2
I5260;11/16/2025 18:01;U109;P088;TipInt003;Cyber Monday;Paris, France;2;4
I5261;1/06/2026 09:03;U144;P059;TipInt001;Cyber Monday;London, UK;5;3.9
I5262;12/12/2025 09:11;U028;P012;TipInt003;Regular Day;Sydney, Australia;6;1.3
I5263;12/23/2025 06:22;U067;P034;TipInt001;Holiday Sale;Toronto, Canada;9;2.7
I5264;12/24/2025 10:46;U033;P032;TipInt001;Holiday Sale;Toronto, Canada;6;3.5
I5265;10/21/2025 05:21;U024;P030;TipInt004;Spring Sale;New York, USA;4;4.6
I5266;11/22/2025 06:17;U044;P053;TipInt004;Holiday Sale;Toronto, Canada;8;3
I5267;10/17/2025 07:31;U044;P002;TipInt001;Black Friday;New York, USA;1;4.3
I5268;12/12/2025 17:32;U111;P081;TipInt004;Black Friday;London, UK;2;1.9
I5269;11/17/2025 01:31;U082;P027;TipInt006;Spring Sale;Paris, France;1;1.4
I5270;11/25/2025 07:32;U091;P050;TipInt001;Holiday Sale;Toronto, Canada;3;4.9
I5271;12/12/2025 03:34;U142;P060;TipInt003;Cyber Monday;Sydney, Australia;1;2
I5272;10/31/2025 08:56;U148;P043;TipInt005;Regular Day;Berlin, Germany;2;3.1
I5273;1/01/2026 20:19;U036;P053;TipInt004;Black Friday;London, UK;5;3.1
I5274;1/16/2026 14:02;U108;P006;TipInt006;Cyber Monday;New York, USA;4;1.5
I5275;11/19/2025 01:40;U103;P025;TipInt002;Cyber Monday;London, UK;8;2.3
I5276;12/27/2025 05:31;U059;P002;TipInt005;Holiday Sale;London, UK;5;2.1
I5277;11/10/2025 02:11;U018;P046;TipInt002;Holiday Sale;Sydney, Australia;6;3.6
I5278;11/29/2025 02:05;U104;P002;TipInt005;Spring Sale;Paris, France;5;1.2
I5279;12/16/2025 23:01;U027;P096;TipInt003;Black Friday;Paris, France;9;2.4
I5280;1/27/2026 13:13;U003;P012;TipInt004;Regular Day;Sydney, Australia;2;2.3
I5281;1/14/2026 23:48;U145;P080;TipInt001;Black Friday;London, UK;9;2.9
I5282;12/08/2025 19:12;U129;P038;TipInt002;Cyber Monday;Berlin, Germany;1;4.3
I5283;10/10/2025 10:11;U060;P090;TipInt004;Holiday Sale;Paris, France;6;1.3
I5284;11/30/2025 00:59;U005;P082;TipInt002;Regular Day;Toronto, Canada;-;1
I5285;10/18/2025 09:10;U040;P047;TipInt006;Spring Sale;Berlin, Germany;10;3.3
I5286;9/30/2025 09:32;U021;P083;TipInt003;Regular Day;Paris, France;5;2.8
I5287;10/31/2025 19:26;U098;P023;TipInt001;Black Friday;London, UK;1;1.6
I5288;1/31/2026 19:35;U094;P014;TipInt005;Spring Sale;Berlin, Germany;6;3.9
I5289;10/19/2025 00:01;U130;P040;TipInt004;Spring Sale;London, UK;10;2.5
I5290;10/11/2025 10:03;U002;P061;TipInt004;Holiday Sale;London, UK;6;4.3
I5291;1/04/2026 16:06;U032;P061;TipInt006;Regular Day;Paris, France;7;4.4
I5292;1/01/2026 07:22;U085;P025;TipInt002;Regular Day;New York, USA;10;3.3
I5293;10/27/2025 19:23;U042;P064;TipInt005;Regular Day;New York, USA;9;1
I5294;1/01/2026 15:12;U146;P004;TipInt005;Black Friday;Berlin, Germany;2;2.8
I5295;11/17/2025 23:29;U028;P011;TipInt003;Regular Day;Toronto, Canada;2;2.1
I5296;12/09/2025 01:28;U052;P039;TipInt002;Black Friday;Berlin, Germany;4;2.3
I5297;12/12/2025 17:45;U121;P027;TipInt002;Black Friday;New York, USA;10;1.1
I5298;10/11/2025 13:28;U127;P087;TipInt004;Black Friday;New York, USA;1;3.1
I5299;11/06/2025 00:39;U045;P019;TipInt004;Regular Day;New York, USA;7;1.1
I5300;11/22/2025 19:50;U056;P093;TipInt004;Holiday Sale;Toronto, Canada;5;1.3
I5301;1/17/2026 05:26;U081;P037;TipInt005;Spring Sale;Sydney, Australia;3;3.6
I5302;10/23/2025 06:56;U063;P009;TipInt002;Regular Day;Paris, France;5;2.6
I5303;11/26/2025 00:18;U053;P041;TipInt003;Regular Day;New York, USA;8;2.4
I5304;11/02/2025 10:41;U032;P032;TipInt003;Regular Day;New York, USA;1;2.8
I5305;12/05/2025 14:27;U061;P065;TipInt004;Regular Day;Berlin, Germany;1;2.8
I5306;11/16/2025 14:59;U035;P016;TipInt005;Regular Day;Sydney, Australia;3;3.5
I5307;11/13/2025 16:49;U004;P093;TipInt005;Holiday Sale;Toronto, Canada;7;3.3
I5308;10/24/2025 07:15;U025;P067;TipInt005;Holiday Sale;New York, USA;8;3.7
I5309;11/08/2025 17:15;U058;P087;TipInt005;Holiday Sale;Paris, France;10;1.3
I5310;11/22/2025 22:05;U058;P089;TipInt004;Spring Sale;New York, USA;10;1.8
I5311;11/10/2025 04:10;U087;P053;TipInt004;Black Friday;Paris, France;1;2.8
I5312;10/28/2025 23:13;U036;P015;TipInt004;Spring Sale;London, UK;4;2.6
I5313;12/13/2025 18:06;U025;P084;TipInt001;Spring Sale;Sydney, Australia;10;1.2
I5314;1/13/2026 13:32;U023;P016;TipInt006;Holiday Sale;London, UK;4;2.9
I5315;11/14/2025 01:53;U059;P091;TipInt001;Spring Sale;Sydney, Australia;5;4.4
I5316;12/13/2025 06:30;U127;P032;TipInt006;Holiday Sale;London, UK;8;4.5
I5317;11/14/2025 11:40;U142;P032;TipInt004;Cyber Monday;Paris, France;9;1.1
I5318;10/15/2025 20:11;U094;P011;TipInt003;Cyber Monday;Sydney, Australia;6;1.9
I5319;1/27/2026 17:11;U142;P020;TipInt002;Cyber Monday;Toronto, Canada;6;1.1
I5320;10/25/2025 19:42;U125;P008;TipInt004;Spring Sale;New York, USA;6;4.8
I5321;11/03/2025 02:35;U015;P038;TipInt002;Cyber Monday;Sydney, Australia;5;1.1
I5322;11/25/2025 10:19;U055;P061;TipInt004;Holiday Sale;London, UK;10;1.6
I5323;10/29/2025 16:28;U008;P061;TipInt001;Holiday Sale;Berlin, Germany;2;4.2
I5324;1/06/2026 15:47;U041;P096;TipInt003;Cyber Monday;Paris, France;7;3.1
I5325;1/04/2026 03:25;U049;P085;TipInt004;Black Friday;London, UK;2;1.2
I5326;10/19/2025 13:56;U101;P069;TipInt001;Spring Sale;Toronto, Canada;8;1.8
I5327;12/06/2025 23:41;U005;P025;TipInt004;Regular Day;London, UK;9;3.1
I5328;10/04/2025 22:06;U086;P095;TipInt002;Cyber Monday;London, UK;10;3.6
I5329;12/08/2025 07:23;U060;P031;TipInt001;Black Friday;Berlin, Germany;8;3.4
I5330;11/17/2025 17:26;U109;P089;TipInt003;Holiday Sale;Berlin, Germany;2;1.1
I5331;10/02/2025 08:07;U037;P071;TipInt003;Cyber Monday;Paris, France;7;4.2
I5332;12/25/2025 07:34;U019;P046;TipInt005;Holiday Sale;Berlin, Germany;4;2.7
I5333;10/20/2025 14:57;U068;P086;TipInt001;Black Friday;Toronto, Canada;6;1.3
I5334;1/24/2026 11:38;U022;P045;TipInt001;Holiday Sale;London, UK;6;1.6
I5335;1/06/2026 23:47;U093;P064;TipInt001;Holiday Sale;Berlin, Germany;9;2.1
I5336;12/01/2025 16:55;U148;P066;TipInt004;Black Friday;Paris, France;7;4.5
I5337;11/20/2025 22:33;U134;P082;TipInt004;Spring Sale;Toronto, Canada;7;4.2
I5338;12/19/2025 02:36;U076;P077;TipInt006;Cyber Monday;Berlin, Germany;8;2.8
I5339;11/10/2025 21:19;U084;P072;TipInt005;Holiday Sale;Paris, France;1;3.7
I5340;12/22/2025 22:09;U149;P081;TipInt006;Holiday Sale;Paris, France;2;1
I5341;1/18/2026 18:12;U141;P041;TipInt005;Cyber Monday;Paris, France;3;4.8
I5342;12/29/2025 04:35;U003;P065;TipInt003;Cyber Monday;New York, USA;9;1.9
I5343;12/31/2025 16:44;U044;P063;TipInt001;Holiday Sale;Sydney, Australia;-;1.9
I5344;1/28/2026 11:16;U053;P091;TipInt004;Spring Sale;New York, USA;8;4.3
I5345;12/23/2025 18:16;U101;P083;TipInt003;Black Friday;New York, USA;1;1.2
I5346;1/14/2026 03:34;U019;P065;TipInt005;Cyber Monday;London, UK;9;2.6
I5347;11/14/2025 08:04;U035;P096;TipInt003;Black Friday;Sydney, Australia;7;1.9
I5348;10/05/2025 02:39;U125;P046;TipInt002;Cyber Monday;Sydney, Australia;8;1.2
I5349;1/08/2026 03:45;U002;P089;TipInt002;Cyber Monday;Sydney, Australia;3;3.1
I5350;10/24/2025 05:37;U012;P054;TipInt005;Black Friday;Toronto, Canada;10;3.6
I5351;12/15/2025 04:03;U067;P042;TipInt005;Black Friday;Toronto, Canada;8;1.7
I5352;1/18/2026 11:44;U039;P063;TipInt002;Black Friday;Paris, France;6;2.1
I5353;11/26/2025 07:28;U057;P071;TipInt006;Black Friday;New York, USA;-;4.4
I5354;10/03/2025 22:39;U103;P072;TipInt005;Regular Day;Berlin, Germany;6;3.5
I5355;1/18/2026 06:53;U088;P042;TipInt002;Black Friday;Sydney, Australia;2;2.4
I5356;12/23/2025 18:36;U020;P050;TipInt003;Regular Day;London, UK;1;4.5
I5357;1/02/2026 23:55;U121;P099;TipInt003;Holiday Sale;Toronto, Canada;3;2.7
I5358;1/26/2026 08:56;U005;P075;TipInt005;Holiday Sale;Paris, France;2;4.9
I5359;12/22/2025 10:32;U055;P056;TipInt006;Spring Sale;Toronto, Canada;4;1.4
I5360;11/28/2025 04:25;U137;P093;TipInt004;Regular Day;Paris, France;5;4.5
I5361;10/26/2025 05:57;U129;P022;TipInt005;Regular Day;New York, USA;9;2.9
I5362;11/27/2025 20:38;U007;P020;TipInt004;Spring Sale;Paris, France;5;3.4
I5363;10/19/2025 00:21;U101;P067;TipInt004;Cyber Monday;Sydney, Australia;2;2.3
I5364;12/27/2025 22:21;U097;P064;TipInt002;Black Friday;London, UK;4;1.2
I5365;11/20/2025 10:34;U108;P041;TipInt001;Holiday Sale;Paris, France;7;3.6
I5366;11/18/2025 16:03;U139;P089;TipInt002;Regular Day;Sydney, Australia;9;2.3
I5367;1/09/2026 19:40;U112;P024;TipInt005;Regular Day;Toronto, Canada;5;5
I5368;10/30/2025 02:53;U150;P002;TipInt004;Cyber Monday;Paris, France;4;1.6
I5369;12/14/2025 08:50;U128;P026;TipInt004;Black Friday;Paris, France;6;4.7
I5370;1/27/2026 08:49;U083;P030;TipInt003;Spring Sale;Sydney, Australia;8;4.5
I5371;12/22/2025 14:58;U058;P088;TipInt005;Black Friday;New York, USA;-;4.4
I5372;10/29/2025 12:15;U009;P099;TipInt005;Cyber Monday;Berlin, Germany;1;2.1
I5373;11/14/2025 08:46;U097;P099;TipInt001;Spring Sale;Sydney, Australia;1;3.7
I5374;10/06/2025 10:04;U047;P045;TipInt006;Black Friday;Berlin, Germany;4;2.8
I5375;1/06/2026 18:57;U018;P074;TipInt003;Regular Day;Berlin, Germany;2;2.4
I5376;12/16/2025 05:51;U014;P019;TipInt002;Cyber Monday;Toronto, Canada;10;1.2
I5377;12/21/2025 12:36;U004;P003;TipInt005;Black Friday;New York, USA;2;1.4
I5378;12/25/2025 21:18;U012;P060;TipInt005;Holiday Sale;London, UK;7;3.9
I5379;12/24/2025 10:09;U104;P076;TipInt002;Black Friday;Paris, France;5;3.7
I5380;12/01/2025 16:33;U008;P020;TipInt006;Holiday Sale;New York, USA;3;4.2
I5381;11/13/2025 11:47;U032;P015;TipInt005;Regular Day;Sydney, Australia;1;1.8
I5382;11/20/2025 17:09;U107;P018;TipInt001;Regular Day;Sydney, Australia;9;2.5
I5383;1/06/2026 20:32;U077;P031;TipInt002;Spring Sale;Sydney, Australia;7;3.2
I5384;1/11/2026 20:50;U046;P080;TipInt001;Cyber Monday;New York, USA;4;2.7
I5385;1/07/2026 08:40;U063;P058;TipInt005;Cyber Monday;Toronto, Canada;10;1.6
I5386;11/06/2025 01:20;U095;P033;TipInt005;Holiday Sale;Paris, France;9;3.4
I5387;12/30/2025 18:07;U015;P068;TipInt006;Holiday Sale;London, UK;5;4.2
I5388;10/01/2025 05:45;U062;P073;TipInt004;Cyber Monday;New York, USA;10;4.4
I5389;11/02/2025 11:58;U139;P044;TipInt004;Regular Day;Sydney, Australia;6;1.9
I5390;10/23/2025 14:54;U025;P091;TipInt006;Black Friday;Sydney, Australia;3;3.9
I5391;11/30/2025 00:19;U067;P019;TipInt005;Cyber Monday;Sydney, Australia;6;2.5
I5392;1/18/2026 18:50;U091;P003;TipInt006;Regular Day;New York, USA;3;1
I5393;1/04/2026 21:39;U041;P007;TipInt006;Spring Sale;New York, USA;4;3.4
I5394;1/31/2026 01:22;U042;P063;TipInt001;Holiday Sale;London, UK;9;2.2
I5395;10/08/2025 11:54;U002;P083;TipInt002;Spring Sale;Sydney, Australia;-;1.1
I5396;12/19/2025 02:21;U143;P059;TipInt004;Black Friday;Paris, France;10;1.2
I5397;1/07/2026 12:43;U092;P035;TipInt005;Holiday Sale;New York, USA;-;1.3
I5398;10/22/2025 14:50;U119;P060;TipInt005;Holiday Sale;London, UK;9;3.2
I5399;9/30/2025 00:22;U146;P069;TipInt002;Black Friday;New York, USA;8;1.4
I5400;1/05/2026 05:19;U128;P034;TipInt004;Spring Sale;Sydney, Australia;4;4.8
I5401;10/03/2025 16:52;U143;P017;TipInt003;Spring Sale;Sydney, Australia;-;3.2
I5402;10/08/2025 02:27;U073;P011;TipInt005;Holiday Sale;London, UK;9;3.8
I5403;10/31/2025 18:10;U065;P058;TipInt005;Spring Sale;Sydney, Australia;2;3.1
I5404;10/11/2025 19:33;U026;P056;TipInt001;Holiday Sale;Paris, France;8;2.2
I5405;11/23/2025 07:42;U131;P039;TipInt002;Black Friday;Paris, France;3;1.7
I5406;11/08/2025 12:50;U095;P006;TipInt003;Cyber Monday;London, UK;9;5
I5407;11/20/2025 04:26;U009;P022;TipInt004;Spring Sale;Paris, France;5;4.9
I5408;1/12/2026 17:19;U060;P026;TipInt005;Regular Day;Sydney, Australia;5;2
I5409;11/16/2025 16:45;U134;P033;TipInt004;Holiday Sale;Paris, France;9;2.6
I5410;1/23/2026 10:53;U143;P068;TipInt002;Spring Sale;Sydney, Australia;4;1.8
I5411;11/04/2025 08:47;U087;P097;TipInt004;Holiday Sale;Paris, France;5;4.1
I5412;10/08/2025 04:13;U056;P021;TipInt001;Regular Day;London, UK;10;3.6
I5413;10/10/2025 10:50;U067;P032;TipInt003;Cyber Monday;Toronto, Canada;2;3.7
I5414;12/10/2025 15:54;U005;P004;TipInt003;Spring Sale;London, UK;5;1.7
I5415;12/22/2025 09:10;U019;P041;TipInt004;Spring Sale;Sydney, Australia;4;2.5
I5416;10/04/2025 04:04;U058;P014;TipInt002;Cyber Monday;Berlin, Germany;3;4.2
I5417;11/25/2025 11:30;U121;P024;TipInt001;Black Friday;Sydney, Australia;9;2.8
I5418;11/24/2025 09:26;U068;P051;TipInt001;Black Friday;New York, USA;-;2.5
I5419;12/14/2025 08:10;U098;P036;TipInt003;Black Friday;Sydney, Australia;10;4.1
I5420;11/14/2025 08:20;U141;P057;TipInt003;Holiday Sale;Berlin, Germany;9;1.1
I5421;1/25/2026 09:54;U047;P038;TipInt005;Cyber Monday;London, UK;9;4.8
I5422;1/25/2026 15:43;U046;P084;TipInt006;Cyber Monday;Paris, France;1;3.2
I5423;10/02/2025 04:46;U021;P046;TipInt006;Cyber Monday;Sydney, Australia;2;4.3
I5424;10/21/2025 18:34;U068;P030;TipInt002;Holiday Sale;Toronto, Canada;2;3.1
I5425;1/15/2026 09:23;U128;P096;TipInt004;Spring Sale;Berlin, Germany;8;3.8
I5426;11/12/2025 05:44;U058;P093;TipInt005;Regular Day;Sydney, Australia;10;1.8
I5427;10/09/2025 06:25;U119;P073;TipInt004;Black Friday;Berlin, Germany;10;1.6
I5428;1/26/2026 11:07;U079;P033;TipInt001;Regular Day;Berlin, Germany;7;1.5
I5429;11/16/2025 06:34;U016;P042;TipInt002;Cyber Monday;Berlin, Germany;3;1.5
I5430;11/09/2025 02:09;U106;P007;TipInt002;Holiday Sale;New York, USA;8;4.5
I5431;1/25/2026 05:00;U085;P042;TipInt002;Cyber Monday;Berlin, Germany;3;4.7
I5432;11/06/2025 18:30;U127;P078;TipInt004;Regular Day;Sydney, Australia;5;3.4
I5433;12/11/2025 18:20;U089;P074;TipInt006;Black Friday;Paris, France;2;4.3
I5434;10/12/2025 00:37;U078;P061;TipInt001;Cyber Monday;Berlin, Germany;3;2.7
I5435;11/05/2025 02:52;U098;P032;TipInt005;Spring Sale;Toronto, Canada;7;3.5
I5436;11/13/2025 14:37;U080;P079;TipInt006;Regular Day;Berlin, Germany;9;2.1
I5437;11/15/2025 05:55;U113;P008;TipInt004;Black Friday;Berlin, Germany;8;1.1
I5438;11/08/2025 03:11;U005;P003;TipInt004;Cyber Monday;Berlin, Germany;6;4.4
I5439;1/30/2026 14:04;U123;P023;TipInt005;Spring Sale;Toronto, Canada;6;4.7
I5440;12/17/2025 03:15;U013;P077;TipInt006;Spring Sale;Paris, France;6;2.1
I5441;11/27/2025 04:53;U013;P001;TipInt006;Black Friday;Sydney, Australia;9;1.4
I5442;1/29/2026 10:49;U140;P011;TipInt004;Black Friday;New York, USA;6;4.3
I5443;12/26/2025 07:23;U037;P082;TipInt001;Spring Sale;Toronto, Canada;8;1.6
I5444;11/03/2025 19:08;U008;P059;TipInt006;Holiday Sale;New York, USA;7;4.1
I5445;1/10/2026 17:49;U100;P056;TipInt006;Cyber Monday;Paris, France;6;4.3
I5446;12/09/2025 11:47;U052;P039;TipInt005;Black Friday;London, UK;2;1
I5447;11/13/2025 14:33;U054;P039;TipInt002;Regular Day;Toronto, Canada;4;2
I5448;12/11/2025 15:47;U024;P057;TipInt002;Holiday Sale;Sydney, Australia;10;2.7
I5449;12/24/2025 08:06;U006;P025;TipInt006;Cyber Monday;London, UK;6;1.1
I5450;12/17/2025 14:41;U031;P087;TipInt001;Regular Day;Sydney, Australia;9;3.8
I5451;12/21/2025 13:05;U107;P037;TipInt005;Holiday Sale;Toronto, Canada;3;4.6
I5452;10/22/2025 09:11;U072;P025;TipInt003;Regular Day;New York, USA;10;1.5
I5453;11/30/2025 05:34;U106;P045;TipInt001;Holiday Sale;New York, USA;1;4.6
I5454;12/10/2025 06:57;U079;P067;TipInt005;Black Friday;Sydney, Australia;1;3.5
I5455;1/04/2026 22:29;U030;P093;TipInt003;Holiday Sale;New York, USA;6;2.8
I5456;12/29/2025 11:11;U124;P086;TipInt001;Spring Sale;New York, USA;5;4.1
I5457;11/21/2025 09:08;U094;P047;TipInt003;Holiday Sale;Paris, France;6;4.9
I5458;10/23/2025 00:52;U110;P079;TipInt005;Spring Sale;Berlin, Germany;2;1.5
I5459;1/17/2026 06:19;U096;P050;TipInt005;Spring Sale;New York, USA;2;2.1
I5460;11/13/2025 20:36;U015;P064;TipInt002;Cyber Monday;Sydney, Australia;5;2.4
I5461;10/05/2025 07:23;U115;P009;TipInt005;Cyber Monday;Toronto, Canada;5;4.3
I5462;11/24/2025 20:17;U003;P027;TipInt001;Regular Day;Paris, France;4;4.9
I5463;10/18/2025 15:27;U007;P089;TipInt005;Holiday Sale;Toronto, Canada;-;2.5
I5464;1/25/2026 22:54;U107;P019;TipInt001;Black Friday;Toronto, Canada;5;4.1
I5465;10/14/2025 06:22;U092;P097;TipInt003;Regular Day;New York, USA;10;2.4
I5466;1/04/2026 22:34;U021;P052;TipInt003;Black Friday;Paris, France;1;3.1
I5467;1/28/2026 03:36;U138;P068;TipInt003;Holiday Sale;Toronto, Canada;-;3.5
I5468;12/03/2025 00:17;U052;P070;TipInt004;Regular Day;Paris, France;3;1.8
I5469;11/07/2025 01:02;U103;P074;TipInt004;Black Friday;Paris, France;5;4.1
I5470;11/26/2025 01:27;U132;P072;TipInt002;Black Friday;Sydney, Australia;7;3.3
I5471;10/01/2025 17:36;U032;P030;TipInt001;Black Friday;Berlin, Germany;2;3.9
I5472;11/05/2025 11:03;U060;P087;TipInt005;Cyber Monday;New York, USA;4;2.7
I5473;10/14/2025 19:42;U077;P067;TipInt004;Holiday Sale;New York, USA;9;3.7
I5474;1/16/2026 10:59;U023;P041;TipInt001;Cyber Monday;London, UK;2;1.2
I5475;1/10/2026 08:44;U041;P046;TipInt001;Cyber Monday;New York, USA;10;2.7
I5476;11/15/2025 12:53;U054;P082;TipInt003;Spring Sale;New York, USA;2;2.5
I5477;12/23/2025 15:58;U114;P081;TipInt001;Regular Day;Berlin, Germany;-;2
I5478;1/05/2026 06:20;U101;P022;TipInt004;Spring Sale;Sydney, Australia;4;5
I5479;12/28/2025 14:52;U099;P050;TipInt005;Regular Day;London, UK;7;3.6
I5480;12/28/2025 05:42;U107;P056;TipInt005;Holiday Sale;Sydney, Australia;3;3.7
I5481;10/01/2025 13:06;U063;P076;TipInt006;Regular Day;Sydney, Australia;2;1.5
I5482;12/19/2025 23:34;U127;P006;TipInt005;Regular Day;Berlin, Germany;5;1.3
I5483;1/04/2026 03:47;U034;P025;TipInt005;Spring Sale;London, UK;7;3.7
I5484;10/20/2025 13:36;U089;P067;TipInt004;Spring Sale;Sydney, Australia;4;1.9
I5485;1/08/2026 15:15;U020;P009;TipInt004;Cyber Monday;Berlin, Germany;1;1.5
I5486;12/21/2025 02:33;U080;P063;TipInt002;Regular Day;Sydney, Australia;1;4
I5487;11/07/2025 00:46;U036;P055;TipInt003;Regular Day;London, UK;4;2.3
I5488;11/28/2025 23:48;U117;P075;TipInt001;Black Friday;Toronto, Canada;6;2.9
I5489;12/14/2025 18:01;U079;P012;TipInt003;Holiday Sale;London, UK;5;1.7
I5490;11/01/2025 01:10;U077;P047;TipInt005;Regular Day;Sydney, Australia;8;1.5
I5491;1/17/2026 21:42;U093;P062;TipInt002;Black Friday;Toronto, Canada;7;1.1
I5492;10/20/2025 09:54;U006;P021;TipInt006;Black Friday;London, UK;10;3.9
I5493;1/23/2026 14:18;U029;P018;TipInt006;Holiday Sale;London, UK;6;3.3
I5494;1/08/2026 03:16;U125;P009;TipInt001;Cyber Monday;London, UK;2;3.1
I5495;11/07/2025 05:32;U062;P056;TipInt005;Black Friday;London, UK;10;2.6
I5496;1/01/2026 23:47;U129;P076;TipInt002;Cyber Monday;Sydney, Australia;4;2.1
I5497;10/23/2025 04:39;U067;P017;TipInt002;Black Friday;Paris, France;5;3.9
I5498;1/15/2026 08:56;U072;P073;TipInt003;Black Friday;Paris, France;1;3.8
I5499;11/11/2025 15:51;U121;P057;TipInt006;Cyber Monday;Toronto, Canada;2;4.1
I5500;1/04/2026 15:37;U082;P027;TipInt003;Regular Day;Paris, France;5;3.4
I5501;12/07/2025 09:47;U086;P024;TipInt002;Cyber Monday;London, UK;2;1.9
I5502;11/01/2025 20:44;U102;P096;TipInt002;Holiday Sale;Berlin, Germany;9;3.5
I5503;11/20/2025 05:06;U141;P006;TipInt001;Spring Sale;Toronto, Canada;6;4.3
I5504;12/03/2025 00:18;U003;P048;TipInt001;Holiday Sale;Paris, France;-;4.6
I5505;10/27/2025 03:17;U084;P087;TipInt003;Regular Day;Sydney, Australia;10;4.5
I5506;12/21/2025 12:40;U029;P066;TipInt003;Holiday Sale;Toronto, Canada;-;4.1
I5507;11/20/2025 02:37;U015;P083;TipInt002;Spring Sale;Toronto, Canada;8;2.4
I5508;11/28/2025 14:02;U002;P015;TipInt002;Cyber Monday;New York, USA;3;4.9
I5509;1/14/2026 21:24;U038;P040;TipInt006;Regular Day;Sydney, Australia;7;3.7
I5510;1/15/2026 16:07;U037;P095;TipInt005;Black Friday;London, UK;8;1.3
I5511;11/08/2025 12:12;U012;P033;TipInt003;Holiday Sale;Toronto, Canada;9;3.1
I5512;1/22/2026 11:30;U108;P044;TipInt004;Cyber Monday;Sydney, Australia;2;3.9
I5513;12/14/2025 15:24;U093;P066;TipInt006;Regular Day;Sydney, Australia;10;4
I5514;11/26/2025 00:28;U090;P066;TipInt004;Regular Day;Paris, France;10;2.8
I5515;1/09/2026 00:07;U140;P064;TipInt005;Black Friday;Berlin, Germany;6;4.8
I5516;12/17/2025 21:29;U009;P083;TipInt004;Cyber Monday;New York, USA;1;4.1
I5517;1/23/2026 15:55;U101;P044;TipInt005;Cyber Monday;New York, USA;4;3.1
I5518;1/24/2026 03:39;U026;P019;TipInt001;Black Friday;Berlin, Germany;4;2.7
I5519;10/18/2025 21:44;U124;P004;TipInt005;Spring Sale;Sydney, Australia;10;2.5
I5520;1/03/2026 23:39;U071;P039;TipInt002;Black Friday;Berlin, Germany;4;1.3
I5521;1/02/2026 06:09;U105;P037;TipInt004;Cyber Monday;Paris, France;8;1.5
I5522;1/11/2026 10:06;U064;P016;TipInt005;Black Friday;London, UK;-;2.9
I5523;10/17/2025 02:06;U084;P095;TipInt003;Cyber Monday;Paris, France;10;1.3
I5524;1/12/2026 04:58;U019;P071;TipInt006;Cyber Monday;Sydney, Australia;2;4.2
I5525;11/23/2025 03:46;U097;P058;TipInt002;Cyber Monday;Paris, France;5;2.3
I5526;12/26/2025 22:57;U090;P053;TipInt006;Holiday Sale;Toronto, Canada;5;1.2
I5527;10/23/2025 18:14;U121;P003;TipInt001;Cyber Monday;Toronto, Canada;1;1
I5528;10/03/2025 17:20;U106;P044;TipInt006;Regular Day;London, UK;10;3
I5529;12/04/2025 00:58;U023;P014;TipInt005;Black Friday;Sydney, Australia;1;4.6
I5530;1/29/2026 01:32;U020;P088;TipInt006;Regular Day;Berlin, Germany;9;4.6
I5531;10/09/2025 17:58;U094;P040;TipInt004;Spring Sale;Paris, France;1;2
I5532;12/24/2025 17:40;U088;P012;TipInt006;Black Friday;Sydney, Australia;2;4.4
I5533;11/11/2025 14:22;U131;P072;TipInt005;Regular Day;Berlin, Germany;2;2.3
I5534;12/19/2025 15:28;U019;P087;TipInt005;Holiday Sale;Toronto, Canada;-;4.1
I5535;12/14/2025 18:33;U089;P006;TipInt002;Regular Day;New York, USA;10;3.4
I5536;10/03/2025 03:47;U054;P038;TipInt002;Spring Sale;Toronto, Canada;9;3
I5537;12/03/2025 08:27;U016;P026;TipInt001;Holiday Sale;Paris, France;-;4.5
I5538;1/25/2026 10:25;U134;P070;TipInt005;Spring Sale;Sydney, Australia;1;1.3
I5539;1/03/2026 14:20;U087;P058;TipInt005;Regular Day;Toronto, Canada;6;1.3
I5540;9/30/2025 21:10;U035;P028;TipInt002;Spring Sale;Berlin, Germany;8;1
I5541;1/14/2026 04:03;U047;P010;TipInt002;Holiday Sale;Paris, France;4;5
I5542;12/27/2025 05:14;U089;P071;TipInt006;Regular Day;Berlin, Germany;8;3.5
I5543;10/13/2025 13:59;U143;P064;TipInt003;Holiday Sale;Toronto, Canada;9;3.5
I5544;1/01/2026 21:34;U106;P004;TipInt005;Regular Day;Toronto, Canada;8;2.7
I5545;11/19/2025 23:33;U115;P007;TipInt005;Cyber Monday;Berlin, Germany;10;2.3
I5546;1/09/2026 13:21;U099;P042;TipInt002;Black Friday;London, UK;6;3.1
I5547;11/14/2025 16:56;U043;P074;TipInt002;Cyber Monday;Toronto, Canada;-;4.4
I5548;1/21/2026 15:23;U148;P029;TipInt001;Regular Day;Berlin, Germany;10;3.4
I5549;10/03/2025 06:39;U033;P055;TipInt001;Holiday Sale;New York, USA;-;4.2
I5550;11/09/2025 08:59;U075;P043;TipInt004;Black Friday;Sydney, Australia;2;5
I5551;12/16/2025 10:14;U004;P088;TipInt003;Black Friday;Sydney, Australia;4;3.9
I5552;12/07/2025 18:03;U085;P086;TipInt006;Black Friday;Toronto, Canada;-;4.9
I5553;11/21/2025 13:47;U147;P066;TipInt006;Spring Sale;Toronto, Canada;3;2.6
I5554;10/21/2025 15:02;U142;P069;TipInt006;Cyber Monday;Toronto, Canada;5;2.9
I5555;10/22/2025 20:36;U018;P023;TipInt001;Black Friday;Paris, France;5;3.2
I5556;11/13/2025 18:17;U029;P044;TipInt004;Black Friday;London, UK;4;4.2
I5557;11/30/2025 06:32;U115;P004;TipInt002;Black Friday;Paris, France;3;3.4
I5558;1/15/2026 03:40;U054;P078;TipInt004;Regular Day;Paris, France;5;3.6
I5559;10/18/2025 17:00;U126;P089;TipInt002;Regular Day;New York, USA;7;1.2
I5560;10/24/2025 23:54;U113;P002;TipInt005;Spring Sale;Berlin, Germany;5;1.1
I5561;10/24/2025 19:28;U046;P013;TipInt003;Cyber Monday;New York, USA;6;3.7
I5562;12/16/2025 07:15;U022;P041;TipInt006;Holiday Sale;Berlin, Germany;3;1.9
I5563;12/06/2025 22:55;U032;P060;TipInt001;Spring Sale;New York, USA;-;1.7
I5564;1/19/2026 22:22;U040;P030;TipInt004;Black Friday;Toronto, Canada;1;2.8
I5565;1/29/2026 19:39;U138;P042;TipInt002;Black Friday;Berlin, Germany;3;3.3
I5566;1/25/2026 16:36;U079;P057;TipInt003;Holiday Sale;London, UK;-;4
I5567;10/07/2025 14:49;U097;P061;TipInt003;Spring Sale;Paris, France;8;2
I5568;1/15/2026 18:02;U140;P024;TipInt001;Holiday Sale;Sydney, Australia;4;1.6
I5569;12/02/2025 12:00;U080;P085;TipInt004;Regular Day;Berlin, Germany;8;4.9
I5570;12/09/2025 08:21;U120;P049;TipInt005;Black Friday;Toronto, Canada;-;3.7
I5571;11/27/2025 09:59;U088;P004;TipInt003;Black Friday;Toronto, Canada;5;3.1
I5572;1/31/2026 10:46;U137;P050;TipInt002;Cyber Monday;Berlin, Germany;5;4.7
I5573;11/20/2025 06:52;U103;P078;TipInt002;Regular Day;New York, USA;4;3.9
I5574;12/16/2025 20:30;U024;P081;TipInt002;Spring Sale;Paris, France;8;4.1
I5575;10/16/2025 01:48;U134;P092;TipInt004;Regular Day;Paris, France;10;1.9
I5576;11/17/2025 08:26;U122;P047;TipInt001;Holiday Sale;London, UK;1;3.7
I5577;12/26/2025 11:40;U104;P021;TipInt003;Holiday Sale;Berlin, Germany;10;3.5
I5578;1/05/2026 00:43;U012;P055;TipInt006;Spring Sale;London, UK;3;4.6
I5579;11/21/2025 22:47;U087;P075;TipInt005;Regular Day;London, UK;8;3.4
I5580;10/23/2025 10:12;U019;P068;TipInt005;Regular Day;New York, USA;9;2.6
I5581;12/23/2025 00:51;U069;P060;TipInt005;Black Friday;Paris, France;4;3.4
I5582;12/30/2025 07:11;U068;P049;TipInt002;Holiday Sale;Sydney, Australia;5;1.7
I5583;12/29/2025 08:39;U068;P058;TipInt003;Regular Day;Toronto, Canada;7;1.3
I5584;1/24/2026 13:12;U146;P086;TipInt006;Regular Day;London, UK;9;2.1
I5585;12/11/2025 03:26;U038;P004;TipInt005;Regular Day;Berlin, Germany;6;2
I5586;10/26/2025 10:33;U076;P012;TipInt004;Cyber Monday;Berlin, Germany;4;4.4
I5587;10/05/2025 13:18;U026;P028;TipInt005;Spring Sale;New York, USA;6;2.5
I5588;9/30/2025 14:01;U012;P008;TipInt004;Cyber Monday;Sydney, Australia;4;3.5
I5589;1/09/2026 20:28;U115;P084;TipInt004;Holiday Sale;Sydney, Australia;2;1.5
I5590;1/09/2026 14:50;U026;P055;TipInt005;Black Friday;Paris, France;-;3.3
I5591;11/26/2025 20:55;U139;P016;TipInt006;Black Friday;Paris, France;9;3.5
I5592;1/22/2026 04:58;U083;P041;TipInt001;Holiday Sale;New York, USA;4;3.4
I5593;10/28/2025 04:30;U014;P052;TipInt005;Cyber Monday;Paris, France;7;3
I5594;1/28/2026 17:27;U113;P016;TipInt004;Black Friday;London, UK;4;4.7
I5595;12/09/2025 03:19;U105;P092;TipInt006;Cyber Monday;Berlin, Germany;5;1.6
I5596;10/30/2025 19:18;U091;P049;TipInt004;Black Friday;Toronto, Canada;4;1.5
I5597;11/18/2025 22:11;U047;P086;TipInt004;Regular Day;London, UK;6;2.1
I5598;1/07/2026 00:33;U019;P049;TipInt002;Spring Sale;Berlin, Germany;1;4.9
I5599;12/07/2025 03:45;U042;P056;TipInt001;Black Friday;Paris, France;6;4.7
I5600;10/17/2025 04:54;U053;P043;TipInt004;Black Friday;Berlin, Germany;3;1.1
I5601;1/14/2026 19:14;U090;P071;TipInt001;Cyber Monday;New York, USA;9;1.5
I5602;1/06/2026 07:07;U099;P017;TipInt004;Regular Day;London, UK;4;2.5
I5603;10/01/2025 02:59;U142;P050;TipInt003;Spring Sale;Toronto, Canada;1;3.7
I5604;12/31/2025 03:10;U099;P022;TipInt003;Cyber Monday;Paris, France;10;4.2
I5605;10/05/2025 20:03;U047;P085;TipInt003;Regular Day;Paris, France;6;1.6
I5606;10/13/2025 12:14;U052;P003;TipInt006;Spring Sale;Berlin, Germany;8;4.5
I5607;11/11/2025 21:47;U122;P041;TipInt001;Cyber Monday;Paris, France;3;4.4
I5608;11/27/2025 23:38;U049;P011;TipInt006;Black Friday;Paris, France;8;4.4
I5609;12/23/2025 17:30;U019;P083;TipInt004;Spring Sale;Toronto, Canada;2;3.6
I5610;11/12/2025 19:29;U084;P076;TipInt005;Spring Sale;London, UK;3;3.2
I5611;10/24/2025 07:06;U055;P097;TipInt005;Holiday Sale;New York, USA;9;1.9
I5612;10/10/2025 21:17;U095;P009;TipInt004;Holiday Sale;Sydney, Australia;1;2.6
I5613;1/03/2026 13:55;U105;P078;TipInt001;Spring Sale;London, UK;8;1.8
I5614;11/26/2025 02:09;U029;P041;TipInt005;Regular Day;Sydney, Australia;3;1
I5615;10/10/2025 11:46;U088;P025;TipInt001;Spring Sale;New York, USA;10;2.6
I5616;10/11/2025 01:59;U076;P020;TipInt005;Holiday Sale;New York, USA;5;4.7
I5617;1/23/2026 05:27;U103;P019;TipInt003;Spring Sale;Sydney, Australia;2;4.7
I5618;12/29/2025 20:51;U103;P055;TipInt001;Holiday Sale;Berlin, Germany;9;3.8
I5619;12/06/2025 14:01;U009;P080;TipInt004;Cyber Monday;London, UK;4;2.3
I5620;12/31/2025 17:22;U119;P064;TipInt002;Holiday Sale;Sydney, Australia;9;4.2
I5621;11/04/2025 06:48;U005;P094;TipInt003;Cyber Monday;London, UK;6;3.1
I5622;10/20/2025 10:39;U047;P031;TipInt003;Cyber Monday;Paris, France;10;2.8
I5623;1/06/2026 15:21;U105;P073;TipInt005;Regular Day;Toronto, Canada;6;1.1
I5624;11/13/2025 18:55;U039;P017;TipInt001;Spring Sale;Sydney, Australia;3;3.1
I5625;1/01/2026 11:29;U077;P075;TipInt001;Cyber Monday;Sydney, Australia;7;1.8
I5626;10/18/2025 19:12;U034;P056;TipInt001;Black Friday;Sydney, Australia;4;3.9
I5627;1/23/2026 16:30;U029;P023;TipInt006;Regular Day;Berlin, Germany;-;1.4
I5628;10/10/2025 13:13;U022;P010;TipInt004;Spring Sale;Toronto, Canada;3;3
I5629;12/11/2025 03:43;U024;P007;TipInt006;Spring Sale;Sydney, Australia;9;2
I5630;12/02/2025 15:06;U111;P041;TipInt004;Regular Day;Sydney, Australia;9;1.1
I5631;11/14/2025 08:57;U119;P018;TipInt003;Cyber Monday;Berlin, Germany;8;3.1
I5632;1/23/2026 13:34;U059;P045;TipInt005;Regular Day;New York, USA;9;1.1
I5633;1/08/2026 04:17;U124;P003;TipInt003;Holiday Sale;London, UK;10;1.3
I5634;10/30/2025 15:40;U012;P016;TipInt005;Regular Day;Sydney, Australia;8;1.4
I5635;10/15/2025 14:48;U095;P010;TipInt003;Holiday Sale;New York, USA;1;1.6
I5636;1/16/2026 03:48;U136;P042;TipInt004;Cyber Monday;Paris, France;2;1.4
I5637;12/31/2025 02:12;U030;P037;TipInt004;Regular Day;New York, USA;6;4.8
I5638;12/15/2025 00:20;U138;P074;TipInt001;Black Friday;London, UK;8;1.2
I5639;10/12/2025 10:06;U019;P096;TipInt002;Holiday Sale;New York, USA;3;3.8
I5640;1/16/2026 08:00;U106;P039;TipInt001;Cyber Monday;Toronto, Canada;9;4.4
I5641;10/02/2025 04:07;U137;P008;TipInt004;Regular Day;Toronto, Canada;10;1.8
I5642;10/25/2025 03:24;U009;P021;TipInt001;Black Friday;Berlin, Germany;9;3.6
I5643;11/01/2025 15:29;U036;P035;TipInt005;Cyber Monday;New York, USA;9;4.8
I5644;12/26/2025 02:37;U133;P047;TipInt005;Spring Sale;New York, USA;9;1.9
I5645;10/05/2025 14:41;U022;P051;TipInt002;Black Friday;Berlin, Germany;4;4.6
I5646;10/12/2025 07:21;U106;P081;TipInt001;Regular Day;Sydney, Australia;9;4.6
I5647;9/30/2025 22:51;U080;P059;TipInt002;Black Friday;Sydney, Australia;9;1.8
I5648;11/24/2025 21:15;U099;P082;TipInt005;Holiday Sale;London, UK;2;2.1
I5649;12/09/2025 14:26;U115;P081;TipInt001;Holiday Sale;New York, USA;4;4
I5650;11/08/2025 07:57;U037;P097;TipInt004;Spring Sale;Berlin, Germany;4;1.8
I5651;10/05/2025 01:40;U141;P086;TipInt001;Cyber Monday;Paris, France;10;1.5
I5652;10/19/2025 03:28;U009;P074;TipInt005;Spring Sale;Toronto, Canada;8;3.1
I5653;11/13/2025 20:58;U012;P076;TipInt004;Spring Sale;Sydney, Australia;4;1.4
I5654;1/09/2026 14:08;U089;P048;TipInt001;Black Friday;Toronto, Canada;5;4.8
I5655;1/28/2026 10:58;U081;P050;TipInt005;Holiday Sale;New York, USA;2;3.5
I5656;1/02/2026 15:29;U102;P080;TipInt002;Spring Sale;Berlin, Germany;3;3.3
I5657;12/12/2025 07:09;U033;P020;TipInt005;Regular Day;New York, USA;8;1.7
I5658;12/20/2025 14:41;U038;P090;TipInt001;Spring Sale;Sydney, Australia;-;2.3
I5659;12/22/2025 05:04;U031;P070;TipInt002;Cyber Monday;Paris, France;1;3.6
I5660;1/07/2026 16:42;U091;P071;TipInt005;Holiday Sale;Paris, France;7;4
I5661;10/14/2025 00:20;U135;P073;TipInt004;Spring Sale;London, UK;8;4.1
I5662;11/05/2025 21:14;U113;P079;TipInt002;Cyber Monday;Toronto, Canada;4;1.1
I5663;11/16/2025 23:56;U070;P013;TipInt001;Holiday Sale;Sydney, Australia;5;3.1
I5664;1/14/2026 17:22;U063;P072;TipInt004;Regular Day;New York, USA;7;2.2
I5665;10/13/2025 09:56;U123;P029;TipInt002;Regular Day;New York, USA;-;3.4
I5666;12/23/2025 11:52;U025;P012;TipInt006;Spring Sale;Sydney, Australia;1;1.8
I5667;11/17/2025 06:05;U098;P011;TipInt001;Cyber Monday;Berlin, Germany;9;1.9
I5668;11/20/2025 20:50;U145;P008;TipInt001;Regular Day;London, UK;3;1.9
I5669;11/25/2025 07:35;U004;P063;TipInt004;Holiday Sale;Berlin, Germany;9;3.6
I5670;1/31/2026 00:18;U063;P016;TipInt005;Cyber Monday;Paris, France;-;1.9
I5671;12/09/2025 19:32;U001;P064;TipInt001;Black Friday;Paris, France;7;2.6
I5672;10/23/2025 14:29;U021;P081;TipInt005;Black Friday;Berlin, Germany;7;3.1
I5673;11/14/2025 20:34;U137;P036;TipInt006;Regular Day;Paris, France;1;2.1
I5674;12/24/2025 14:28;U006;P074;TipInt003;Black Friday;Toronto, Canada;6;1.5
I5675;10/24/2025 02:53;U144;P085;TipInt005;Spring Sale;Toronto, Canada;7;1.7
I5676;1/30/2026 10:20;U018;P031;TipInt002;Cyber Monday;Toronto, Canada;7;4.8
I5677;10/19/2025 04:40;U136;P060;TipInt002;Cyber Monday;Berlin, Germany;4;4.4
I5678;11/21/2025 23:56;U137;P041;TipInt002;Holiday Sale;Berlin, Germany;10;4.9
I5679;12/27/2025 05:19;U097;P018;TipInt006;Regular Day;Toronto, Canada;3;2.4
I5680;1/12/2026 04:06;U071;P054;TipInt005;Regular Day;Berlin, Germany;9;4.6
I5681;12/04/2025 22:45;U099;P006;TipInt004;Regular Day;London, UK;9;1.6
I5682;9/29/2025 11:24;U142;P008;TipInt001;Holiday Sale;London, UK;10;2.3
I5683;11/16/2025 20:40;U150;P049;TipInt005;Regular Day;Toronto, Canada;5;2.4
I5684;11/20/2025 03:40;U072;P068;TipInt001;Regular Day;New York, USA;2;4.6
I5685;12/23/2025 10:04;U148;P082;TipInt005;Regular Day;Paris, France;10;2.1
I5686;1/01/2026 12:45;U131;P013;TipInt001;Spring Sale;New York, USA;8;4.9
I5687;1/04/2026 05:58;U058;P098;TipInt001;Holiday Sale;Berlin, Germany;6;2
I5688;1/06/2026 22:04;U077;P073;TipInt002;Regular Day;Sydney, Australia;7;3.8
I5689;10/20/2025 08:31;U072;P093;TipInt001;Holiday Sale;Paris, France;2;2.4
I5690;1/13/2026 09:19;U022;P072;TipInt005;Spring Sale;Sydney, Australia;1;4.3
I5691;10/06/2025 14:54;U080;P073;TipInt002;Cyber Monday;London, UK;5;2.9
I5692;11/04/2025 20:00;U142;P080;TipInt005;Cyber Monday;New York, USA;8;1.2
I5693;11/15/2025 21:44;U140;P086;TipInt006;Spring Sale;Toronto, Canada;2;3.8
I5694;12/10/2025 22:02;U071;P037;TipInt005;Black Friday;Toronto, Canada;8;2.6
I5695;1/13/2026 19:20;U071;P061;TipInt006;Cyber Monday;Toronto, Canada;10;4.9
I5696;10/29/2025 07:51;U114;P021;TipInt003;Black Friday;Sydney, Australia;3;1
I5697;1/27/2026 03:36;U046;P044;TipInt001;Cyber Monday;Sydney, Australia;-;2.2
I5698;11/12/2025 15:29;U133;P016;TipInt001;Holiday Sale;Berlin, Germany;3;4.7
I5699;11/12/2025 17:08;U067;P048;TipInt003;Cyber Monday;New York, USA;7;3.4
I5700;1/07/2026 02:51;U092;P008;TipInt006;Holiday Sale;Berlin, Germany;9;2.6
I5701;11/24/2025 04:22;U048;P013;TipInt001;Black Friday;London, UK;5;3.3
I5702;10/09/2025 04:56;U136;P062;TipInt002;Holiday Sale;New York, USA;6;2.6
I5703;1/24/2026 17:03;U118;P018;TipInt006;Holiday Sale;New York, USA;2;4
I5704;12/19/2025 01:36;U150;P009;TipInt005;Holiday Sale;London, UK;-;1.1
I5705;11/20/2025 00:02;U016;P095;TipInt005;Holiday Sale;New York, USA;6;2
I5706;11/07/2025 21:18;U068;P064;TipInt002;Holiday Sale;New York, USA;3;3.7
I5707;11/12/2025 13:13;U074;P010;TipInt005;Holiday Sale;New York, USA;9;4.4
I5708;10/30/2025 16:31;U055;P026;TipInt004;Cyber Monday;Sydney, Australia;3;1.9
I5709;11/08/2025 04:59;U135;P017;TipInt004;Regular Day;London, UK;9;2.9
I5710;11/07/2025 17:55;U132;P022;TipInt004;Black Friday;Toronto, Canada;7;3
I5711;1/28/2026 05:05;U111;P040;TipInt003;Spring Sale;Toronto, Canada;8;1.5
I5712;12/10/2025 15:24;U079;P006;TipInt006;Regular Day;Berlin, Germany;7;4.9
I5713;10/26/2025 03:56;U043;P004;TipInt001;Holiday Sale;Toronto, Canada;9;2.9
I5714;12/29/2025 09:54;U093;P070;TipInt001;Cyber Monday;Berlin, Germany;-;4.5
I5715;12/14/2025 23:27;U093;P026;TipInt002;Regular Day;Sydney, Australia;10;4.5
I5716;12/16/2025 05:04;U097;P066;TipInt006;Spring Sale;New York, USA;9;4.2
I5717;12/03/2025 10:14;U087;P046;TipInt006;Regular Day;London, UK;9;1.1
I5718;11/04/2025 20:49;U017;P003;TipInt004;Spring Sale;London, UK;10;1.3
I5719;1/02/2026 18:31;U018;P079;TipInt001;Holiday Sale;London, UK;7;3.4
I5720;1/17/2026 22:53;U079;P053;TipInt005;Holiday Sale;New York, USA;8;3.4
I5721;1/18/2026 09:08;U142;P046;TipInt003;Holiday Sale;Toronto, Canada;1;1.9
I5722;1/30/2026 05:37;U126;P015;TipInt002;Cyber Monday;Toronto, Canada;6;1.1
I5723;11/01/2025 03:03;U115;P020;TipInt005;Black Friday;Toronto, Canada;4;1.4
I5724;12/29/2025 01:30;U093;P008;TipInt001;Regular Day;Toronto, Canada;10;2.2
I5725;10/20/2025 15:36;U054;P053;TipInt004;Holiday Sale;Toronto, Canada;9;4.4
I5726;11/11/2025 18:59;U037;P039;TipInt001;Black Friday;Berlin, Germany;2;3.1
I5727;12/09/2025 08:33;U005;P062;TipInt003;Regular Day;Toronto, Canada;4;1.5
I5728;10/31/2025 15:19;U046;P019;TipInt002;Cyber Monday;Toronto, Canada;-;4.7
I5729;12/17/2025 02:14;U026;P015;TipInt001;Holiday Sale;Toronto, Canada;9;4.5
I5730;11/03/2025 15:22;U006;P063;TipInt006;Holiday Sale;Sydney, Australia;6;2.6
I5731;11/22/2025 03:33;U041;P044;TipInt002;Spring Sale;London, UK;5;4.2
I5732;1/05/2026 08:58;U065;P071;TipInt003;Black Friday;Berlin, Germany;5;4.6
I5733;1/11/2026 02:49;U093;P065;TipInt003;Black Friday;New York, USA;2;4.8
I5734;1/02/2026 22:56;U084;P083;TipInt004;Black Friday;Sydney, Australia;9;1.9
I5735;12/15/2025 20:58;U136;P031;TipInt005;Holiday Sale;Toronto, Canada;6;1.7
I5736;1/26/2026 11:57;U016;P004;TipInt006;Holiday Sale;London, UK;7;3.4
I5737;10/30/2025 10:33;U081;P085;TipInt006;Regular Day;Berlin, Germany;9;2.9
I5738;10/20/2025 04:53;U150;P097;TipInt006;Black Friday;Berlin, Germany;9;3.4
I5739;11/05/2025 04:36;U009;P054;TipInt006;Cyber Monday;Paris, France;2;1.9
I5740;10/28/2025 19:13;U018;P026;TipInt002;Holiday Sale;Berlin, Germany;7;3
I5741;11/23/2025 11:03;U086;P045;TipInt006;Spring Sale;London, UK;1;3.3
I5742;10/16/2025 03:28;U066;P025;TipInt003;Cyber Monday;Berlin, Germany;8;1.7
I5743;11/23/2025 17:07;U101;P099;TipInt001;Black Friday;New York, USA;2;3.6
I5744;11/16/2025 04:05;U040;P022;TipInt002;Cyber Monday;New York, USA;4;1.6
I5745;1/03/2026 06:47;U041;P043;TipInt006;Regular Day;Berlin, Germany;10;2.7
I5746;11/20/2025 03:13;U067;P047;TipInt004;Black Friday;London, UK;9;2.4
I5747;11/21/2025 18:51;U134;P035;TipInt003;Cyber Monday;New York, USA;4;4.2
I5748;10/09/2025 04:29;U144;P027;TipInt006;Regular Day;Berlin, Germany;10;2.5
I5749;11/28/2025 07:40;U020;P088;TipInt001;Regular Day;New York, USA;1;3.3
I5750;11/02/2025 11:09;U047;P061;TipInt002;Cyber Monday;London, UK;10;1.3
I5751;1/30/2026 01:01;U021;P062;TipInt003;Spring Sale;Toronto, Canada;2;1.6
I5752;1/17/2026 17:40;U043;P017;TipInt004;Holiday Sale;Toronto, Canada;3;3.5
I5753;11/16/2025 11:52;U091;P072;TipInt005;Black Friday;Berlin, Germany;10;2.2
I5754;12/10/2025 22:43;U128;P037;TipInt006;Regular Day;New York, USA;5;1.5
I5755;11/22/2025 16:46;U061;P011;TipInt003;Black Friday;Paris, France;1;1.5
I5756;1/03/2026 06:34;U126;P062;TipInt006;Holiday Sale;London, UK;2;4.1
I5757;1/11/2026 19:01;U124;P086;TipInt003;Cyber Monday;Paris, France;8;1.8
I5758;1/17/2026 15:05;U063;P063;TipInt006;Regular Day;Paris, France;7;4.3
I5759;11/07/2025 14:40;U056;P075;TipInt001;Cyber Monday;Toronto, Canada;7;2.4
I5760;1/20/2026 23:45;U013;P099;TipInt005;Holiday Sale;New York, USA;6;1.6
I5761;12/29/2025 22:45;U128;P053;TipInt004;Cyber Monday;London, UK;8;2.3
I5762;11/21/2025 10:55;U090;P011;TipInt004;Regular Day;Paris, France;9;1.7
I5763;1/24/2026 11:43;U150;P070;TipInt005;Black Friday;Toronto, Canada;4;3.7
I5764;12/15/2025 20:34;U104;P030;TipInt002;Regular Day;Berlin, Germany;-;2.3
I5765;12/31/2025 13:37;U010;P039;TipInt006;Cyber Monday;Berlin, Germany;4;1.5
I5766;10/31/2025 21:13;U009;P045;TipInt002;Cyber Monday;London, UK;7;4.4
I5767;11/14/2025 07:22;U143;P052;TipInt004;Black Friday;Toronto, Canada;9;4.8
I5768;10/17/2025 07:58;U012;P060;TipInt006;Cyber Monday;New York, USA;6;1.5
I5769;10/18/2025 20:32;U005;P014;TipInt003;Holiday Sale;New York, USA;1;4.1
I5770;12/30/2025 22:29;U144;P099;TipInt002;Regular Day;Sydney, Australia;7;4.6
I5771;10/28/2025 22:35;U140;P094;TipInt005;Cyber Monday;Toronto, Canada;8;2
I5772;11/29/2025 15:38;U013;P083;TipInt005;Black Friday;Sydney, Australia;6;1.3
I5773;10/24/2025 07:12;U079;P027;TipInt005;Cyber Monday;Toronto, Canada;1;2.5
I5774;11/23/2025 07:19;U137;P043;TipInt005;Black Friday;New York, USA;9;2.7
I5775;12/05/2025 23:52;U145;P088;TipInt006;Spring Sale;Paris, France;-;4.5
I5776;11/10/2025 16:10;U064;P013;TipInt006;Holiday Sale;Sydney, Australia;6;4.8
I5777;10/30/2025 01:27;U148;P015;TipInt005;Spring Sale;Berlin, Germany;2;1.7
I5778;10/05/2025 12:03;U121;P063;TipInt006;Spring Sale;Toronto, Canada;3;2
I5779;1/23/2026 09:39;U064;P077;TipInt001;Cyber Monday;Berlin, Germany;1;3.7
I5780;11/14/2025 12:00;U026;P033;TipInt003;Black Friday;London, UK;7;1.9
I5781;1/12/2026 13:29;U104;P097;TipInt005;Holiday Sale;Paris, France;-;1.8
I5782;12/16/2025 08:27;U058;P064;TipInt003;Regular Day;Toronto, Canada;5;3.1
I5783;11/09/2025 02:33;U069;P014;TipInt005;Spring Sale;Paris, France;3;2.3
I5784;10/10/2025 09:44;U074;P015;TipInt002;Black Friday;Berlin, Germany;3;1.6
I5785;10/26/2025 08:17;U056;P084;TipInt006;Regular Day;Toronto, Canada;4;3.4
I5786;1/01/2026 15:21;U040;P033;TipInt001;Regular Day;Sydney, Australia;9;3.3
I5787;12/17/2025 14:06;U048;P071;TipInt006;Holiday Sale;London, UK;9;2.7
I5788;12/22/2025 16:49;U032;P046;TipInt002;Cyber Monday;New York, USA;-;1.8
I5789;12/13/2025 02:54;U034;P077;TipInt005;Regular Day;London, UK;2;4.5
I5790;11/28/2025 20:15;U029;P009;TipInt002;Black Friday;Sydney, Australia;-;4.5
I5791;12/10/2025 00:24;U119;P060;TipInt001;Black Friday;New York, USA;7;2
I5792;1/22/2026 08:15;U009;P042;TipInt005;Regular Day;Toronto, Canada;4;3.7
I5793;11/09/2025 15:57;U119;P088;TipInt001;Black Friday;Paris, France;5;1.9
I5794;1/20/2026 07:50;U049;P066;TipInt002;Spring Sale;Sydney, Australia;7;4.9
I5795;11/20/2025 16:47;U143;P072;TipInt006;Spring Sale;New York, USA;3;3.9
I5796;12/31/2025 04:03;U049;P014;TipInt005;Regular Day;Toronto, Canada;7;4.6
I5797;11/03/2025 09:57;U141;P080;TipInt005;Regular Day;Paris, France;5;1.9
I5798;10/19/2025 07:27;U115;P069;TipInt001;Black Friday;Sydney, Australia;7;3.7
I5799;1/08/2026 22:38;U086;P033;TipInt001;Spring Sale;New York, USA;9;4.6
I5800;11/09/2025 21:53;U038;P074;TipInt001;Black Friday;New York, USA;8;1.4
I5801;1/19/2026 12:13;U113;P018;TipInt003;Regular Day;London, UK;-;1.3
I5802;1/20/2026 11:14;U112;P054;TipInt005;Cyber Monday;Sydney, Australia;1;3.1
I5803;11/14/2025 14:28;U094;P036;TipInt004;Holiday Sale;Sydney, Australia;9;3
I5804;11/27/2025 21:55;U051;P041;TipInt005;Spring Sale;Sydney, Australia;9;4.6
I5805;11/11/2025 13:05;U112;P024;TipInt006;Holiday Sale;Berlin, Germany;9;2.6
I5806;1/07/2026 08:52;U029;P032;TipInt003;Spring Sale;Sydney, Australia;3;1.8
I5807;10/05/2025 08:52;U085;P022;TipInt003;Cyber Monday;Toronto, Canada;8;3
I5808;10/09/2025 02:23;U118;P017;TipInt004;Regular Day;New York, USA;10;3.9
I5809;10/07/2025 20:33;U043;P032;TipInt004;Black Friday;Paris, France;6;2.3
I5810;10/07/2025 16:31;U005;P018;TipInt006;Holiday Sale;Toronto, Canada;2;3
I5811;1/03/2026 18:54;U148;P073;TipInt004;Regular Day;New York, USA;10;4.5
I5812;1/11/2026 05:53;U018;P032;TipInt005;Spring Sale;Sydney, Australia;4;3.2
I5813;12/07/2025 22:06;U061;P049;TipInt003;Black Friday;London, UK;9;4.3
I5814;10/23/2025 09:36;U025;P089;TipInt001;Spring Sale;London, UK;9;2.3
I5815;10/22/2025 18:14;U104;P034;TipInt002;Holiday Sale;Berlin, Germany;9;2.2
I5816;12/31/2025 03:24;U004;P090;TipInt006;Holiday Sale;Sydney, Australia;1;4.4
I5817;11/22/2025 00:28;U115;P021;TipInt004;Cyber Monday;New York, USA;4;4.1
I5818;10/13/2025 09:42;U007;P054;TipInt006;Regular Day;Sydney, Australia;7;1.9
I5819;10/04/2025 03:45;U079;P019;TipInt003;Holiday Sale;New York, USA;5;1.5
I5820;12/09/2025 11:34;U098;P066;TipInt004;Regular Day;London, UK;7;1.2
I5821;1/29/2026 20:45;U036;P067;TipInt003;Regular Day;Sydney, Australia;3;2
I5822;11/24/2025 04:14;U060;P053;TipInt002;Regular Day;Sydney, Australia;5;1.3
I5823;10/24/2025 00:59;U041;P074;TipInt001;Black Friday;New York, USA;6;1.8
I5824;11/01/2025 19:36;U051;P089;TipInt004;Black Friday;New York, USA;9;2
I5825;12/14/2025 14:04;U082;P019;TipInt003;Spring Sale;Paris, France;6;1.9
I5826;10/04/2025 15:25;U038;P029;TipInt005;Cyber Monday;Sydney, Australia;5;3.1
I5827;12/28/2025 03:34;U069;P006;TipInt003;Cyber Monday;New York, USA;4;3.7
I5828;10/10/2025 00:55;U074;P012;TipInt004;Spring Sale;Toronto, Canada;4;1.3
I5829;12/05/2025 20:09;U050;P022;TipInt002;Spring Sale;Sydney, Australia;9;1.8
I5830;12/30/2025 06:01;U076;P017;TipInt004;Black Friday;Sydney, Australia;9;4.6
I5831;12/11/2025 19:56;U060;P013;TipInt006;Cyber Monday;London, UK;7;3.7
I5832;11/07/2025 07:37;U057;P085;TipInt003;Black Friday;Paris, France;3;4.2
I5833;10/16/2025 21:42;U106;P039;TipInt006;Holiday Sale;Paris, France;4;4.2
I5834;10/22/2025 22:32;U119;P035;TipInt004;Cyber Monday;Paris, France;7;1
I5835;10/02/2025 17:26;U083;P032;TipInt002;Black Friday;Paris, France;5;4.7
I5836;10/06/2025 12:44;U125;P088;TipInt003;Black Friday;New York, USA;-;1.9
I5837;10/13/2025 06:06;U057;P045;TipInt006;Cyber Monday;Toronto, Canada;3;3.8
I5838;12/10/2025 15:54;U067;P039;TipInt006;Spring Sale;Sydney, Australia;10;4.7
I5839;1/21/2026 15:03;U081;P059;TipInt003;Spring Sale;Sydney, Australia;3;1.5
I5840;11/19/2025 21:00;U104;P053;TipInt004;Cyber Monday;Paris, France;4;1.6
I5841;1/09/2026 15:26;U052;P065;TipInt002;Cyber Monday;Paris, France;8;1.9
I5842;1/10/2026 01:17;U019;P006;TipInt001;Cyber Monday;London, UK;1;1.5
I5843;11/14/2025 17:19;U042;P029;TipInt003;Holiday Sale;Sydney, Australia;-;1.6
I5844;1/10/2026 13:04;U026;P047;TipInt003;Spring Sale;Sydney, Australia;7;3.7
I5845;10/28/2025 21:15;U102;P082;TipInt003;Black Friday;Berlin, Germany;6;1.9
I5846;10/22/2025 08:06;U094;P010;TipInt005;Holiday Sale;Berlin, Germany;4;4.9
I5847;1/24/2026 18:41;U068;P034;TipInt001;Holiday Sale;Toronto, Canada;5;2.6
I5848;12/24/2025 06:24;U021;P003;TipInt005;Spring Sale;Paris, France;4;4.8
I5849;10/20/2025 13:33;U029;P024;TipInt005;Spring Sale;Toronto, Canada;1;3
I5850;11/05/2025 01:48;U045;P091;TipInt001;Regular Day;London, UK;6;2.4
I5851;1/28/2026 18:41;U093;P014;TipInt004;Cyber Monday;New York, USA;10;2.8
I5852;12/20/2025 09:28;U148;P055;TipInt004;Cyber Monday;Paris, France;8;2.3
I5853;11/19/2025 10:38;U089;P021;TipInt003;Cyber Monday;Toronto, Canada;10;2.7
I5854;1/09/2026 05:14;U136;P001;TipInt001;Spring Sale;New York, USA;7;1.5
I5855;10/10/2025 18:38;U149;P041;TipInt002;Spring Sale;New York, USA;-;2.5
I5856;1/26/2026 14:49;U113;P068;TipInt004;Spring Sale;Sydney, Australia;4;2.9
I5857;12/05/2025 07:31;U024;P019;TipInt005;Black Friday;Toronto, Canada;7;2
I5858;12/04/2025 20:06;U116;P094;TipInt004;Regular Day;Berlin, Germany;6;1.1
I5859;10/25/2025 21:13;U146;P039;TipInt004;Black Friday;London, UK;1;4.3
I5860;11/06/2025 10:42;U089;P097;TipInt004;Black Friday;Toronto, Canada;6;2.8
I5861;10/24/2025 07:01;U050;P021;TipInt006;Holiday Sale;Berlin, Germany;4;1.2
I5862;11/04/2025 08:52;U033;P034;TipInt005;Black Friday;Toronto, Canada;5;4.4
I5863;11/12/2025 02:33;U038;P093;TipInt002;Spring Sale;Toronto, Canada;-;1.4
I5864;11/10/2025 13:23;U117;P032;TipInt005;Black Friday;Paris, France;5;4.1
I5865;11/22/2025 22:12;U100;P081;TipInt001;Spring Sale;Toronto, Canada;6;3.7
I5866;1/12/2026 12:21;U094;P069;TipInt001;Black Friday;Toronto, Canada;6;2.7
I5867;10/12/2025 21:00;U015;P048;TipInt005;Holiday Sale;Toronto, Canada;1;3.3
I5868;11/20/2025 23:22;U007;P020;TipInt004;Black Friday;Toronto, Canada;5;2.9
I5869;11/09/2025 03:23;U096;P017;TipInt003;Holiday Sale;Sydney, Australia;9;1.2
I5870;1/17/2026 05:00;U096;P053;TipInt003;Holiday Sale;New York, USA;-;1.1
I5871;1/24/2026 22:30;U115;P085;TipInt001;Black Friday;Sydney, Australia;10;1.2
I5872;11/11/2025 08:38;U139;P094;TipInt003;Regular Day;Toronto, Canada;10;2.4
I5873;10/23/2025 04:15;U150;P034;TipInt006;Regular Day;Sydney, Australia;1;4.2
I5874;11/27/2025 18:27;U079;P031;TipInt002;Spring Sale;Berlin, Germany;4;2.5
I5875;12/19/2025 19:22;U022;P038;TipInt006;Spring Sale;Sydney, Australia;10;3.4
I5876;10/17/2025 10:23;U024;P073;TipInt005;Regular Day;London, UK;2;1.9
I5877;11/18/2025 15:13;U105;P020;TipInt002;Spring Sale;Toronto, Canada;10;5
I5878;1/22/2026 22:35;U013;P076;TipInt005;Regular Day;Sydney, Australia;-;1.3
I5879;1/13/2026 12:49;U021;P057;TipInt006;Spring Sale;Berlin, Germany;1;1.4
I5880;11/30/2025 23:58;U025;P073;TipInt003;Black Friday;New York, USA;3;2.2
I5881;12/14/2025 00:56;U063;P076;TipInt004;Black Friday;Toronto, Canada;5;4.3
I5882;1/29/2026 09:57;U010;P093;TipInt005;Holiday Sale;London, UK;-;3.4
I5883;12/25/2025 01:36;U104;P094;TipInt002;Regular Day;Paris, France;5;4.5
I5884;10/20/2025 12:44;U038;P039;TipInt001;Holiday Sale;Berlin, Germany;3;4.3
I5885;10/06/2025 05:44;U027;P064;TipInt003;Regular Day;Sydney, Australia;5;3.1
I5886;11/19/2025 01:51;U020;P095;TipInt006;Black Friday;Paris, France;8;2.4
I5887;11/15/2025 10:00;U093;P038;TipInt004;Regular Day;Berlin, Germany;2;4.7
I5888;12/28/2025 13:43;U134;P041;TipInt006;Spring Sale;London, UK;8;4.1
I5889;1/07/2026 14:02;U128;P084;TipInt001;Holiday Sale;London, UK;3;4.9
I5890;11/21/2025 05:06;U075;P035;TipInt004;Spring Sale;Paris, France;3;1.7
I5891;11/28/2025 10:59;U025;P098;TipInt006;Spring Sale;New York, USA;7;3.3
I5892;10/28/2025 06:25;U075;P096;TipInt002;Regular Day;New York, USA;7;4.3
I5893;12/18/2025 10:29;U085;P088;TipInt002;Black Friday;New York, USA;2;4.9
I5894;12/17/2025 02:08;U055;P027;TipInt004;Holiday Sale;Sydney, Australia;8;1.7
I5895;10/06/2025 01:03;U005;P096;TipInt003;Black Friday;Berlin, Germany;9;1.3
I5896;10/01/2025 02:04;U025;P046;TipInt001;Black Friday;Toronto, Canada;-;1.7
I5897;10/04/2025 02:37;U120;P055;TipInt002;Spring Sale;Toronto, Canada;9;1.3
I5898;10/19/2025 19:23;U010;P025;TipInt004;Spring Sale;New York, USA;6;4.3
I5899;1/28/2026 20:42;U093;P087;TipInt006;Regular Day;Paris, France;1;2.1
I5900;12/04/2025 09:41;U094;P033;TipInt002;Black Friday;Paris, France;3;3.1
I5901;12/27/2025 03:29;U054;P069;TipInt006;Regular Day;Paris, France;4;2.4
I5902;12/12/2025 15:51;U095;P052;TipInt002;Black Friday;Sydney, Australia;-;2.6
I5903;11/29/2025 21:39;U106;P050;TipInt006;Holiday Sale;Berlin, Germany;5;2.5
I5904;11/18/2025 04:31;U149;P010;TipInt005;Holiday Sale;London, UK;7;4.5
I5905;1/22/2026 12:38;U025;P030;TipInt001;Holiday Sale;Berlin, Germany;4;4.5
I5906;11/04/2025 19:07;U009;P077;TipInt004;Cyber Monday;Berlin, Germany;2;2.6
I5907;11/08/2025 13:38;U078;P029;TipInt005;Cyber Monday;London, UK;3;1.9
I5908;12/04/2025 18:19;U016;P014;TipInt004;Black Friday;London, UK;2;3.5
I5909;12/22/2025 04:20;U077;P003;TipInt002;Black Friday;New York, USA;6;1.4
I5910;11/03/2025 10:54;U090;P009;TipInt001;Holiday Sale;Paris, France;6;3
I5911;10/23/2025 01:49;U130;P055;TipInt005;Spring Sale;New York, USA;1;4.1
I5912;11/14/2025 21:47;U121;P013;TipInt003;Black Friday;Paris, France;1;2.7
I5913;10/20/2025 21:26;U079;P083;TipInt001;Black Friday;Berlin, Germany;8;3.8
I5914;11/17/2025 05:06;U124;P098;TipInt001;Holiday Sale;Sydney, Australia;9;2.8
I5915;1/14/2026 02:34;U068;P004;TipInt001;Black Friday;New York, USA;-;2
I5916;1/06/2026 07:19;U001;P071;TipInt003;Regular Day;Berlin, Germany;-;2.5
I5917;1/25/2026 01:29;U140;P005;TipInt002;Cyber Monday;Berlin, Germany;8;2.4
I5918;1/19/2026 16:00;U078;P048;TipInt002;Holiday Sale;Berlin, Germany;6;3.2
I5919;12/30/2025 19:35;U104;P071;TipInt003;Regular Day;New York, USA;9;3.5
I5920;1/19/2026 04:31;U082;P032;TipInt002;Cyber Monday;Paris, France;1;2.9
I5921;1/31/2026 19:47;U129;P089;TipInt001;Holiday Sale;Paris, France;4;4.1
I5922;10/10/2025 08:46;U094;P062;TipInt002;Regular Day;Paris, France;8;5
I5923;1/15/2026 17:01;U005;P080;TipInt006;Cyber Monday;Berlin, Germany;2;2.7
I5924;11/29/2025 13:45;U123;P003;TipInt006;Holiday Sale;New York, USA;5;2.3
I5925;11/16/2025 15:01;U116;P009;TipInt003;Holiday Sale;New York, USA;10;2.4
I5926;11/05/2025 10:37;U060;P091;TipInt002;Regular Day;New York, USA;5;3.5
I5927;11/09/2025 02:10;U075;P050;TipInt001;Regular Day;New York, USA;2;2.6
I5928;1/24/2026 08:24;U041;P004;TipInt002;Black Friday;Berlin, Germany;8;3.6
I5929;11/06/2025 06:20;U089;P009;TipInt005;Regular Day;Sydney, Australia;2;1.4
I5930;1/16/2026 10:15;U090;P055;TipInt005;Black Friday;Berlin, Germany;1;1.3
I5931;1/29/2026 03:28;U121;P061;TipInt001;Spring Sale;Toronto, Canada;3;4
I5932;11/10/2025 09:52;U093;P096;TipInt002;Black Friday;Paris, France;10;1.4
I5933;11/26/2025 03:00;U082;P073;TipInt003;Spring Sale;Toronto, Canada;6;4
I5934;11/21/2025 01:22;U026;P035;TipInt002;Black Friday;Paris, France;8;3.5
I5935;11/21/2025 15:15;U109;P004;TipInt002;Cyber Monday;Sydney, Australia;10;2.6
I5936;11/25/2025 23:53;U106;P040;TipInt003;Black Friday;Sydney, Australia;7;2.4
I5937;12/22/2025 18:08;U118;P091;TipInt002;Black Friday;Paris, France;2;1.3
I5938;10/07/2025 05:44;U048;P082;TipInt001;Holiday Sale;London, UK;7;3.9
I5939;11/10/2025 16:17;U067;P004;TipInt001;Black Friday;Paris, France;7;4.2
I5940;11/12/2025 08:55;U015;P060;TipInt004;Spring Sale;Sydney, Australia;1;3.8
I5941;10/13/2025 22:25;U087;P089;TipInt004;Regular Day;Paris, France;9;2.5
I5942;12/04/2025 18:28;U078;P059;TipInt002;Spring Sale;London, UK;5;1.6
I5943;11/22/2025 14:31;U110;P038;TipInt006;Regular Day;London, UK;7;2.4
I5944;11/26/2025 18:14;U133;P036;TipInt006;Black Friday;London, UK;7;2
I5945;12/29/2025 19:30;U094;P050;TipInt006;Regular Day;Paris, France;4;1.3
I5946;10/27/2025 19:27;U019;P047;TipInt001;Cyber Monday;Sydney, Australia;2;2.6
I5947;11/29/2025 18:05;U116;P002;TipInt006;Black Friday;Sydney, Australia;4;1
I5948;9/29/2025 16:21;U087;P014;TipInt004;Holiday Sale;Sydney, Australia;1;4.5
I5949;11/27/2025 03:57;U101;P021;TipInt004;Holiday Sale;Sydney, Australia;3;3.2
I5950;12/14/2025 11:43;U097;P086;TipInt003;Holiday Sale;London, UK;3;1.3
I5951;12/10/2025 04:37;U131;P053;TipInt004;Holiday Sale;Toronto, Canada;6;2.3
I5952;11/09/2025 21:20;U034;P020;TipInt001;Regular Day;Toronto, Canada;7;4.1
I5953;11/17/2025 12:08;U097;P007;TipInt001;Holiday Sale;London, UK;10;1.3
I5954;11/09/2025 04:22;U016;P005;TipInt004;Cyber Monday;London, UK;4;3.4
I5955;11/02/2025 15:54;U081;P035;TipInt001;Spring Sale;Berlin, Germany;1;4.2
I5956;1/17/2026 07:16;U042;P059;TipInt002;Regular Day;Toronto, Canada;9;1.8
I5957;1/17/2026 17:20;U030;P069;TipInt005;Holiday Sale;Toronto, Canada;2;4.6
I5958;12/17/2025 23:22;U068;P063;TipInt003;Spring Sale;Paris, France;2;2.1
I5959;1/04/2026 13:35;U123;P008;TipInt001;Holiday Sale;London, UK;7;1.1
I5960;10/30/2025 16:54;U077;P058;TipInt002;Holiday Sale;Sydney, Australia;7;3.7
I5961;12/27/2025 11:39;U119;P078;TipInt003;Cyber Monday;Sydney, Australia;3;1.5
I5962;11/06/2025 16:22;U014;P010;TipInt003;Holiday Sale;Toronto, Canada;-;1.3
I5963;11/02/2025 08:03;U057;P038;TipInt004;Spring Sale;Sydney, Australia;9;4.2
I5964;1/03/2026 15:29;U026;P055;TipInt002;Spring Sale;Berlin, Germany;3;3.4
I5965;1/01/2026 05:41;U094;P071;TipInt003;Cyber Monday;Toronto, Canada;6;2.6
I5966;11/14/2025 08:36;U115;P016;TipInt002;Regular Day;London, UK;3;1.1
I5967;10/08/2025 03:16;U082;P080;TipInt002;Black Friday;Toronto, Canada;7;2.9
I5968;10/31/2025 14:59;U080;P056;TipInt003;Spring Sale;New York, USA;-;2.5
I5969;11/08/2025 13:31;U121;P027;TipInt004;Regular Day;Paris, France;6;3.6
I5970;9/30/2025 20:54;U084;P004;TipInt002;Black Friday;Paris, France;-;3.2
I5971;1/21/2026 05:36;U033;P044;TipInt002;Holiday Sale;Toronto, Canada;8;1.2
I5972;1/24/2026 08:28;U096;P041;TipInt006;Cyber Monday;Berlin, Germany;8;3.4
I5973;1/09/2026 14:23;U106;P066;TipInt005;Spring Sale;Paris, France;2;1.3
I5974;11/26/2025 03:25;U012;P098;TipInt001;Black Friday;London, UK;-;3.2
I5975;10/19/2025 12:05;U139;P056;TipInt002;Cyber Monday;Paris, France;9;1.5
I5976;10/11/2025 18:28;U011;P017;TipInt005;Cyber Monday;Sydney, Australia;8;4.9
I5977;11/23/2025 11:39;U062;P016;TipInt001;Holiday Sale;Toronto, Canada;8;3.1
I5978;11/07/2025 00:31;U060;P060;TipInt004;Black Friday;New York, USA;7;1.4
I5979;11/27/2025 19:56;U119;P074;TipInt001;Spring Sale;London, UK;7;3.4
I5980;10/20/2025 16:03;U097;P027;TipInt005;Spring Sale;New York, USA;4;3.1
I5981;10/08/2025 10:27;U111;P025;TipInt006;Holiday Sale;Paris, France;9;3.3
I5982;10/05/2025 04:20;U085;P091;TipInt006;Black Friday;Toronto, Canada;9;4.2
I5983;12/23/2025 10:46;U010;P067;TipInt004;Holiday Sale;Berlin, Germany;5;3.9
I5984;12/11/2025 23:06;U062;P078;TipInt004;Holiday Sale;Berlin, Germany;10;3.7
I5985;11/24/2025 02:05;U030;P041;TipInt004;Regular Day;New York, USA;2;4.5
I5986;10/16/2025 03:21;U116;P015;TipInt002;Regular Day;Paris, France;10;4.3
I5987;11/17/2025 01:19;U145;P095;TipInt005;Regular Day;New York, USA;-;3.8
I5988;1/30/2026 16:42;U022;P027;TipInt005;Cyber Monday;Berlin, Germany;-;1.4
I5989;12/05/2025 07:15;U019;P039;TipInt005;Black Friday;Paris, France;3;4.8
I5990;11/07/2025 04:18;U149;P062;TipInt004;Holiday Sale;Paris, France;2;3.5
I5991;1/04/2026 03:13;U072;P074;TipInt003;Regular Day;Paris, France;1;4.2
I5992;12/10/2025 20:17;U015;P047;TipInt004;Regular Day;New York, USA;3;2.8
I5993;10/05/2025 03:18;U049;P078;TipInt005;Regular Day;Sydney, Australia;4;4.4
I5994;10/13/2025 23:53;U138;P075;TipInt001;Holiday Sale;New York, USA;10;1.7
I5995;12/03/2025 01:22;U015;P019;TipInt002;Black Friday;Sydney, Australia;1;1.4
I5996;10/26/2025 09:07;U013;P093;TipInt002;Holiday Sale;New York, USA;1;1.1
I5997;10/16/2025 11:16;U126;P080;TipInt003;Cyber Monday;Sydney, Australia;9;3.8
I5998;1/22/2026 15:02;U088;P024;TipInt005;Spring Sale;Berlin, Germany;5;4.8
I5999;1/12/2026 16:31;U139;P088;TipInt001;Black Friday;New York, USA;8;2.4
I6000;10/16/2025 04:13;U140;P013;TipInt004;Spring Sale;Berlin, Germany;1;4.2
I6001;12/25/2025 12:36;U071;P021;TipInt004;Holiday Sale;London, UK;6;1.2
I6002;11/11/2025 22:01;U119;P070;TipInt003;Holiday Sale;Sydney, Australia;3;2.2
I6003;12/21/2025 23:16;U150;P053;TipInt001;Cyber Monday;New York, USA;8;3.3
I6004;1/08/2026 04:47;U032;P098;TipInt006;Holiday Sale;New York, USA;1;1.2
I6005;12/03/2025 08:07;U032;P062;TipInt003;Holiday Sale;Sydney, Australia;6;3
I6006;1/20/2026 03:42;U027;P022;TipInt004;Black Friday;London, UK;10;1.1
I6007;12/03/2025 13:35;U109;P042;TipInt006;Regular Day;Berlin, Germany;10;1.8
I6008;10/16/2025 01:13;U080;P028;TipInt005;Holiday Sale;Toronto, Canada;8;1.5
I6009;12/02/2025 10:23;U063;P068;TipInt002;Black Friday;Paris, France;1;2.3
I6010;10/05/2025 23:24;U025;P080;TipInt002;Spring Sale;New York, USA;2;2.4
I6011;12/21/2025 09:30;U082;P028;TipInt004;Spring Sale;Toronto, Canada;10;4.5
I6012;11/09/2025 21:07;U059;P034;TipInt001;Spring Sale;Berlin, Germany;6;4.3
I6013;1/18/2026 17:45;U141;P075;TipInt005;Cyber Monday;Paris, France;9;1.8
I6014;1/24/2026 00:18;U054;P076;TipInt004;Cyber Monday;New York, USA;5;3.3
I6015;12/31/2025 12:36;U148;P064;TipInt006;Cyber Monday;Toronto, Canada;6;2.3
I6016;11/15/2025 02:29;U094;P060;TipInt005;Black Friday;Paris, France;10;3.4
I6017;10/04/2025 22:51;U117;P089;TipInt006;Cyber Monday;New York, USA;9;2
I6018;12/03/2025 16:48;U132;P042;TipInt001;Holiday Sale;Sydney, Australia;4;4.2
I6019;1/22/2026 04:21;U114;P007;TipInt004;Holiday Sale;Sydney, Australia;10;2.2
I6020;1/25/2026 06:04;U066;P036;TipInt003;Cyber Monday;Berlin, Germany;3;1.5
I6021;11/24/2025 12:38;U116;P067;TipInt006;Regular Day;Toronto, Canada;7;3
I6022;11/05/2025 18:03;U036;P013;TipInt001;Regular Day;Berlin, Germany;2;3.8
I6023;12/04/2025 02:12;U086;P079;TipInt005;Black Friday;Toronto, Canada;3;1.1
I6024;10/04/2025 18:45;U070;P045;TipInt001;Cyber Monday;Berlin, Germany;-;4.8
I6025;12/18/2025 16:26;U045;P039;TipInt004;Cyber Monday;Sydney, Australia;7;5
I6026;12/15/2025 00:58;U095;P050;TipInt003;Regular Day;Paris, France;-;2.4
I6027;12/28/2025 01:58;U089;P098;TipInt005;Holiday Sale;Sydney, Australia;2;2.5
I6028;11/22/2025 01:31;U056;P035;TipInt002;Regular Day;London, UK;9;2.6
I6029;10/09/2025 14:40;U150;P025;TipInt001;Black Friday;Toronto, Canada;6;3.1
I6030;10/27/2025 10:44;U028;P013;TipInt003;Holiday Sale;Toronto, Canada;3;3.1
I6031;11/15/2025 03:47;U036;P054;TipInt005;Holiday Sale;Berlin, Germany;7;1.8
I6032;11/29/2025 06:41;U033;P030;TipInt002;Cyber Monday;London, UK;8;3.3
I6033;11/28/2025 22:08;U109;P024;TipInt003;Cyber Monday;Berlin, Germany;6;4.8
I6034;12/26/2025 04:04;U134;P037;TipInt006;Black Friday;Berlin, Germany;8;1.4
I6035;1/14/2026 00:09;U054;P031;TipInt005;Holiday Sale;Sydney, Australia;4;4.2
I6036;1/28/2026 14:52;U050;P006;TipInt006;Regular Day;Berlin, Germany;2;4.5
I6037;1/06/2026 07:45;U081;P077;TipInt006;Spring Sale;New York, USA;7;3.1
I6038;12/10/2025 15:47;U015;P017;TipInt003;Cyber Monday;New York, USA;8;4.8
I6039;11/23/2025 22:12;U041;P031;TipInt002;Black Friday;Berlin, Germany;7;2.6
I6040;1/13/2026 04:02;U035;P086;TipInt005;Spring Sale;Sydney, Australia;3;2.8
I6041;10/09/2025 18:15;U004;P033;TipInt002;Cyber Monday;Toronto, Canada;1;3
I6042;1/18/2026 03:46;U060;P008;TipInt004;Regular Day;Toronto, Canada;8;1.3
I6043;1/22/2026 23:15;U006;P054;TipInt004;Black Friday;Berlin, Germany;8;1.7
I6044;10/21/2025 04:00;U148;P075;TipInt006;Holiday Sale;New York, USA;3;3.6
I6045;11/11/2025 22:40;U060;P076;TipInt005;Spring Sale;Toronto, Canada;10;4.5
I6046;12/18/2025 02:30;U097;P029;TipInt002;Spring Sale;Toronto, Canada;10;1.8
I6047;12/11/2025 06:47;U115;P080;TipInt001;Holiday Sale;Toronto, Canada;2;2.4
I6048;12/18/2025 17:39;U006;P046;TipInt005;Black Friday;Berlin, Germany;4;2.8
I6049;11/09/2025 03:41;U048;P035;TipInt004;Black Friday;New York, USA;10;2.1
I6050;11/24/2025 13:40;U083;P017;TipInt005;Regular Day;New York, USA;8;4
I6051;10/18/2025 16:22;U082;P024;TipInt001;Black Friday;Berlin, Germany;10;4.6
I6052;12/29/2025 10:11;U113;P012;TipInt004;Cyber Monday;New York, USA;1;1.9
I6053;11/15/2025 16:58;U122;P086;TipInt002;Cyber Monday;Berlin, Germany;2;2.8
I6054;10/02/2025 18:17;U146;P005;TipInt005;Cyber Monday;Paris, France;8;2.8
I6055;12/31/2025 03:40;U034;P089;TipInt002;Spring Sale;Sydney, Australia;2;2.6
I6056;12/25/2025 02:12;U045;P075;TipInt003;Cyber Monday;Toronto, Canada;3;2.1
I6057;11/03/2025 03:13;U032;P088;TipInt002;Spring Sale;New York, USA;2;2.2
I6058;1/14/2026 15:01;U068;P003;TipInt002;Black Friday;Berlin, Germany;5;3.4
I6059;11/17/2025 16:48;U091;P041;TipInt003;Cyber Monday;Berlin, Germany;5;4.4
I6060;1/27/2026 16:20;U046;P004;TipInt005;Spring Sale;London, UK;3;2.8
I6061;11/12/2025 18:00;U116;P079;TipInt001;Holiday Sale;Paris, France;2;2.8
I6062;10/20/2025 12:08;U010;P065;TipInt004;Black Friday;London, UK;10;2.3
I6063;10/22/2025 00:04;U138;P099;TipInt001;Black Friday;Sydney, Australia;6;3.7
I6064;10/19/2025 23:46;U036;P049;TipInt001;Black Friday;New York, USA;10;2.7
I6065;11/28/2025 09:18;U108;P053;TipInt006;Spring Sale;New York, USA;3;3.5
I6066;12/19/2025 16:40;U111;P082;TipInt001;Regular Day;London, UK;10;2.6
I6067;1/11/2026 21:15;U017;P061;TipInt001;Holiday Sale;Sydney, Australia;-;1.1
I6068;1/05/2026 19:49;U124;P033;TipInt005;Regular Day;London, UK;3;1.6
I6069;12/04/2025 09:08;U100;P023;TipInt005;Spring Sale;London, UK;6;2
I6070;12/18/2025 12:30;U035;P018;TipInt003;Regular Day;Berlin, Germany;4;3.3
I6071;10/05/2025 22:24;U013;P062;TipInt001;Regular Day;Berlin, Germany;1;4.9
I6072;10/15/2025 20:21;U092;P035;TipInt002;Cyber Monday;London, UK;2;2.8
I6073;10/31/2025 17:16;U069;P006;TipInt002;Cyber Monday;Paris, France;5;1.9
I6074;12/05/2025 13:41;U114;P071;TipInt002;Spring Sale;London, UK;4;2.7
I6075;11/08/2025 14:48;U150;P087;TipInt005;Black Friday;London, UK;8;3.9
I6076;10/16/2025 13:06;U061;P028;TipInt002;Holiday Sale;New York, USA;9;1.8
I6077;12/31/2025 05:27;U057;P032;TipInt002;Holiday Sale;New York, USA;-;3.1
I6078;11/10/2025 15:17;U069;P065;TipInt001;Black Friday;London, UK;10;2.3
I6079;11/08/2025 02:41;U035;P068;TipInt004;Regular Day;Berlin, Germany;2;1.5
I6080;12/25/2025 06:36;U058;P019;TipInt005;Cyber Monday;Paris, France;-;4
I6081;10/25/2025 09:38;U011;P020;TipInt006;Spring Sale;Paris, France;9;2.3
I6082;1/31/2026 12:41;U125;P014;TipInt001;Spring Sale;Paris, France;2;4.1
I6083;10/03/2025 16:37;U108;P072;TipInt003;Black Friday;Paris, France;5;2
I6084;11/29/2025 03:08;U125;P043;TipInt002;Holiday Sale;Toronto, Canada;6;2.8
I6085;1/29/2026 15:32;U135;P041;TipInt005;Black Friday;New York, USA;-;1.8
I6086;10/12/2025 07:27;U121;P019;TipInt001;Spring Sale;London, UK;2;4.3
I6087;12/19/2025 12:48;U074;P037;TipInt004;Regular Day;Toronto, Canada;9;2.7
I6088;10/06/2025 18:37;U116;P054;TipInt001;Spring Sale;New York, USA;5;1.1
I6089;1/03/2026 07:54;U132;P099;TipInt002;Cyber Monday;New York, USA;2;4.1
I6090;10/24/2025 02:53;U076;P005;TipInt003;Spring Sale;London, UK;2;2.7
I6091;12/07/2025 16:47;U079;P075;TipInt004;Regular Day;London, UK;3;2.5
I6092;1/08/2026 22:52;U117;P076;TipInt005;Holiday Sale;New York, USA;4;1.4
I6093;12/29/2025 17:57;U094;P083;TipInt004;Black Friday;New York, USA;8;2.9
I6094;1/15/2026 04:26;U064;P043;TipInt004;Spring Sale;Berlin, Germany;1;3.9
I6095;10/24/2025 15:26;U030;P050;TipInt001;Cyber Monday;Sydney, Australia;1;4.6
I6096;12/21/2025 16:52;U065;P077;TipInt005;Black Friday;Berlin, Germany;8;2.5
I6097;1/24/2026 07:09;U093;P028;TipInt005;Holiday Sale;Berlin, Germany;4;4.2
I6098;1/24/2026 21:12;U068;P017;TipInt001;Holiday Sale;London, UK;8;2.6
I6099;10/22/2025 13:33;U106;P057;TipInt001;Regular Day;Toronto, Canada;10;3.2
I6100;10/02/2025 21:32;U048;P048;TipInt002;Spring Sale;Paris, France;4;2.9
I6101;1/16/2026 06:59;U057;P052;TipInt004;Black Friday;Paris, France;9;4.3
I6102;12/24/2025 17:02;U135;P036;TipInt004;Holiday Sale;London, UK;9;2.4
I6103;1/07/2026 02:11;U046;P003;TipInt005;Holiday Sale;London, UK;2;2.5
I6104;10/18/2025 09:33;U115;P090;TipInt002;Regular Day;Paris, France;3;3.2
I6105;1/31/2026 12:33;U042;P092;TipInt006;Holiday Sale;New York, USA;6;4
I6106;1/28/2026 07:47;U110;P066;TipInt003;Holiday Sale;Toronto, Canada;9;3.3
I6107;12/02/2025 10:57;U141;P034;TipInt006;Black Friday;New York, USA;1;3.3
I6108;11/02/2025 23:05;U042;P086;TipInt001;Regular Day;Sydney, Australia;2;4.3
I6109;11/02/2025 03:50;U131;P059;TipInt002;Holiday Sale;New York, USA;9;4.1
I6110;1/30/2026 05:10;U026;P043;TipInt005;Black Friday;New York, USA;5;2.6
I6111;11/25/2025 07:27;U003;P026;TipInt003;Cyber Monday;Toronto, Canada;6;5
I6112;12/19/2025 00:28;U040;P025;TipInt001;Regular Day;London, UK;3;1.8
I6113;11/04/2025 20:26;U090;P033;TipInt003;Black Friday;London, UK;7;4.3
I6114;1/07/2026 23:36;U107;P060;TipInt002;Cyber Monday;Sydney, Australia;1;4.6
I6115;1/09/2026 20:29;U084;P093;TipInt003;Black Friday;Paris, France;-;1.5
I6116;11/27/2025 11:12;U085;P071;TipInt004;Regular Day;London, UK;8;4.7
I6117;11/04/2025 20:40;U108;P083;TipInt006;Regular Day;Berlin, Germany;4;1.4
I6118;12/15/2025 22:04;U100;P007;TipInt004;Black Friday;New York, USA;5;1.1
I6119;12/06/2025 15:14;U043;P034;TipInt001;Black Friday;Sydney, Australia;-;1.3
I6120;10/11/2025 23:34;U129;P084;TipInt004;Spring Sale;Paris, France;1;2.2
I6121;1/21/2026 12:49;U137;P098;TipInt003;Cyber Monday;Sydney, Australia;9;1.7
I6122;11/14/2025 20:21;U126;P007;TipInt002;Black Friday;New York, USA;3;2.1
I6123;12/21/2025 04:04;U064;P058;TipInt005;Cyber Monday;London, UK;6;2.6
I6124;11/23/2025 06:32;U021;P011;TipInt002;Holiday Sale;Toronto, Canada;5;1.5
I6125;12/15/2025 20:44;U021;P046;TipInt001;Regular Day;Berlin, Germany;1;3
I6126;1/26/2026 22:08;U111;P063;TipInt004;Regular Day;Toronto, Canada;6;4.3
I6127;12/17/2025 16:48;U013;P056;TipInt003;Regular Day;New York, USA;9;4.8
I6128;1/21/2026 21:22;U118;P058;TipInt005;Holiday Sale;Paris, France;7;3.9
I6129;12/26/2025 03:07;U024;P060;TipInt005;Cyber Monday;London, UK;5;2
I6130;12/27/2025 04:07;U018;P003;TipInt004;Cyber Monday;Sydney, Australia;10;3.4
I6131;10/27/2025 21:16;U006;P081;TipInt005;Regular Day;Sydney, Australia;7;4.3
I6132;12/19/2025 20:25;U120;P052;TipInt005;Holiday Sale;Sydney, Australia;7;3
I6133;12/07/2025 06:29;U038;P041;TipInt003;Spring Sale;Berlin, Germany;9;2.3
I6134;11/20/2025 09:02;U035;P021;TipInt001;Cyber Monday;London, UK;4;4
I6135;1/21/2026 05:22;U032;P095;TipInt003;Cyber Monday;Toronto, Canada;8;2.2
I6136;12/22/2025 13:20;U051;P017;TipInt001;Cyber Monday;Sydney, Australia;-;2.7
I6137;1/29/2026 00:55;U024;P010;TipInt003;Holiday Sale;Sydney, Australia;6;1.7
I6138;12/21/2025 23:19;U113;P026;TipInt004;Black Friday;Toronto, Canada;5;3.6
I6139;1/05/2026 03:20;U112;P020;TipInt005;Black Friday;Toronto, Canada;9;1.8
I6140;1/01/2026 18:17;U067;P073;TipInt006;Black Friday;Sydney, Australia;10;3.7
I6141;11/24/2025 07:24;U070;P013;TipInt005;Holiday Sale;Berlin, Germany;-;1.7
I6142;1/29/2026 23:29;U066;P097;TipInt006;Regular Day;Toronto, Canada;-;3.6
I6143;11/25/2025 22:36;U037;P051;TipInt001;Spring Sale;Toronto, Canada;2;1.3
I6144;12/25/2025 14:47;U021;P020;TipInt003;Cyber Monday;Paris, France;9;1.8
I6145;11/05/2025 00:59;U110;P032;TipInt002;Spring Sale;Toronto, Canada;8;4.9
I6146;1/13/2026 04:15;U028;P095;TipInt004;Cyber Monday;Sydney, Australia;4;3.2
I6147;10/16/2025 15:41;U079;P050;TipInt003;Spring Sale;Toronto, Canada;10;4.6
I6148;11/07/2025 11:01;U028;P063;TipInt003;Black Friday;London, UK;4;1.5
I6149;10/30/2025 07:56;U133;P063;TipInt002;Black Friday;New York, USA;5;4.1
I6150;11/06/2025 19:38;U069;P097;TipInt001;Spring Sale;Paris, France;9;4.7
I6151;1/18/2026 18:45;U129;P079;TipInt004;Holiday Sale;Sydney, Australia;10;1.9
I6152;11/29/2025 22:15;U146;P045;TipInt003;Holiday Sale;London, UK;4;3.3
I6153;1/04/2026 18:21;U149;P045;TipInt002;Holiday Sale;Berlin, Germany;1;1.1
I6154;9/30/2025 14:02;U142;P041;TipInt004;Cyber Monday;Toronto, Canada;7;1.1
I6155;1/25/2026 11:40;U121;P049;TipInt002;Regular Day;Berlin, Germany;3;4.4
I6156;1/10/2026 23:09;U109;P045;TipInt003;Spring Sale;London, UK;3;1.9
I6157;10/03/2025 10:21;U051;P027;TipInt004;Spring Sale;Paris, France;5;4.2
I6158;11/24/2025 07:12;U091;P049;TipInt004;Cyber Monday;New York, USA;7;3.6
I6159;1/27/2026 02:39;U107;P095;TipInt006;Spring Sale;New York, USA;4;3.6
I6160;10/09/2025 12:29;U027;P086;TipInt006;Spring Sale;Berlin, Germany;9;1.3
I6161;12/16/2025 09:38;U006;P019;TipInt001;Holiday Sale;Sydney, Australia;10;3.5
I6162;10/14/2025 04:31;U108;P062;TipInt004;Black Friday;Toronto, Canada;8;2.9
I6163;12/25/2025 16:31;U060;P060;TipInt005;Cyber Monday;New York, USA;9;4.2
I6164;1/05/2026 13:52;U050;P050;TipInt004;Cyber Monday;Berlin, Germany;7;1.7
I6165;11/10/2025 14:30;U129;P020;TipInt001;Cyber Monday;New York, USA;9;1.4
I6166;10/02/2025 11:27;U023;P046;TipInt002;Black Friday;New York, USA;8;1.5
I6167;11/04/2025 06:41;U149;P074;TipInt002;Spring Sale;Sydney, Australia;10;1.3
I6168;10/26/2025 07:04;U058;P043;TipInt002;Holiday Sale;Paris, France;1;4.1
I6169;10/10/2025 22:26;U031;P085;TipInt001;Spring Sale;New York, USA;3;3.3
I6170;11/08/2025 06:13;U096;P009;TipInt002;Black Friday;Toronto, Canada;4;4.4
I6171;12/10/2025 18:29;U025;P067;TipInt002;Spring Sale;Paris, France;2;3.4
I6172;11/12/2025 15:00;U088;P049;TipInt006;Cyber Monday;London, UK;-;2.8
I6173;12/08/2025 07:18;U068;P081;TipInt004;Spring Sale;New York, USA;8;4.7
I6174;11/23/2025 21:49;U089;P090;TipInt004;Cyber Monday;Berlin, Germany;4;4.5
I6175;11/09/2025 02:56;U086;P058;TipInt005;Regular Day;Berlin, Germany;7;2.5
I6176;12/05/2025 20:20;U031;P042;TipInt003;Cyber Monday;London, UK;4;2.7
I6177;12/04/2025 12:55;U097;P085;TipInt006;Spring Sale;Toronto, Canada;3;2.4
I6178;10/10/2025 09:41;U017;P049;TipInt004;Spring Sale;Berlin, Germany;4;2.5
I6179;1/23/2026 07:55;U053;P024;TipInt004;Black Friday;New York, USA;10;4.3
I6180;12/12/2025 11:20;U047;P002;TipInt002;Black Friday;London, UK;8;1.9
I6181;12/28/2025 07:17;U122;P041;TipInt003;Black Friday;New York, USA;2;1.3
I6182;12/03/2025 02:34;U032;P030;TipInt006;Cyber Monday;London, UK;5;1.6
I6183;11/08/2025 08:47;U102;P013;TipInt005;Regular Day;New York, USA;10;2.3
I6184;12/27/2025 18:25;U135;P043;TipInt004;Regular Day;Sydney, Australia;9;3.4
I6185;11/30/2025 23:19;U090;P037;TipInt006;Regular Day;New York, USA;4;2.1
I6186;10/30/2025 06:46;U146;P012;TipInt001;Holiday Sale;Toronto, Canada;8;3.6
I6187;12/12/2025 23:20;U041;P020;TipInt001;Holiday Sale;Sydney, Australia;3;4
I6188;12/06/2025 02:23;U143;P023;TipInt006;Regular Day;Sydney, Australia;6;2.6
I6189;10/31/2025 13:11;U005;P069;TipInt001;Black Friday;Berlin, Germany;7;2.7
I6190;11/22/2025 02:08;U102;P021;TipInt005;Black Friday;Paris, France;4;3.8
I6191;11/20/2025 22:27;U053;P011;TipInt002;Spring Sale;Berlin, Germany;1;2
I6192;1/26/2026 07:47;U065;P075;TipInt002;Holiday Sale;Toronto, Canada;9;5
I6193;10/11/2025 04:50;U018;P082;TipInt002;Holiday Sale;London, UK;2;4.1
I6194;1/19/2026 11:20;U046;P084;TipInt006;Spring Sale;Berlin, Germany;5;1.5
I6195;12/09/2025 14:50;U017;P039;TipInt004;Regular Day;Sydney, Australia;9;3.8
I6196;1/10/2026 15:19;U147;P066;TipInt002;Holiday Sale;Sydney, Australia;3;2.3
I6197;10/16/2025 15:35;U011;P051;TipInt003;Spring Sale;Berlin, Germany;2;4.7
I6198;12/22/2025 14:20;U132;P070;TipInt005;Spring Sale;Sydney, Australia;7;3.4
I6199;1/30/2026 10:53;U103;P066;TipInt003;Cyber Monday;Toronto, Canada;3;4.1
I6200;1/05/2026 06:42;U043;P053;TipInt005;Black Friday;Sydney, Australia;1;3.9
I6201;1/26/2026 12:50;U029;P084;TipInt002;Black Friday;Sydney, Australia;6;4.6
I6202;12/28/2025 19:45;U078;P033;TipInt001;Black Friday;Paris, France;4;4.1
I6203;12/03/2025 13:00;U145;P071;TipInt005;Cyber Monday;New York, USA;10;1.5
I6204;10/24/2025 04:47;U035;P019;TipInt001;Black Friday;Toronto, Canada;4;1.5
I6205;12/04/2025 18:56;U024;P091;TipInt003;Regular Day;London, UK;-;4.7
I6206;10/05/2025 23:31;U141;P075;TipInt004;Regular Day;Toronto, Canada;2;2.7
I6207;1/24/2026 20:29;U144;P055;TipInt004;Regular Day;Paris, France;2;2.8
I6208;12/15/2025 23:55;U044;P002;TipInt006;Holiday Sale;London, UK;8;1.3
I6209;12/12/2025 07:56;U032;P070;TipInt002;Regular Day;Berlin, Germany;4;1.3
I6210;1/11/2026 19:40;U057;P011;TipInt004;Cyber Monday;London, UK;8;2.2
I6211;11/20/2025 06:26;U072;P012;TipInt001;Holiday Sale;Berlin, Germany;5;2.4
I6212;12/20/2025 09:25;U121;P096;TipInt002;Black Friday;Toronto, Canada;6;1.7
I6213;10/10/2025 04:10;U103;P083;TipInt006;Holiday Sale;Paris, France;10;4.8
I6214;12/14/2025 07:56;U085;P094;TipInt004;Spring Sale;Berlin, Germany;2;2.7
I6215;11/29/2025 19:02;U093;P082;TipInt004;Cyber Monday;Toronto, Canada;5;4.8
I6216;11/16/2025 13:22;U012;P062;TipInt004;Regular Day;London, UK;8;3.5
I6217;1/04/2026 03:56;U142;P050;TipInt004;Cyber Monday;New York, USA;3;1.4
I6218;11/07/2025 01:30;U036;P067;TipInt002;Black Friday;Toronto, Canada;1;4.4
I6219;12/20/2025 05:24;U096;P057;TipInt006;Spring Sale;Paris, France;9;2.8
I6220;1/31/2026 14:48;U094;P062;TipInt005;Black Friday;Sydney, Australia;2;1.6
I6221;10/07/2025 20:44;U002;P081;TipInt004;Spring Sale;Sydney, Australia;8;4
I6222;11/22/2025 00:51;U016;P055;TipInt006;Black Friday;New York, USA;6;1.7
I6223;11/11/2025 02:56;U018;P048;TipInt004;Holiday Sale;Sydney, Australia;10;2.4
I6224;11/06/2025 14:31;U012;P051;TipInt006;Cyber Monday;Berlin, Germany;1;3.4
I6225;1/16/2026 10:46;U106;P011;TipInt005;Spring Sale;Sydney, Australia;1;4.3
I6226;10/18/2025 21:02;U066;P023;TipInt001;Regular Day;Berlin, Germany;5;2.4
I6227;10/21/2025 06:32;U146;P093;TipInt003;Spring Sale;Paris, France;6;3.5
I6228;1/13/2026 22:05;U066;P023;TipInt006;Black Friday;Paris, France;8;4.3
I6229;1/24/2026 02:44;U135;P083;TipInt004;Spring Sale;Paris, France;7;2.6
I6230;12/19/2025 06:12;U018;P097;TipInt001;Regular Day;Toronto, Canada;8;3.7
I6231;12/03/2025 22:19;U015;P056;TipInt006;Black Friday;Berlin, Germany;4;3.4
I6232;1/15/2026 18:00;U021;P052;TipInt006;Spring Sale;Paris, France;8;4.1
I6233;12/17/2025 14:41;U114;P020;TipInt006;Regular Day;Berlin, Germany;3;3
I6234;1/25/2026 23:00;U038;P040;TipInt002;Spring Sale;Sydney, Australia;6;1.5
I6235;11/19/2025 06:50;U084;P037;TipInt002;Regular Day;Berlin, Germany;2;4
I6236;1/30/2026 10:39;U108;P002;TipInt005;Regular Day;Toronto, Canada;3;4.9
I6237;1/28/2026 12:56;U104;P005;TipInt006;Black Friday;London, UK;6;1.1
I6238;11/17/2025 14:16;U022;P049;TipInt006;Black Friday;London, UK;1;2.5
I6239;1/17/2026 04:42;U021;P030;TipInt002;Black Friday;Paris, France;6;2.7
I6240;10/29/2025 09:21;U090;P072;TipInt002;Spring Sale;Berlin, Germany;7;4.2
I6241;10/13/2025 23:37;U091;P038;TipInt005;Spring Sale;Paris, France;6;3.7
I6242;12/30/2025 15:02;U092;P035;TipInt006;Black Friday;London, UK;8;3.4
I6243;1/04/2026 13:48;U139;P029;TipInt001;Holiday Sale;Toronto, Canada;1;1.7
I6244;1/04/2026 20:52;U002;P043;TipInt003;Cyber Monday;Toronto, Canada;7;4.5
I6245;10/08/2025 15:59;U148;P045;TipInt005;Regular Day;Paris, France;6;2.9
I6246;10/13/2025 07:26;U086;P099;TipInt003;Regular Day;Sydney, Australia;8;4.6
I6247;11/25/2025 04:49;U028;P051;TipInt002;Spring Sale;Berlin, Germany;7;4
I6248;1/31/2026 04:27;U107;P076;TipInt001;Regular Day;New York, USA;5;1.5
I6249;11/26/2025 08:03;U149;P010;TipInt006;Holiday Sale;Toronto, Canada;6;1.6
I6250;1/10/2026 14:36;U088;P073;TipInt002;Cyber Monday;Paris, France;8;2.9
I6251;10/21/2025 00:42;U033;P003;TipInt004;Holiday Sale;Berlin, Germany;4;4.1
I6252;11/30/2025 08:14;U104;P003;TipInt006;Regular Day;Sydney, Australia;10;2.4
I6253;1/30/2026 18:02;U086;P024;TipInt001;Regular Day;New York, USA;1;4.7
I6254;11/18/2025 12:23;U024;P023;TipInt005;Black Friday;Toronto, Canada;5;2.5
I6255;1/08/2026 00:44;U050;P042;TipInt004;Regular Day;New York, USA;3;3.1
I6256;10/26/2025 15:58;U102;P062;TipInt001;Holiday Sale;Berlin, Germany;2;3.7
I6257;11/10/2025 17:59;U045;P013;TipInt003;Cyber Monday;New York, USA;1;2.5
I6258;11/14/2025 00:23;U054;P005;TipInt004;Spring Sale;New York, USA;6;1.8
I6259;11/16/2025 09:21;U043;P060;TipInt005;Regular Day;London, UK;7;2.2
I6260;1/05/2026 19:12;U122;P072;TipInt001;Regular Day;Berlin, Germany;9;4.8
I6261;12/10/2025 07:28;U002;P088;TipInt004;Cyber Monday;New York, USA;2;3.2
I6262;11/05/2025 20:06;U147;P063;TipInt005;Holiday Sale;Paris, France;10;4.5
I6263;1/28/2026 21:29;U072;P053;TipInt002;Spring Sale;Paris, France;5;2.6
I6264;1/30/2026 07:36;U057;P004;TipInt005;Cyber Monday;Paris, France;1;2.7
I6265;1/01/2026 03:45;U034;P044;TipInt006;Holiday Sale;Paris, France;9;2.7
I6266;10/06/2025 18:20;U126;P091;TipInt001;Regular Day;Paris, France;-;1.3
I6267;11/18/2025 22:21;U014;P043;TipInt005;Spring Sale;Paris, France;5;3.2
I6268;11/01/2025 01:54;U124;P086;TipInt001;Cyber Monday;Sydney, Australia;7;2.5
I6269;10/23/2025 19:28;U045;P022;TipInt001;Regular Day;London, UK;4;3.2
I6270;12/28/2025 18:01;U122;P041;TipInt003;Spring Sale;Toronto, Canada;10;3.2
I6271;11/09/2025 16:41;U137;P053;TipInt001;Cyber Monday;Toronto, Canada;4;1.7
I6272;10/03/2025 12:26;U043;P070;TipInt001;Black Friday;London, UK;5;1.3
I6273;10/06/2025 05:39;U109;P078;TipInt002;Holiday Sale;Paris, France;4;4.1
I6274;12/11/2025 07:46;U122;P074;TipInt005;Cyber Monday;Sydney, Australia;5;4.7
I6275;12/02/2025 15:50;U011;P023;TipInt002;Black Friday;Toronto, Canada;1;1.6
I6276;11/21/2025 01:37;U143;P050;TipInt005;Regular Day;Berlin, Germany;3;3.7
I6277;11/30/2025 19:35;U022;P043;TipInt001;Spring Sale;London, UK;9;3.8
I6278;10/09/2025 17:03;U121;P036;TipInt002;Black Friday;London, UK;1;1.8
I6279;12/18/2025 06:04;U001;P007;TipInt003;Cyber Monday;Berlin, Germany;5;3
I6280;12/11/2025 11:28;U116;P050;TipInt004;Spring Sale;London, UK;6;3.1
I6281;1/14/2026 00:13;U014;P091;TipInt001;Holiday Sale;Paris, France;6;3.9
I6282;12/14/2025 14:05;U039;P035;TipInt002;Holiday Sale;Toronto, Canada;3;2.8
I6283;10/28/2025 10:34;U065;P020;TipInt001;Regular Day;New York, USA;7;2
I6284;11/17/2025 07:26;U088;P097;TipInt003;Black Friday;Berlin, Germany;3;2.4
I6285;10/10/2025 19:39;U094;P004;TipInt002;Cyber Monday;Paris, France;4;3
I6286;10/16/2025 05:29;U083;P071;TipInt002;Holiday Sale;Sydney, Australia;10;2.6
I6287;12/11/2025 22:24;U086;P030;TipInt005;Regular Day;Berlin, Germany;3;2.6
I6288;1/15/2026 12:07;U006;P043;TipInt004;Black Friday;Sydney, Australia;8;3
I6289;12/06/2025 11:50;U065;P022;TipInt004;Cyber Monday;New York, USA;3;4.5
I6290;11/12/2025 00:35;U054;P087;TipInt005;Regular Day;Berlin, Germany;1;3.8
I6291;1/26/2026 23:03;U071;P098;TipInt001;Cyber Monday;New York, USA;7;1.3
I6292;11/09/2025 19:00;U096;P099;TipInt002;Spring Sale;Sydney, Australia;9;1.2
I6293;12/13/2025 16:44;U129;P013;TipInt003;Black Friday;New York, USA;4;3.3
I6294;12/31/2025 13:43;U023;P016;TipInt005;Regular Day;Paris, France;8;3.3
I6295;1/18/2026 19:56;U139;P021;TipInt006;Regular Day;Sydney, Australia;-;4.3
I6296;12/19/2025 01:53;U016;P091;TipInt002;Holiday Sale;Sydney, Australia;5;2.9
I6297;12/03/2025 12:57;U005;P052;TipInt003;Black Friday;Paris, France;2;3.8
I6298;11/03/2025 19:23;U139;P044;TipInt004;Black Friday;London, UK;8;1.4
I6299;11/18/2025 08:50;U135;P025;TipInt002;Holiday Sale;Paris, France;2;2.6
I6300;12/03/2025 08:01;U058;P015;TipInt005;Cyber Monday;Paris, France;10;2.5
I6301;1/25/2026 23:55;U144;P047;TipInt006;Cyber Monday;Toronto, Canada;7;1
I6302;12/03/2025 22:32;U028;P025;TipInt002;Regular Day;Berlin, Germany;7;1.1
I6303;1/19/2026 06:19;U105;P099;TipInt001;Regular Day;London, UK;2;2
I6304;10/23/2025 20:12;U125;P001;TipInt006;Holiday Sale;Paris, France;8;4.4
I6305;10/13/2025 16:02;U047;P036;TipInt004;Cyber Monday;Paris, France;10;2.4
I6306;10/04/2025 17:11;U109;P080;TipInt002;Black Friday;London, UK;3;3.6
I6307;1/21/2026 14:09;U149;P057;TipInt003;Spring Sale;New York, USA;6;4.7
I6308;1/14/2026 17:38;U055;P049;TipInt003;Spring Sale;Toronto, Canada;8;3.5
I6309;10/29/2025 10:46;U073;P011;TipInt002;Holiday Sale;New York, USA;6;2.9
I6310;1/12/2026 02:04;U012;P014;TipInt005;Spring Sale;Paris, France;3;3
I6311;1/31/2026 18:32;U080;P073;TipInt001;Regular Day;New York, USA;6;4.2
I6312;1/21/2026 09:46;U145;P079;TipInt002;Cyber Monday;London, UK;4;2.8
I6313;10/29/2025 17:09;U020;P028;TipInt002;Spring Sale;London, UK;-;3
I6314;1/17/2026 04:52;U110;P087;TipInt002;Black Friday;Toronto, Canada;7;2.9
I6315;1/12/2026 21:00;U063;P056;TipInt002;Cyber Monday;Paris, France;8;2.6
I6316;1/22/2026 03:57;U120;P059;TipInt006;Spring Sale;Sydney, Australia;2;2.3
I6317;12/31/2025 01:27;U095;P089;TipInt001;Black Friday;Sydney, Australia;4;5
I6318;11/13/2025 06:04;U134;P011;TipInt004;Cyber Monday;London, UK;8;1.2
I6319;12/13/2025 19:00;U122;P079;TipInt003;Cyber Monday;Toronto, Canada;9;2.9
I6320;10/19/2025 13:00;U128;P061;TipInt005;Holiday Sale;Berlin, Germany;3;1.8
I6321;1/22/2026 23:51;U004;P059;TipInt004;Regular Day;New York, USA;7;1.8
I6322;12/26/2025 08:02;U047;P075;TipInt002;Regular Day;Toronto, Canada;6;3.2
I6323;11/22/2025 16:04;U090;P057;TipInt001;Cyber Monday;New York, USA;9;2.1
I6324;11/09/2025 10:10;U009;P075;TipInt002;Cyber Monday;Paris, France;9;3.1
I6325;12/08/2025 11:28;U104;P021;TipInt003;Regular Day;New York, USA;7;1.6
I6326;10/01/2025 13:14;U028;P013;TipInt002;Spring Sale;Paris, France;2;1.8
I6327;11/18/2025 20:42;U110;P055;TipInt004;Cyber Monday;Sydney, Australia;4;4.2
I6328;1/15/2026 07:11;U019;P098;TipInt004;Regular Day;Berlin, Germany;3;2.5
I6329;1/01/2026 10:59;U051;P023;TipInt003;Black Friday;Sydney, Australia;8;3.3
I6330;10/31/2025 04:58;U073;P001;TipInt002;Regular Day;Toronto, Canada;-;1.8
I6331;1/29/2026 18:12;U048;P033;TipInt006;Cyber Monday;Paris, France;10;4.3
I6332;12/04/2025 01:33;U079;P005;TipInt002;Cyber Monday;Toronto, Canada;6;4.7
I6333;11/28/2025 02:48;U067;P084;TipInt001;Regular Day;London, UK;-;2.2
I6334;11/07/2025 22:37;U015;P095;TipInt002;Holiday Sale;Berlin, Germany;6;1.8
I6335;1/09/2026 22:18;U063;P014;TipInt004;Black Friday;Sydney, Australia;7;3.2
I6336;10/14/2025 21:28;U098;P077;TipInt004;Black Friday;Sydney, Australia;9;4.7
I6337;10/17/2025 06:24;U050;P099;TipInt003;Spring Sale;New York, USA;-;1.2
I6338;1/18/2026 16:30;U052;P015;TipInt005;Cyber Monday;Paris, France;6;2
I6339;11/22/2025 12:05;U073;P006;TipInt005;Black Friday;London, UK;8;3.5
I6340;1/25/2026 09:34;U137;P017;TipInt006;Spring Sale;Berlin, Germany;3;4.1
I6341;10/26/2025 03:57;U118;P032;TipInt006;Black Friday;Toronto, Canada;9;3.5
I6342;1/01/2026 10:20;U105;P079;TipInt005;Cyber Monday;New York, USA;5;4.7
I6343;1/03/2026 05:51;U068;P072;TipInt001;Black Friday;Sydney, Australia;4;4.7
I6344;10/08/2025 11:23;U106;P040;TipInt005;Cyber Monday;Paris, France;7;3.1
I6345;1/29/2026 13:03;U126;P050;TipInt004;Holiday Sale;Paris, France;8;1.2
I6346;10/01/2025 01:44;U055;P026;TipInt004;Regular Day;London, UK;10;5
I6347;12/28/2025 02:53;U067;P063;TipInt004;Cyber Monday;New York, USA;5;2.5
I6348;10/17/2025 00:42;U140;P003;TipInt006;Holiday Sale;Toronto, Canada;6;1.9
I6349;10/21/2025 20:49;U050;P050;TipInt006;Spring Sale;London, UK;-;1.8
I6350;1/17/2026 21:34;U109;P060;TipInt002;Black Friday;New York, USA;5;1.4
I6351;10/18/2025 02:47;U136;P075;TipInt003;Cyber Monday;New York, USA;7;4.1
I6352;9/29/2025 09:46;U028;P067;TipInt004;Black Friday;Berlin, Germany;6;1
I6353;1/09/2026 05:45;U014;P047;TipInt005;Holiday Sale;Sydney, Australia;4;3.8
I6354;10/17/2025 11:04;U149;P002;TipInt005;Regular Day;New York, USA;7;2.8
I6355;11/16/2025 13:23;U127;P034;TipInt003;Cyber Monday;New York, USA;3;1.1
I6356;12/26/2025 15:17;U116;P056;TipInt001;Regular Day;Toronto, Canada;6;1.4
I6357;12/23/2025 01:01;U114;P027;TipInt004;Black Friday;Toronto, Canada;9;3.5
I6358;12/11/2025 09:23;U131;P027;TipInt001;Cyber Monday;New York, USA;4;4.5
I6359;11/21/2025 11:26;U092;P023;TipInt004;Cyber Monday;London, UK;4;4.4
I6360;12/17/2025 18:30;U083;P042;TipInt003;Spring Sale;Paris, France;1;2
I6361;1/22/2026 16:03;U030;P072;TipInt004;Spring Sale;Toronto, Canada;10;3.3
I6362;12/19/2025 15:06;U114;P044;TipInt004;Spring Sale;Toronto, Canada;9;4.7
I6363;1/15/2026 19:03;U081;P011;TipInt003;Holiday Sale;New York, USA;5;3.6
I6364;12/15/2025 12:25;U002;P057;TipInt002;Cyber Monday;Paris, France;7;4.1
I6365;9/29/2025 12:09;U041;P058;TipInt002;Regular Day;Berlin, Germany;4;2.8
I6366;9/29/2025 10:22;U016;P089;TipInt003;Black Friday;London, UK;8;1.5
I6367;12/18/2025 11:52;U013;P064;TipInt001;Spring Sale;Toronto, Canada;3;1.8
I6368;1/03/2026 22:00;U025;P026;TipInt004;Cyber Monday;Toronto, Canada;4;4.6
I6369;12/22/2025 03:17;U146;P065;TipInt003;Regular Day;New York, USA;4;4.9
I6370;1/07/2026 10:32;U119;P061;TipInt003;Spring Sale;London, UK;3;4
I6371;11/07/2025 13:57;U041;P031;TipInt004;Spring Sale;New York, USA;5;4.5
I6372;10/06/2025 14:28;U146;P021;TipInt005;Regular Day;Toronto, Canada;5;4.9
I6373;11/27/2025 00:49;U078;P011;TipInt006;Holiday Sale;Toronto, Canada;2;2.4
I6374;10/25/2025 02:14;U041;P025;TipInt001;Holiday Sale;Berlin, Germany;-;2.2
I6375;12/16/2025 00:50;U027;P082;TipInt001;Regular Day;Berlin, Germany;10;4.5
I6376;10/18/2025 04:18;U137;P089;TipInt001;Regular Day;Paris, France;3;3.7
I6377;1/05/2026 19:33;U102;P069;TipInt003;Spring Sale;New York, USA;5;4.6
I6378;1/18/2026 02:07;U106;P070;TipInt001;Cyber Monday;Paris, France;4;4.5
I6379;1/21/2026 15:02;U021;P089;TipInt001;Cyber Monday;Sydney, Australia;3;4.6
I6380;11/28/2025 01:53;U060;P065;TipInt003;Cyber Monday;Sydney, Australia;9;2.7
I6381;10/22/2025 02:11;U043;P017;TipInt002;Black Friday;Paris, France;2;3.5
I6382;10/16/2025 03:51;U092;P028;TipInt003;Holiday Sale;New York, USA;5;2
I6383;10/10/2025 13:05;U050;P073;TipInt006;Regular Day;Toronto, Canada;1;1.3
I6384;1/14/2026 14:56;U041;P003;TipInt006;Black Friday;Toronto, Canada;7;4.6
I6385;10/09/2025 00:13;U110;P048;TipInt001;Regular Day;Sydney, Australia;6;4.6
I6386;1/05/2026 20:13;U021;P092;TipInt003;Regular Day;Toronto, Canada;9;4.2
I6387;11/28/2025 23:21;U087;P065;TipInt002;Black Friday;Paris, France;-;2.7
I6388;1/02/2026 13:38;U012;P048;TipInt005;Regular Day;Toronto, Canada;7;2.2
I6389;12/05/2025 18:34;U138;P049;TipInt004;Regular Day;London, UK;10;1.7
I6390;12/11/2025 22:07;U043;P038;TipInt005;Regular Day;Sydney, Australia;8;2.7
I6391;12/20/2025 18:10;U112;P086;TipInt005;Holiday Sale;Sydney, Australia;-;1.5
I6392;12/26/2025 18:55;U134;P081;TipInt002;Black Friday;Toronto, Canada;2;1.9
I6393;12/08/2025 16:15;U137;P054;TipInt003;Holiday Sale;London, UK;-;2.7
I6394;10/11/2025 23:16;U053;P083;TipInt004;Spring Sale;Sydney, Australia;6;4.2
I6395;12/31/2025 03:38;U004;P073;TipInt003;Regular Day;London, UK;2;1.8
I6396;11/01/2025 02:04;U015;P059;TipInt006;Holiday Sale;Paris, France;5;1.6
I6397;1/11/2026 23:56;U068;P097;TipInt002;Holiday Sale;Paris, France;4;3.1
I6398;12/06/2025 03:02;U075;P086;TipInt003;Holiday Sale;New York, USA;9;3.6
I6399;1/11/2026 21:36;U025;P064;TipInt004;Cyber Monday;Berlin, Germany;2;3.8
I6400;11/08/2025 12:22;U024;P092;TipInt006;Holiday Sale;Paris, France;4;1.4
I6401;10/26/2025 21:45;U042;P070;TipInt002;Cyber Monday;London, UK;4;4
I6402;12/05/2025 17:05;U019;P015;TipInt006;Holiday Sale;Sydney, Australia;2;2.1
I6403;1/02/2026 08:45;U110;P034;TipInt003;Spring Sale;Paris, France;9;2.8
I6404;10/26/2025 03:31;U103;P025;TipInt006;Regular Day;London, UK;9;2.1
I6405;10/27/2025 07:08;U130;P084;TipInt004;Cyber Monday;Paris, France;4;4.4
I6406;12/07/2025 22:14;U117;P095;TipInt006;Cyber Monday;Toronto, Canada;9;2.6
I6407;12/08/2025 01:23;U125;P029;TipInt003;Holiday Sale;London, UK;5;3
I6408;12/17/2025 03:02;U129;P016;TipInt006;Spring Sale;Paris, France;9;4.3
I6409;11/16/2025 05:25;U043;P099;TipInt005;Holiday Sale;Toronto, Canada;8;1.4
I6410;1/14/2026 03:36;U045;P020;TipInt003;Regular Day;New York, USA;10;1.4
I6411;1/27/2026 07:27;U019;P045;TipInt001;Spring Sale;Berlin, Germany;6;4.9
I6412;10/14/2025 18:45;U071;P013;TipInt001;Holiday Sale;New York, USA;9;1.2
I6413;10/23/2025 11:04;U140;P072;TipInt002;Holiday Sale;Toronto, Canada;3;4.5
I6414;11/02/2025 21:55;U134;P057;TipInt002;Holiday Sale;New York, USA;1;3.6
I6415;11/13/2025 21:43;U055;P010;TipInt001;Black Friday;Toronto, Canada;2;3.8
I6416;11/24/2025 21:44;U021;P029;TipInt006;Black Friday;Berlin, Germany;3;2.8
I6417;12/19/2025 21:23;U068;P012;TipInt005;Regular Day;Toronto, Canada;5;1.3
I6418;12/19/2025 11:13;U111;P078;TipInt003;Cyber Monday;Berlin, Germany;5;2.9
I6419;1/03/2026 20:31;U101;P059;TipInt006;Regular Day;Berlin, Germany;9;4
I6420;12/28/2025 22:39;U065;P051;TipInt002;Holiday Sale;Sydney, Australia;4;2.2
I6421;1/09/2026 16:44;U034;P027;TipInt004;Cyber Monday;Berlin, Germany;2;3.4
I6422;1/29/2026 05:35;U086;P099;TipInt004;Regular Day;Berlin, Germany;7;1.5
I6423;1/15/2026 04:35;U136;P057;TipInt006;Holiday Sale;London, UK;1;4.3
I6424;11/17/2025 04:53;U133;P006;TipInt005;Regular Day;Sydney, Australia;6;4.1
I6425;10/26/2025 15:48;U105;P095;TipInt004;Cyber Monday;Toronto, Canada;10;2.3
I6426;12/03/2025 10:48;U077;P070;TipInt005;Black Friday;Paris, France;9;1.8
I6427;11/21/2025 01:48;U117;P089;TipInt002;Cyber Monday;New York, USA;2;3.6
I6428;1/26/2026 07:14;U110;P041;TipInt003;Spring Sale;Sydney, Australia;9;3.5
I6429;10/31/2025 07:14;U133;P018;TipInt003;Regular Day;Paris, France;2;3.8
I6430;10/07/2025 10:07;U012;P029;TipInt001;Holiday Sale;Berlin, Germany;3;3.3
I6431;12/12/2025 00:01;U037;P062;TipInt002;Regular Day;New York, USA;4;4.5
I6432;12/15/2025 11:43;U111;P031;TipInt003;Regular Day;Berlin, Germany;8;4.1
I6433;11/16/2025 19:23;U141;P020;TipInt004;Holiday Sale;London, UK;4;2.6
I6434;1/24/2026 05:59;U136;P079;TipInt002;Black Friday;Paris, France;5;1.8
I6435;10/18/2025 10:21;U119;P002;TipInt006;Holiday Sale;Toronto, Canada;9;3.3
I6436;11/14/2025 18:47;U006;P047;TipInt001;Spring Sale;Paris, France;1;3.5
I6437;11/10/2025 13:46;U024;P046;TipInt005;Black Friday;New York, USA;4;5
I6438;10/13/2025 07:00;U065;P080;TipInt002;Black Friday;New York, USA;7;1.9
I6439;10/27/2025 19:34;U118;P079;TipInt002;Black Friday;London, UK;1;3.2
I6440;11/12/2025 04:43;U121;P063;TipInt003;Spring Sale;Sydney, Australia;2;3.3
I6441;12/21/2025 11:41;U132;P078;TipInt004;Spring Sale;Sydney, Australia;5;5
I6442;10/25/2025 02:04;U072;P002;TipInt002;Holiday Sale;Paris, France;6;3
I6443;12/13/2025 06:41;U117;P062;TipInt003;Spring Sale;New York, USA;7;2
I6444;1/13/2026 13:18;U046;P032;TipInt001;Spring Sale;Sydney, Australia;7;3.5
I6445;1/31/2026 11:06;U078;P079;TipInt001;Spring Sale;Paris, France;8;1.8
I6446;11/30/2025 23:59;U124;P017;TipInt006;Regular Day;Berlin, Germany;10;2.2
I6447;11/28/2025 09:49;U023;P026;TipInt002;Cyber Monday;Berlin, Germany;7;2.9
I6448;12/02/2025 04:12;U119;P017;TipInt004;Spring Sale;London, UK;10;3.4
I6449;12/26/2025 03:14;U060;P087;TipInt003;Cyber Monday;New York, USA;6;2.1
I6450;10/11/2025 11:59;U048;P045;TipInt001;Regular Day;New York, USA;2;4.1
I6451;1/25/2026 07:53;U136;P068;TipInt002;Regular Day;Berlin, Germany;7;3.1
I6452;12/18/2025 16:13;U053;P051;TipInt003;Regular Day;Sydney, Australia;8;1.1
I6453;12/08/2025 12:39;U147;P073;TipInt006;Spring Sale;New York, USA;8;1.7
I6454;11/28/2025 18:36;U057;P056;TipInt004;Holiday Sale;London, UK;4;2
I6455;10/29/2025 19:09;U145;P030;TipInt005;Spring Sale;Sydney, Australia;-;3.4
I6456;10/18/2025 15:43;U107;P050;TipInt005;Regular Day;Berlin, Germany;3;1.3
I6457;10/24/2025 23:03;U048;P009;TipInt001;Regular Day;Berlin, Germany;3;3.4
I6458;11/15/2025 11:11;U135;P082;TipInt004;Cyber Monday;New York, USA;1;2
I6459;12/01/2025 11:29;U087;P081;TipInt005;Cyber Monday;Paris, France;9;2.5
I6460;12/24/2025 23:57;U136;P009;TipInt001;Spring Sale;Sydney, Australia;2;4.4
I6461;10/14/2025 12:56;U143;P035;TipInt006;Regular Day;Berlin, Germany;2;1.5
I6462;10/15/2025 13:52;U093;P026;TipInt006;Holiday Sale;London, UK;-;3.8
I6463;12/05/2025 01:07;U134;P028;TipInt001;Holiday Sale;London, UK;7;1.6
I6464;12/05/2025 07:20;U071;P020;TipInt002;Holiday Sale;Berlin, Germany;1;3.2
I6465;11/05/2025 10:29;U022;P095;TipInt003;Cyber Monday;Sydney, Australia;1;2.9
I6466;11/11/2025 13:34;U035;P072;TipInt002;Cyber Monday;Berlin, Germany;8;1.2
I6467;10/29/2025 11:10;U062;P086;TipInt006;Regular Day;Sydney, Australia;5;4.1
I6468;10/06/2025 07:00;U076;P053;TipInt002;Black Friday;London, UK;6;1.5
I6469;12/11/2025 15:00;U121;P017;TipInt006;Spring Sale;Sydney, Australia;9;4
I6470;9/29/2025 04:33;U075;P077;TipInt003;Black Friday;London, UK;6;3.3
I6471;1/25/2026 06:06;U043;P074;TipInt004;Holiday Sale;Paris, France;2;1.7
I6472;9/30/2025 06:25;U089;P080;TipInt003;Black Friday;Toronto, Canada;3;3.5
I6473;1/15/2026 17:48;U090;P072;TipInt002;Cyber Monday;London, UK;10;2.4
I6474;1/04/2026 07:49;U093;P087;TipInt003;Black Friday;Paris, France;8;5
I6475;12/05/2025 17:07;U088;P096;TipInt003;Cyber Monday;Paris, France;8;2.6
I6476;1/04/2026 17:50;U055;P049;TipInt002;Black Friday;Paris, France;9;4.2
I6477;11/26/2025 07:22;U112;P023;TipInt004;Black Friday;Sydney, Australia;7;3.1
I6478;10/09/2025 03:35;U071;P029;TipInt002;Black Friday;Sydney, Australia;6;4
I6479;11/15/2025 19:33;U124;P031;TipInt005;Spring Sale;New York, USA;3;2.6
I6480;10/23/2025 20:20;U150;P089;TipInt004;Spring Sale;New York, USA;9;1.6
I6481;10/19/2025 11:44;U119;P013;TipInt003;Regular Day;Toronto, Canada;4;3.7
I6482;1/02/2026 10:55;U144;P003;TipInt003;Spring Sale;Berlin, Germany;6;3.9
I6483;12/23/2025 06:43;U072;P028;TipInt001;Holiday Sale;Toronto, Canada;7;1.3
I6484;1/26/2026 13:56;U043;P063;TipInt002;Black Friday;London, UK;9;2.3
I6485;10/01/2025 00:19;U090;P016;TipInt001;Spring Sale;Paris, France;5;2.6
I6486;12/27/2025 09:14;U017;P084;TipInt006;Cyber Monday;Toronto, Canada;7;3.7
I6487;12/12/2025 14:12;U120;P046;TipInt004;Black Friday;Berlin, Germany;6;1
I6488;1/25/2026 15:42;U012;P052;TipInt001;Black Friday;Toronto, Canada;1;4.9
I6489;11/08/2025 09:30;U065;P040;TipInt005;Cyber Monday;New York, USA;4;1.8
I6490;10/11/2025 23:07;U093;P096;TipInt005;Regular Day;Paris, France;2;1.7
I6491;1/31/2026 00:06;U007;P084;TipInt005;Spring Sale;New York, USA;-;2.2
I6492;10/07/2025 03:39;U138;P075;TipInt004;Cyber Monday;Sydney, Australia;8;3.4
I6493;12/07/2025 08:55;U008;P044;TipInt006;Regular Day;London, UK;5;2.7
I6494;12/29/2025 00:55;U013;P050;TipInt006;Black Friday;New York, USA;8;4.8
I6495;10/13/2025 07:25;U141;P052;TipInt002;Holiday Sale;Sydney, Australia;8;1.9
I6496;11/23/2025 16:11;U045;P032;TipInt006;Holiday Sale;Toronto, Canada;1;2.4
I6497;10/21/2025 05:31;U148;P051;TipInt002;Cyber Monday;Paris, France;1;2.2
I6498;1/11/2026 09:58;U083;P084;TipInt003;Cyber Monday;Toronto, Canada;8;2.3
I6499;12/26/2025 00:24;U106;P051;TipInt003;Regular Day;Paris, France;1;4.6
I6500;12/15/2025 08:31;U081;P056;TipInt003;Black Friday;Paris, France;2;1.2
I6501;1/17/2026 19:18;U007;P042;TipInt003;Holiday Sale;Toronto, Canada;10;4.6
I6502;1/03/2026 22:03;U083;P064;TipInt006;Cyber Monday;New York, USA;1;1.2
I6503;11/13/2025 19:26;U112;P027;TipInt001;Spring Sale;Paris, France;-;1.9
I6504;12/31/2025 18:21;U019;P011;TipInt006;Regular Day;Toronto, Canada;-;4.9
I6505;12/15/2025 20:26;U085;P080;TipInt001;Regular Day;Berlin, Germany;6;4.7
I6506;1/23/2026 19:50;U142;P027;TipInt003;Cyber Monday;London, UK;4;4.2
I6507;10/16/2025 10:05;U035;P052;TipInt001;Holiday Sale;Paris, France;4;1.8
I6508;12/28/2025 10:19;U136;P080;TipInt003;Holiday Sale;Berlin, Germany;7;4.5
I6509;10/16/2025 10:12;U028;P066;TipInt003;Regular Day;Paris, France;1;4.9
I6510;1/09/2026 23:10;U076;P092;TipInt005;Holiday Sale;Paris, France;6;4.8
I6511;11/18/2025 11:18;U038;P080;TipInt005;Regular Day;Sydney, Australia;3;2
I6512;11/19/2025 03:59;U087;P021;TipInt001;Black Friday;Toronto, Canada;3;2.1
I6513;12/12/2025 20:45;U054;P012;TipInt006;Regular Day;New York, USA;5;3.5
I6514;10/06/2025 10:43;U009;P050;TipInt002;Regular Day;Toronto, Canada;7;4.8
I6515;12/24/2025 01:11;U027;P084;TipInt001;Holiday Sale;Sydney, Australia;6;4
I6516;11/20/2025 03:56;U089;P016;TipInt004;Holiday Sale;Berlin, Germany;1;3
I6517;12/24/2025 13:49;U138;P075;TipInt002;Cyber Monday;London, UK;3;1.5
I6518;10/03/2025 12:15;U059;P006;TipInt005;Regular Day;Toronto, Canada;8;3.5
I6519;12/24/2025 13:43;U120;P024;TipInt006;Cyber Monday;London, UK;4;4.1
I6520;1/14/2026 08:42;U016;P065;TipInt005;Spring Sale;Sydney, Australia;6;4.1
I6521;1/10/2026 10:12;U072;P067;TipInt003;Black Friday;London, UK;9;2.7
I6522;12/20/2025 15:12;U004;P025;TipInt003;Regular Day;New York, USA;-;4.2
I6523;12/31/2025 02:01;U011;P099;TipInt002;Black Friday;Sydney, Australia;6;3.2
I6524;10/21/2025 19:06;U031;P055;TipInt001;Black Friday;Paris, France;9;1.3
I6525;1/24/2026 07:37;U041;P038;TipInt006;Black Friday;Paris, France;4;2.3
I6526;1/24/2026 06:35;U094;P026;TipInt002;Regular Day;Sydney, Australia;5;2.1
I6527;1/16/2026 18:23;U037;P038;TipInt004;Spring Sale;New York, USA;9;1.4
I6528;10/16/2025 14:55;U094;P082;TipInt001;Cyber Monday;London, UK;1;1.2
I6529;10/27/2025 21:14;U052;P036;TipInt001;Holiday Sale;Paris, France;-;1.1
I6530;11/18/2025 16:43;U085;P093;TipInt002;Cyber Monday;Toronto, Canada;-;2.9
I6531;12/11/2025 02:18;U019;P024;TipInt004;Black Friday;New York, USA;2;3.5
I6532;10/05/2025 08:16;U137;P087;TipInt005;Regular Day;Paris, France;-;1.8
I6533;10/01/2025 18:07;U090;P008;TipInt003;Spring Sale;New York, USA;5;2.7
I6534;10/21/2025 00:35;U109;P013;TipInt004;Cyber Monday;Toronto, Canada;2;3.5
I6535;11/07/2025 01:16;U030;P006;TipInt006;Black Friday;Toronto, Canada;1;4.1
I6536;11/13/2025 23:30;U061;P005;TipInt005;Holiday Sale;New York, USA;-;2.1
I6537;10/10/2025 10:43;U092;P035;TipInt003;Spring Sale;Paris, France;6;3.8
I6538;11/03/2025 16:16;U150;P091;TipInt002;Black Friday;Sydney, Australia;7;2.2
I6539;10/22/2025 00:20;U019;P001;TipInt002;Spring Sale;Toronto, Canada;6;2.1
I6540;12/23/2025 12:20;U082;P064;TipInt001;Spring Sale;London, UK;5;2.6
I6541;11/21/2025 08:07;U084;P059;TipInt004;Spring Sale;Paris, France;8;1.4
I6542;11/18/2025 10:47;U008;P090;TipInt002;Spring Sale;Berlin, Germany;6;2.5
I6543;10/22/2025 08:22;U065;P042;TipInt005;Holiday Sale;Berlin, Germany;1;4.3
I6544;12/22/2025 14:39;U065;P040;TipInt002;Cyber Monday;Paris, France;4;4.6
I6545;10/12/2025 07:02;U034;P045;TipInt006;Spring Sale;Toronto, Canada;3;2.5
I6546;9/29/2025 12:48;U089;P029;TipInt001;Cyber Monday;Berlin, Germany;-;3.4
I6547;11/04/2025 21:46;U017;P081;TipInt003;Spring Sale;Paris, France;4;2
I6548;12/23/2025 22:09;U062;P022;TipInt001;Spring Sale;Paris, France;5;2.9
I6549;10/24/2025 21:46;U117;P050;TipInt004;Holiday Sale;Paris, France;6;4.6
I6550;11/15/2025 08:45;U060;P037;TipInt005;Spring Sale;London, UK;1;3.8
I6551;1/14/2026 20:31;U043;P033;TipInt003;Black Friday;London, UK;5;2.6
I6552;12/13/2025 22:20;U092;P095;TipInt001;Regular Day;London, UK;1;2.5
I6553;10/30/2025 09:14;U132;P027;TipInt005;Spring Sale;Paris, France;7;3.9
I6554;11/08/2025 07:45;U049;P099;TipInt006;Regular Day;Toronto, Canada;5;1.1
I6555;11/09/2025 17:07;U103;P004;TipInt006;Cyber Monday;Berlin, Germany;1;3.4
I6556;12/03/2025 10:44;U126;P036;TipInt002;Black Friday;Sydney, Australia;7;2
I6557;12/14/2025 18:41;U106;P008;TipInt004;Regular Day;London, UK;5;4.8
I6558;1/01/2026 19:40;U114;P068;TipInt004;Holiday Sale;Toronto, Canada;5;3.9
I6559;10/25/2025 09:04;U057;P094;TipInt003;Black Friday;New York, USA;6;3
I6560;9/29/2025 22:41;U073;P025;TipInt003;Black Friday;Toronto, Canada;4;4.1
I6561;1/05/2026 14:43;U002;P046;TipInt004;Black Friday;Berlin, Germany;7;4.5
I6562;1/15/2026 08:55;U061;P001;TipInt006;Regular Day;Berlin, Germany;6;4.4
I6563;1/16/2026 07:07;U126;P038;TipInt003;Regular Day;London, UK;7;1.3
I6564;10/02/2025 17:26;U049;P028;TipInt003;Spring Sale;Paris, France;6;2.7
I6565;1/12/2026 10:47;U095;P032;TipInt002;Black Friday;Paris, France;5;2.9
I6566;10/20/2025 07:25;U021;P019;TipInt003;Spring Sale;London, UK;4;1.4
I6567;1/22/2026 09:24;U101;P066;TipInt001;Spring Sale;Berlin, Germany;1;4.6
I6568;11/17/2025 18:14;U040;P046;TipInt001;Spring Sale;Sydney, Australia;5;4.4
I6569;10/22/2025 17:42;U115;P028;TipInt002;Cyber Monday;Berlin, Germany;2;1.2
I6570;10/03/2025 23:07;U024;P078;TipInt004;Cyber Monday;New York, USA;9;4.7
I6571;12/09/2025 03:19;U025;P001;TipInt005;Cyber Monday;Paris, France;9;3.4
I6572;12/16/2025 17:29;U047;P013;TipInt005;Spring Sale;Berlin, Germany;8;3.6
I6573;10/22/2025 15:36;U014;P043;TipInt001;Regular Day;Toronto, Canada;5;4.1
I6574;12/28/2025 03:04;U058;P079;TipInt005;Regular Day;Sydney, Australia;10;2.5
I6575;11/09/2025 17:12;U141;P083;TipInt001;Regular Day;Berlin, Germany;2;2.7
I6576;12/24/2025 00:33;U017;P099;TipInt003;Cyber Monday;London, UK;10;2.2
I6577;11/08/2025 16:42;U092;P072;TipInt004;Regular Day;New York, USA;10;2.1
I6578;10/25/2025 10:54;U138;P036;TipInt001;Cyber Monday;London, UK;8;1.5
I6579;11/21/2025 11:48;U018;P007;TipInt006;Cyber Monday;Berlin, Germany;10;3
I6580;1/24/2026 15:32;U093;P006;TipInt004;Cyber Monday;Sydney, Australia;2;1.6
I6581;10/03/2025 20:35;U048;P082;TipInt001;Black Friday;New York, USA;2;4.4
I6582;10/05/2025 20:22;U010;P082;TipInt004;Black Friday;Sydney, Australia;3;4.8
I6583;12/26/2025 15:02;U035;P037;TipInt003;Regular Day;Sydney, Australia;10;3.3
I6584;12/22/2025 10:44;U033;P074;TipInt001;Spring Sale;Toronto, Canada;5;1.4
I6585;10/20/2025 06:50;U109;P052;TipInt005;Holiday Sale;Sydney, Australia;10;1.5
I6586;1/09/2026 16:49;U111;P013;TipInt004;Cyber Monday;Toronto, Canada;8;4.7
I6587;10/09/2025 14:06;U022;P085;TipInt003;Regular Day;London, UK;6;3.4
I6588;1/16/2026 02:00;U071;P073;TipInt002;Spring Sale;Toronto, Canada;10;4.3
I6589;12/02/2025 15:05;U098;P088;TipInt005;Spring Sale;Toronto, Canada;8;1.8
I6590;1/26/2026 00:23;U145;P090;TipInt006;Regular Day;London, UK;1;1.5
I6591;10/29/2025 02:23;U090;P045;TipInt004;Holiday Sale;Berlin, Germany;3;1.7
I6592;11/25/2025 00:34;U128;P086;TipInt002;Regular Day;Paris, France;-;4.9
I6593;12/21/2025 03:10;U065;P027;TipInt003;Regular Day;Sydney, Australia;8;2.9
I6594;12/02/2025 13:23;U035;P096;TipInt002;Regular Day;Toronto, Canada;5;1.5
I6595;9/29/2025 07:28;U114;P019;TipInt006;Black Friday;New York, USA;4;4.3
I6596;1/29/2026 16:10;U125;P096;TipInt003;Black Friday;Sydney, Australia;6;3.4
I6597;10/10/2025 21:58;U092;P058;TipInt002;Black Friday;Toronto, Canada;-;2.4
I6598;10/23/2025 16:42;U034;P073;TipInt004;Holiday Sale;Toronto, Canada;9;4.8
I6599;10/19/2025 00:48;U150;P041;TipInt005;Holiday Sale;London, UK;1;1.3
I6600;11/10/2025 15:20;U146;P036;TipInt001;Black Friday;London, UK;-;1.5
I6601;10/21/2025 10:53;U055;P025;TipInt004;Regular Day;New York, USA;5;1.1
I6602;1/30/2026 21:00;U048;P036;TipInt006;Black Friday;Toronto, Canada;7;2.6
I6603;12/01/2025 17:28;U044;P086;TipInt005;Spring Sale;New York, USA;10;1.7
I6604;11/09/2025 17:53;U075;P094;TipInt001;Cyber Monday;Berlin, Germany;10;3
I6605;11/07/2025 22:15;U044;P093;TipInt004;Cyber Monday;Sydney, Australia;4;3.3
I6606;10/12/2025 13:09;U030;P028;TipInt003;Black Friday;Sydney, Australia;6;2.6
I6607;12/20/2025 21:06;U149;P067;TipInt006;Regular Day;London, UK;8;2.7
I6608;1/17/2026 19:42;U091;P063;TipInt003;Holiday Sale;London, UK;4;3
I6609;11/02/2025 11:59;U134;P052;TipInt002;Holiday Sale;New York, USA;2;4.7
I6610;1/09/2026 11:32;U149;P090;TipInt004;Holiday Sale;New York, USA;4;4.4
I6611;10/17/2025 07:25;U062;P082;TipInt004;Holiday Sale;London, UK;2;3.8
I6612;12/14/2025 09:40;U086;P036;TipInt002;Cyber Monday;Berlin, Germany;10;3
I6613;1/21/2026 11:32;U118;P057;TipInt006;Regular Day;Toronto, Canada;7;4.9
I6614;1/30/2026 11:11;U099;P052;TipInt002;Black Friday;Toronto, Canada;10;1
I6615;11/18/2025 13:00;U035;P008;TipInt004;Spring Sale;Toronto, Canada;4;3.2
I6616;11/26/2025 01:54;U006;P072;TipInt004;Black Friday;New York, USA;8;1.1
I6617;10/03/2025 01:15;U130;P028;TipInt003;Holiday Sale;Sydney, Australia;6;4
I6618;1/22/2026 01:33;U034;P067;TipInt003;Regular Day;Toronto, Canada;-;3.7
I6619;10/19/2025 12:01;U131;P045;TipInt001;Spring Sale;Paris, France;7;4.7
I6620;1/05/2026 19:14;U087;P015;TipInt006;Holiday Sale;London, UK;4;1.8
I6621;11/26/2025 03:36;U131;P040;TipInt006;Holiday Sale;Paris, France;10;3.6
I6622;11/23/2025 20:10;U035;P010;TipInt003;Black Friday;London, UK;1;4.6
I6623;12/27/2025 12:52;U094;P053;TipInt003;Black Friday;London, UK;1;3.7
I6624;12/06/2025 18:07;U141;P060;TipInt006;Regular Day;Berlin, Germany;1;4
I6625;1/10/2026 18:31;U090;P084;TipInt003;Regular Day;Berlin, Germany;2;4
I6626;12/08/2025 07:56;U055;P038;TipInt002;Holiday Sale;Toronto, Canada;1;2
I6627;1/05/2026 11:59;U146;P090;TipInt002;Regular Day;New York, USA;7;4.7
I6628;11/01/2025 23:01;U076;P028;TipInt006;Spring Sale;Sydney, Australia;8;4.2
I6629;10/05/2025 17:19;U038;P005;TipInt004;Spring Sale;New York, USA;10;1.5
I6630;10/21/2025 18:41;U097;P099;TipInt002;Spring Sale;Sydney, Australia;2;3.9
I6631;11/27/2025 20:29;U012;P002;TipInt003;Holiday Sale;London, UK;7;1.6
I6632;10/18/2025 12:17;U013;P055;TipInt004;Spring Sale;New York, USA;8;2.6
I6633;9/29/2025 23:06;U040;P014;TipInt004;Black Friday;Sydney, Australia;4;3.9
I6634;1/17/2026 17:58;U018;P031;TipInt005;Black Friday;New York, USA;4;2.6
I6635;1/18/2026 19:53;U028;P043;TipInt003;Black Friday;New York, USA;9;1.1
I6636;11/20/2025 16:41;U067;P038;TipInt001;Regular Day;Sydney, Australia;4;2.4
I6637;12/15/2025 22:41;U146;P011;TipInt006;Cyber Monday;Sydney, Australia;9;1.8
I6638;10/28/2025 05:41;U141;P088;TipInt003;Cyber Monday;Sydney, Australia;-;2.3
I6639;11/25/2025 07:59;U082;P049;TipInt001;Regular Day;London, UK;9;4.5
I6640;12/25/2025 16:27;U101;P066;TipInt006;Holiday Sale;London, UK;6;1.4
I6641;12/27/2025 13:37;U068;P044;TipInt002;Regular Day;Sydney, Australia;4;2.8
I6642;12/31/2025 19:22;U129;P064;TipInt003;Spring Sale;Berlin, Germany;10;3.8
I6643;1/10/2026 05:16;U137;P076;TipInt006;Holiday Sale;Paris, France;4;3.9
I6644;10/31/2025 10:22;U092;P073;TipInt006;Spring Sale;Paris, France;5;4.6
I6645;10/28/2025 15:28;U136;P033;TipInt003;Cyber Monday;Toronto, Canada;8;2.1
I6646;11/11/2025 15:00;U052;P068;TipInt006;Spring Sale;New York, USA;7;4.6
I6647;1/18/2026 11:13;U032;P007;TipInt004;Cyber Monday;London, UK;7;3.9
I6648;11/23/2025 00:07;U114;P077;TipInt003;Spring Sale;Paris, France;9;3
I6649;1/18/2026 21:24;U085;P044;TipInt001;Holiday Sale;Paris, France;2;4.6
I6650;1/31/2026 04:58;U091;P065;TipInt001;Black Friday;New York, USA;5;3.4
I6651;11/09/2025 22:08;U100;P063;TipInt006;Regular Day;New York, USA;8;3.6
I6652;11/15/2025 12:39;U064;P052;TipInt004;Cyber Monday;Berlin, Germany;7;4.6
I6653;12/13/2025 14:43;U054;P065;TipInt001;Holiday Sale;Sydney, Australia;10;1.1
I6654;12/20/2025 04:14;U083;P047;TipInt006;Spring Sale;Paris, France;3;1
I6655;12/12/2025 06:17;U053;P092;TipInt003;Spring Sale;London, UK;1;1.1
I6656;10/26/2025 15:15;U041;P044;TipInt004;Holiday Sale;New York, USA;5;4.6
I6657;11/24/2025 18:24;U041;P067;TipInt006;Holiday Sale;Toronto, Canada;9;2.4
I6658;10/03/2025 14:12;U101;P019;TipInt004;Spring Sale;Toronto, Canada;2;3
I6659;1/12/2026 01:50;U111;P089;TipInt006;Holiday Sale;Sydney, Australia;2;2.7
I6660;10/26/2025 13:42;U142;P005;TipInt001;Spring Sale;Toronto, Canada;8;2
I6661;12/07/2025 22:41;U054;P022;TipInt002;Holiday Sale;Sydney, Australia;10;4
I6662;10/21/2025 17:33;U067;P071;TipInt001;Holiday Sale;Sydney, Australia;9;3.4
I6663;10/27/2025 11:11;U002;P024;TipInt006;Regular Day;New York, USA;1;3.9
I6664;11/30/2025 07:14;U006;P074;TipInt005;Holiday Sale;Berlin, Germany;6;4.7
I6665;10/18/2025 21:35;U119;P084;TipInt001;Holiday Sale;Toronto, Canada;8;3.1
I6666;10/26/2025 20:46;U058;P005;TipInt001;Holiday Sale;Toronto, Canada;3;3
I6667;12/08/2025 21:22;U096;P091;TipInt006;Black Friday;Berlin, Germany;3;2.1
I6668;11/27/2025 03:21;U056;P082;TipInt005;Holiday Sale;Berlin, Germany;8;2.3
I6669;10/08/2025 13:53;U131;P003;TipInt005;Cyber Monday;New York, USA;5;4.9
I6670;10/09/2025 15:03;U143;P066;TipInt001;Cyber Monday;Sydney, Australia;2;1
I6671;12/24/2025 00:08;U018;P027;TipInt005;Regular Day;Paris, France;7;3.2
I6672;10/04/2025 06:41;U063;P092;TipInt001;Cyber Monday;Berlin, Germany;6;1.5
I6673;10/16/2025 13:05;U089;P042;TipInt006;Spring Sale;Berlin, Germany;-;4.1
I6674;10/14/2025 02:06;U077;P070;TipInt004;Black Friday;New York, USA;5;2.8
I6675;11/11/2025 18:00;U136;P069;TipInt004;Regular Day;Berlin, Germany;7;4.7
I6676;11/06/2025 10:59;U130;P059;TipInt002;Holiday Sale;Berlin, Germany;10;2
I6677;1/02/2026 05:31;U019;P011;TipInt005;Black Friday;Sydney, Australia;3;3.8
I6678;12/31/2025 11:51;U054;P025;TipInt004;Black Friday;Sydney, Australia;3;4.2
I6679;1/29/2026 18:27;U138;P028;TipInt001;Cyber Monday;Toronto, Canada;3;1.8
I6680;1/08/2026 14:46;U003;P026;TipInt001;Spring Sale;Berlin, Germany;6;2.4
I6681;1/31/2026 02:05;U003;P071;TipInt006;Cyber Monday;Toronto, Canada;7;4.3
I6682;1/23/2026 16:52;U050;P068;TipInt005;Black Friday;New York, USA;3;5
I6683;10/06/2025 23:02;U050;P049;TipInt001;Spring Sale;Berlin, Germany;4;1.3
I6684;12/22/2025 12:35;U065;P009;TipInt005;Regular Day;New York, USA;4;4.5
I6685;10/18/2025 21:02;U122;P011;TipInt001;Regular Day;Sydney, Australia;7;1.7
I6686;1/25/2026 07:36;U062;P028;TipInt005;Spring Sale;London, UK;8;4.1
I6687;10/06/2025 04:27;U088;P027;TipInt001;Black Friday;London, UK;6;3.6
I6688;1/28/2026 03:01;U145;P008;TipInt002;Regular Day;Paris, France;7;3.7
I6689;11/21/2025 07:19;U028;P009;TipInt003;Regular Day;New York, USA;10;1.2
I6690;12/23/2025 00:05;U094;P009;TipInt001;Cyber Monday;Paris, France;10;4.8
I6691;10/01/2025 09:53;U033;P025;TipInt005;Holiday Sale;New York, USA;9;3.7
I6692;11/16/2025 09:59;U047;P055;TipInt005;Holiday Sale;Toronto, Canada;1;1.9
I6693;12/05/2025 23:31;U011;P090;TipInt005;Cyber Monday;Berlin, Germany;2;2.6
I6694;11/21/2025 18:42;U081;P033;TipInt003;Black Friday;Toronto, Canada;2;4.4
I6695;10/14/2025 08:35;U048;P022;TipInt002;Cyber Monday;Sydney, Australia;10;1.7
I6696;10/23/2025 05:33;U076;P091;TipInt006;Regular Day;Sydney, Australia;1;4.2
I6697;12/15/2025 10:42;U040;P050;TipInt003;Cyber Monday;London, UK;3;3.9
I6698;11/18/2025 15:36;U067;P042;TipInt003;Regular Day;Sydney, Australia;5;3.2
I6699;10/19/2025 15:11;U128;P019;TipInt002;Black Friday;New York, USA;2;3.7
I6700;12/21/2025 16:07;U114;P088;TipInt001;Cyber Monday;Berlin, Germany;8;3.5
I6701;11/28/2025 00:04;U076;P045;TipInt004;Cyber Monday;Sydney, Australia;2;2.9
I6702;12/24/2025 17:03;U106;P075;TipInt002;Holiday Sale;Paris, France;8;4.7
I6703;10/30/2025 21:07;U106;P056;TipInt002;Black Friday;Berlin, Germany;6;3.3
I6704;10/29/2025 03:21;U139;P074;TipInt001;Holiday Sale;London, UK;1;2.7
I6705;12/25/2025 23:24;U093;P054;TipInt004;Black Friday;Berlin, Germany;4;1.1
I6706;11/30/2025 15:10;U129;P005;TipInt006;Holiday Sale;Berlin, Germany;3;1.1
I6707;10/09/2025 11:51;U137;P067;TipInt001;Holiday Sale;Paris, France;9;3.7
I6708;1/20/2026 13:30;U036;P083;TipInt003;Cyber Monday;London, UK;2;2.6
I6709;1/28/2026 16:49;U032;P018;TipInt005;Spring Sale;Berlin, Germany;-;1.8
I6710;1/08/2026 00:08;U024;P008;TipInt002;Regular Day;Paris, France;2;4.3
I6711;1/19/2026 14:36;U101;P042;TipInt005;Regular Day;Sydney, Australia;-;3.8
I6712;11/04/2025 05:48;U004;P014;TipInt004;Black Friday;Toronto, Canada;5;4.8
I6713;12/16/2025 05:39;U106;P083;TipInt006;Holiday Sale;Paris, France;4;1.1
I6714;1/31/2026 04:56;U048;P003;TipInt001;Regular Day;Berlin, Germany;3;1.4
I6715;1/22/2026 19:11;U042;P054;TipInt004;Black Friday;London, UK;9;2.5
I6716;1/16/2026 16:21;U020;P055;TipInt002;Regular Day;Sydney, Australia;4;1
I6717;1/15/2026 16:31;U083;P077;TipInt001;Regular Day;New York, USA;5;4.7
I6718;10/07/2025 19:43;U065;P030;TipInt005;Cyber Monday;Toronto, Canada;9;4
I6719;1/14/2026 09:39;U147;P059;TipInt002;Holiday Sale;Sydney, Australia;2;2
I6720;10/24/2025 16:52;U082;P072;TipInt003;Spring Sale;Toronto, Canada;10;3.7
I6721;12/14/2025 22:42;U085;P096;TipInt005;Cyber Monday;London, UK;2;1.8
I6722;11/18/2025 06:48;U095;P087;TipInt004;Holiday Sale;Sydney, Australia;10;4.9
I6723;12/31/2025 00:15;U113;P099;TipInt002;Regular Day;London, UK;4;2.8
I6724;10/10/2025 13:42;U064;P014;TipInt002;Holiday Sale;London, UK;6;4.9
I6725;1/10/2026 17:38;U004;P004;TipInt001;Cyber Monday;Berlin, Germany;2;3
I6726;10/14/2025 21:06;U003;P087;TipInt004;Holiday Sale;Toronto, Canada;2;3.8
I6727;1/08/2026 07:31;U141;P059;TipInt006;Regular Day;Sydney, Australia;3;3.2
I6728;11/02/2025 17:50;U129;P055;TipInt002;Cyber Monday;Toronto, Canada;3;1.1
I6729;12/11/2025 19:21;U106;P028;TipInt005;Regular Day;Sydney, Australia;8;2.8
I6730;12/21/2025 05:57;U020;P063;TipInt003;Spring Sale;Berlin, Germany;-;3.5
I6731;1/24/2026 08:42;U098;P099;TipInt006;Regular Day;Toronto, Canada;1;4.6
I6732;10/03/2025 05:34;U037;P018;TipInt005;Spring Sale;Berlin, Germany;4;5
I6733;1/16/2026 17:18;U086;P096;TipInt001;Holiday Sale;Sydney, Australia;8;2.4
I6734;12/19/2025 21:21;U066;P078;TipInt002;Black Friday;New York, USA;1;2.9
I6735;12/13/2025 23:34;U096;P008;TipInt001;Black Friday;Berlin, Germany;6;4.1
I6736;10/03/2025 16:33;U014;P018;TipInt005;Cyber Monday;Paris, France;-;2.6
I6737;12/29/2025 00:43;U090;P089;TipInt004;Spring Sale;New York, USA;1;4.9
I6738;12/27/2025 08:53;U133;P078;TipInt006;Holiday Sale;Paris, France;3;3.6
I6739;12/16/2025 15:23;U131;P007;TipInt003;Spring Sale;Berlin, Germany;10;1.1
I6740;11/16/2025 23:00;U027;P007;TipInt004;Holiday Sale;London, UK;7;2.5
I6741;1/01/2026 21:43;U107;P036;TipInt005;Regular Day;New York, USA;10;3.9
I6742;12/11/2025 11:53;U026;P023;TipInt002;Regular Day;Paris, France;7;1.3
I6743;12/24/2025 15:15;U147;P019;TipInt006;Cyber Monday;Toronto, Canada;9;1.6
I6744;11/15/2025 00:52;U074;P070;TipInt006;Black Friday;Berlin, Germany;2;2.8
I6745;1/02/2026 23:34;U132;P043;TipInt001;Black Friday;London, UK;6;4.1
I6746;11/22/2025 23:34;U141;P002;TipInt004;Spring Sale;Toronto, Canada;6;2.9
I6747;12/09/2025 20:00;U108;P025;TipInt005;Black Friday;Toronto, Canada;2;4.9
I6748;1/29/2026 05:05;U058;P064;TipInt004;Cyber Monday;Sydney, Australia;5;1.8
I6749;12/03/2025 19:14;U138;P055;TipInt001;Holiday Sale;Paris, France;3;2.9
I6750;12/08/2025 23:46;U091;P087;TipInt002;Spring Sale;Sydney, Australia;3;2.2
I6751;10/23/2025 05:27;U052;P035;TipInt005;Spring Sale;Berlin, Germany;8;3.4
I6752;12/18/2025 18:54;U046;P072;TipInt004;Regular Day;Toronto, Canada;4;2.3
I6753;10/27/2025 20:02;U014;P069;TipInt004;Spring Sale;Berlin, Germany;2;4
I6754;10/27/2025 15:02;U018;P012;TipInt004;Cyber Monday;Toronto, Canada;1;3.3
I6755;12/16/2025 04:44;U075;P027;TipInt002;Regular Day;Sydney, Australia;9;2.8
I6756;12/08/2025 01:02;U037;P012;TipInt001;Black Friday;Berlin, Germany;6;3.9
I6757;10/26/2025 04:22;U055;P069;TipInt002;Regular Day;Toronto, Canada;1;4
I6758;11/16/2025 09:36;U046;P029;TipInt003;Holiday Sale;London, UK;2;4.9
I6759;12/11/2025 20:30;U089;P016;TipInt003;Spring Sale;Sydney, Australia;6;3.1
I6760;10/25/2025 19:36;U084;P022;TipInt003;Regular Day;Paris, France;9;1.2
I6761;1/31/2026 10:24;U109;P084;TipInt002;Regular Day;Toronto, Canada;3;3.9
I6762;10/11/2025 00:58;U091;P012;TipInt002;Spring Sale;Paris, France;10;3.5
I6763;12/11/2025 11:32;U096;P028;TipInt003;Cyber Monday;Berlin, Germany;3;2.9
I6764;10/15/2025 19:08;U006;P089;TipInt003;Cyber Monday;Toronto, Canada;8;3.1
I6765;12/30/2025 21:56;U060;P093;TipInt002;Spring Sale;New York, USA;1;1.1
I6766;12/14/2025 18:26;U044;P077;TipInt003;Black Friday;Berlin, Germany;8;2.2
I6767;1/21/2026 19:03;U022;P086;TipInt006;Spring Sale;Toronto, Canada;9;2.6
I6768;1/03/2026 11:56;U123;P083;TipInt002;Spring Sale;New York, USA;9;3.6
I6769;10/02/2025 11:10;U008;P054;TipInt005;Regular Day;Toronto, Canada;1;3.2
I6770;12/17/2025 11:35;U112;P066;TipInt005;Cyber Monday;New York, USA;9;2.9
I6771;1/18/2026 07:08;U013;P021;TipInt004;Spring Sale;Toronto, Canada;9;4.3
I6772;12/02/2025 18:44;U015;P098;TipInt002;Holiday Sale;London, UK;3;3.7
I6773;9/29/2025 09:47;U083;P095;TipInt002;Black Friday;New York, USA;4;1.5
I6774;12/08/2025 05:52;U108;P028;TipInt004;Regular Day;New York, USA;8;3.1
I6775;1/26/2026 22:54;U098;P008;TipInt001;Regular Day;Sydney, Australia;-;3.6
I6776;1/25/2026 19:35;U081;P090;TipInt001;Spring Sale;Paris, France;7;3.2
I6777;1/07/2026 09:57;U042;P087;TipInt005;Black Friday;Sydney, Australia;9;3.2
I6778;1/26/2026 12:13;U118;P010;TipInt001;Black Friday;New York, USA;4;1.8
I6779;12/24/2025 09:28;U055;P007;TipInt004;Regular Day;Toronto, Canada;2;3.3
I6780;11/22/2025 21:26;U080;P011;TipInt004;Cyber Monday;Sydney, Australia;6;2.5
I6781;11/01/2025 12:45;U043;P020;TipInt002;Black Friday;London, UK;-;4.7
I6782;1/10/2026 04:16;U036;P011;TipInt005;Black Friday;Toronto, Canada;4;1.5
I6783;12/21/2025 22:55;U082;P051;TipInt006;Spring Sale;New York, USA;5;2.5
I6784;10/23/2025 15:10;U126;P017;TipInt003;Cyber Monday;Berlin, Germany;8;2
I6785;10/01/2025 07:57;U117;P089;TipInt002;Holiday Sale;London, UK;3;1.5
I6786;10/06/2025 22:36;U116;P005;TipInt004;Spring Sale;Toronto, Canada;8;4.5
I6787;10/24/2025 21:56;U059;P097;TipInt004;Holiday Sale;Paris, France;10;3.9
I6788;10/02/2025 06:13;U006;P053;TipInt006;Cyber Monday;New York, USA;5;2.2
I6789;10/06/2025 08:29;U060;P011;TipInt005;Cyber Monday;London, UK;7;4.6
I6790;11/26/2025 20:34;U055;P009;TipInt001;Holiday Sale;Toronto, Canada;6;3.7
I6791;11/21/2025 16:48;U113;P022;TipInt004;Regular Day;New York, USA;3;1.2
I6792;12/01/2025 13:49;U040;P042;TipInt002;Black Friday;London, UK;7;2.8
I6793;12/04/2025 02:58;U121;P034;TipInt003;Holiday Sale;London, UK;6;4.4
I6794;1/06/2026 21:54;U135;P068;TipInt005;Holiday Sale;Sydney, Australia;6;4.5
I6795;11/23/2025 07:41;U147;P080;TipInt002;Regular Day;London, UK;3;2.5
I6796;11/09/2025 16:25;U114;P048;TipInt006;Cyber Monday;Toronto, Canada;4;2.3
I6797;11/19/2025 02:34;U087;P080;TipInt003;Holiday Sale;Toronto, Canada;3;4.5
I6798;10/12/2025 05:58;U059;P098;TipInt006;Regular Day;Paris, France;4;2.5
I6799;12/25/2025 03:06;U018;P077;TipInt004;Black Friday;Sydney, Australia;3;2.9
I6800;11/15/2025 12:49;U119;P065;TipInt005;Holiday Sale;London, UK;10;4
I6801;10/12/2025 16:20;U021;P076;TipInt001;Regular Day;London, UK;-;1.3
I6802;10/31/2025 00:06;U145;P084;TipInt004;Regular Day;Sydney, Australia;6;4.2
I6803;12/05/2025 05:06;U069;P030;TipInt005;Cyber Monday;New York, USA;3;4.5
I6804;11/10/2025 18:51;U036;P082;TipInt003;Cyber Monday;Paris, France;3;2.7
I6805;12/08/2025 17:23;U020;P008;TipInt006;Black Friday;Berlin, Germany;5;4.3
I6806;12/02/2025 15:41;U030;P046;TipInt004;Spring Sale;Paris, France;7;2.7
I6807;1/26/2026 04:55;U012;P081;TipInt001;Regular Day;Paris, France;4;1.2
I6808;11/19/2025 06:48;U094;P003;TipInt006;Cyber Monday;Paris, France;2;2.6
I6809;12/31/2025 13:54;U045;P012;TipInt001;Regular Day;Paris, France;-;4.7
I6810;12/13/2025 07:17;U074;P001;TipInt003;Holiday Sale;Paris, France;8;3.2
I6811;12/21/2025 06:28;U068;P041;TipInt003;Black Friday;Paris, France;-;1.7
I6812;1/18/2026 11:20;U117;P062;TipInt006;Holiday Sale;New York, USA;3;2.9
I6813;12/24/2025 02:21;U114;P001;TipInt006;Cyber Monday;Toronto, Canada;3;1.8
I6814;12/07/2025 15:55;U084;P044;TipInt001;Spring Sale;Berlin, Germany;1;3.3
I6815;11/28/2025 05:55;U122;P003;TipInt003;Regular Day;Berlin, Germany;9;2.5
I6816;1/20/2026 09:55;U125;P017;TipInt004;Black Friday;Toronto, Canada;3;4.8
I6817;10/04/2025 20:23;U013;P029;TipInt006;Regular Day;Toronto, Canada;6;1.6
I6818;10/31/2025 18:08;U051;P054;TipInt001;Spring Sale;London, UK;2;3
I6819;1/15/2026 20:31;U079;P091;TipInt001;Regular Day;London, UK;1;4.3
I6820;1/05/2026 16:40;U099;P088;TipInt003;Cyber Monday;Paris, France;10;2
I6821;1/26/2026 15:15;U046;P080;TipInt004;Regular Day;Sydney, Australia;10;2.6
I6822;11/24/2025 14:01;U091;P073;TipInt001;Holiday Sale;Toronto, Canada;5;2.1
I6823;1/22/2026 02:22;U025;P091;TipInt001;Spring Sale;New York, USA;6;3.6
I6824;12/17/2025 04:29;U037;P082;TipInt003;Black Friday;London, UK;9;4.9
I6825;11/18/2025 03:34;U090;P079;TipInt004;Regular Day;New York, USA;10;1.7
I6826;11/03/2025 11:37;U144;P073;TipInt006;Spring Sale;Toronto, Canada;3;2.6
I6827;11/02/2025 11:07;U112;P013;TipInt004;Regular Day;Toronto, Canada;2;3.9
I6828;12/28/2025 03:18;U029;P074;TipInt005;Regular Day;Sydney, Australia;2;1.4
I6829;11/21/2025 02:06;U016;P006;TipInt004;Spring Sale;London, UK;9;3.5
I6830;11/05/2025 05:26;U100;P007;TipInt003;Regular Day;Paris, France;9;1.5
I6831;10/15/2025 09:58;U021;P033;TipInt002;Regular Day;Paris, France;9;4.6
I6832;12/21/2025 01:34;U108;P096;TipInt002;Cyber Monday;Sydney, Australia;3;3
I6833;1/28/2026 18:43;U034;P048;TipInt002;Spring Sale;London, UK;9;3.3
I6834;10/02/2025 21:25;U137;P017;TipInt004;Holiday Sale;London, UK;5;1.3
I6835;11/21/2025 02:33;U046;P043;TipInt003;Cyber Monday;New York, USA;2;3
I6836;12/24/2025 19:49;U016;P013;TipInt001;Regular Day;Toronto, Canada;6;3.8
I6837;10/21/2025 09:59;U043;P055;TipInt005;Holiday Sale;New York, USA;10;2.5
I6838;1/04/2026 22:58;U046;P014;TipInt001;Spring Sale;Paris, France;7;4
I6839;1/01/2026 17:16;U020;P037;TipInt005;Spring Sale;New York, USA;4;2.3
I6840;12/29/2025 07:57;U127;P011;TipInt004;Black Friday;Paris, France;10;1.6
I6841;10/28/2025 13:46;U052;P091;TipInt001;Spring Sale;Paris, France;1;2.6
I6842;11/15/2025 13:57;U054;P010;TipInt002;Black Friday;Sydney, Australia;4;2.8
I6843;1/20/2026 14:56;U059;P027;TipInt004;Regular Day;Sydney, Australia;6;3.4
I6844;10/01/2025 15:37;U124;P055;TipInt005;Holiday Sale;Toronto, Canada;-;1.3
I6845;11/01/2025 10:14;U070;P086;TipInt004;Cyber Monday;New York, USA;4;3.6
I6846;11/26/2025 09:49;U068;P004;TipInt006;Cyber Monday;London, UK;8;3.6
I6847;12/04/2025 14:14;U072;P015;TipInt002;Spring Sale;Paris, France;4;1.3
I6848;11/30/2025 03:36;U096;P027;TipInt001;Black Friday;Berlin, Germany;8;3.4
I6849;12/27/2025 15:10;U131;P042;TipInt004;Spring Sale;London, UK;3;1.2
I6850;1/12/2026 20:37;U141;P047;TipInt002;Spring Sale;Paris, France;3;4.4
I6851;1/06/2026 08:22;U002;P073;TipInt004;Cyber Monday;Sydney, Australia;6;4.8
I6852;1/15/2026 10:58;U089;P012;TipInt002;Regular Day;Paris, France;5;3.3
I6853;10/15/2025 08:14;U054;P053;TipInt001;Black Friday;Paris, France;3;4.8
I6854;10/01/2025 21:43;U144;P071;TipInt003;Black Friday;Berlin, Germany;8;3
I6855;1/07/2026 01:53;U110;P096;TipInt003;Regular Day;New York, USA;7;2.8
I6856;12/26/2025 14:57;U030;P018;TipInt002;Spring Sale;New York, USA;3;4
I6857;11/15/2025 11:14;U082;P083;TipInt003;Cyber Monday;Berlin, Germany;5;2.6
I6858;12/21/2025 15:17;U116;P045;TipInt002;Cyber Monday;Toronto, Canada;-;3.1
I6859;11/24/2025 17:25;U013;P080;TipInt006;Spring Sale;New York, USA;7;4.1
I6860;11/27/2025 10:33;U061;P021;TipInt001;Spring Sale;Paris, France;5;2
I6861;12/25/2025 19:42;U115;P079;TipInt006;Cyber Monday;Berlin, Germany;1;4
I6862;12/12/2025 00:46;U143;P042;TipInt003;Regular Day;Berlin, Germany;9;1.5
I6863;10/12/2025 18:58;U019;P065;TipInt005;Regular Day;Paris, France;1;2.5
I6864;1/05/2026 04:48;U058;P005;TipInt002;Spring Sale;London, UK;8;2.4
I6865;1/26/2026 01:34;U064;P043;TipInt003;Cyber Monday;Toronto, Canada;-;1.9
I6866;10/06/2025 18:27;U075;P014;TipInt006;Spring Sale;New York, USA;7;3.2
I6867;11/09/2025 15:30;U107;P054;TipInt001;Cyber Monday;London, UK;5;4
I6868;1/15/2026 08:45;U149;P068;TipInt005;Holiday Sale;Paris, France;-;3.9
I6869;1/18/2026 15:33;U071;P001;TipInt003;Spring Sale;New York, USA;2;4.9
I6870;12/10/2025 15:54;U074;P073;TipInt006;Black Friday;Sydney, Australia;5;1.8
I6871;12/10/2025 00:04;U146;P045;TipInt004;Black Friday;New York, USA;3;1.3
I6872;12/22/2025 03:58;U087;P017;TipInt001;Regular Day;London, UK;7;1.1
I6873;1/07/2026 03:56;U037;P024;TipInt002;Holiday Sale;Toronto, Canada;7;3.9
I6874;11/28/2025 21:57;U051;P066;TipInt001;Spring Sale;Paris, France;6;4.3
I6875;12/05/2025 02:05;U036;P072;TipInt002;Regular Day;Berlin, Germany;1;1.7
I6876;10/01/2025 12:09;U068;P021;TipInt003;Spring Sale;Paris, France;10;1.7
I6877;1/28/2026 11:55;U107;P060;TipInt005;Black Friday;Berlin, Germany;6;3.6
I6878;11/10/2025 10:56;U098;P070;TipInt003;Spring Sale;Sydney, Australia;-;2.3
I6879;1/27/2026 10:18;U034;P051;TipInt006;Cyber Monday;Toronto, Canada;3;2
I6880;10/19/2025 02:06;U113;P093;TipInt001;Regular Day;Toronto, Canada;4;1.6
I6881;1/28/2026 19:28;U092;P044;TipInt004;Spring Sale;Paris, France;3;2.5
I6882;1/21/2026 13:09;U133;P047;TipInt005;Cyber Monday;New York, USA;4;3.3
I6883;1/29/2026 14:53;U015;P090;TipInt001;Cyber Monday;Berlin, Germany;9;1.2
I6884;12/30/2025 01:39;U036;P061;TipInt006;Spring Sale;London, UK;1;4.6
I6885;10/08/2025 18:11;U067;P088;TipInt005;Regular Day;Toronto, Canada;10;2.6
I6886;10/15/2025 04:55;U118;P011;TipInt002;Holiday Sale;New York, USA;6;2.9
I6887;12/21/2025 08:47;U140;P044;TipInt004;Black Friday;New York, USA;5;2.3
I6888;11/10/2025 04:41;U111;P083;TipInt004;Cyber Monday;Sydney, Australia;8;1.2
I6889;11/22/2025 06:05;U077;P085;TipInt001;Black Friday;Toronto, Canada;1;1.6
I6890;10/22/2025 19:37;U061;P022;TipInt005;Spring Sale;London, UK;2;3.6
I6891;12/30/2025 08:56;U091;P007;TipInt002;Regular Day;London, UK;9;1.7
I6892;10/09/2025 19:15;U032;P007;TipInt003;Cyber Monday;Paris, France;1;4.7
I6893;12/23/2025 07:28;U039;P048;TipInt001;Black Friday;Paris, France;4;4.2
I6894;12/16/2025 05:11;U030;P036;TipInt006;Spring Sale;London, UK;4;4.4
I6895;10/22/2025 12:25;U002;P051;TipInt003;Cyber Monday;New York, USA;3;4.9
I6896;10/06/2025 16:01;U148;P064;TipInt002;Cyber Monday;London, UK;7;3
I6897;11/29/2025 17:58;U012;P039;TipInt002;Holiday Sale;Sydney, Australia;3;2.6
I6898;11/13/2025 21:12;U035;P080;TipInt006;Cyber Monday;Paris, France;2;3.2
I6899;12/23/2025 04:37;U134;P067;TipInt005;Spring Sale;New York, USA;6;3.2
I6900;12/27/2025 10:43;U073;P042;TipInt003;Black Friday;Paris, France;5;4.7
I6901;10/13/2025 21:48;U131;P023;TipInt006;Cyber Monday;Toronto, Canada;9;3.8
I6902;11/06/2025 18:45;U002;P085;TipInt006;Cyber Monday;Berlin, Germany;5;1.8
I6903;12/09/2025 15:25;U020;P017;TipInt004;Spring Sale;Berlin, Germany;4;1.4
I6904;11/19/2025 11:24;U085;P035;TipInt006;Holiday Sale;London, UK;10;4
I6905;10/13/2025 00:18;U097;P037;TipInt001;Spring Sale;Paris, France;9;4.3
I6906;1/18/2026 18:08;U019;P094;TipInt003;Holiday Sale;London, UK;7;4.8
I6907;1/09/2026 11:44;U119;P010;TipInt004;Cyber Monday;Berlin, Germany;4;4.4
I6908;11/03/2025 10:24;U031;P004;TipInt002;Holiday Sale;London, UK;-;2.8
I6909;12/17/2025 16:45;U053;P004;TipInt001;Cyber Monday;London, UK;3;3.7
I6910;12/17/2025 20:20;U046;P069;TipInt001;Holiday Sale;Sydney, Australia;-;1.4
I6911;1/04/2026 13:33;U100;P072;TipInt005;Holiday Sale;Sydney, Australia;2;4.9
I6912;11/15/2025 13:12;U041;P010;TipInt002;Holiday Sale;Toronto, Canada;7;1.8
I6913;1/07/2026 00:10;U018;P070;TipInt005;Regular Day;Toronto, Canada;3;2.9
I6914;12/10/2025 10:35;U090;P003;TipInt001;Regular Day;Paris, France;10;1.7
I6915;12/22/2025 14:01;U017;P032;TipInt002;Cyber Monday;Paris, France;6;1.4
I6916;1/17/2026 20:33;U023;P063;TipInt005;Cyber Monday;London, UK;8;3.7
I6917;12/30/2025 10:18;U063;P003;TipInt003;Cyber Monday;Sydney, Australia;8;3.3
I6918;12/08/2025 13:11;U150;P030;TipInt004;Cyber Monday;Toronto, Canada;1;1.6
I6919;1/08/2026 06:55;U111;P053;TipInt005;Holiday Sale;London, UK;1;4.6
I6920;1/04/2026 00:11;U111;P065;TipInt005;Black Friday;Toronto, Canada;9;2.8
I6921;10/28/2025 11:37;U036;P025;TipInt003;Holiday Sale;Sydney, Australia;6;2.3
I6922;1/17/2026 21:24;U018;P063;TipInt004;Spring Sale;Paris, France;6;1.7
I6923;11/24/2025 21:37;U078;P003;TipInt001;Black Friday;Paris, France;8;1.4
I6924;9/29/2025 02:23;U127;P017;TipInt001;Holiday Sale;New York, USA;10;4.9
I6925;11/03/2025 21:36;U108;P050;TipInt003;Holiday Sale;New York, USA;3;1.9
I6926;1/04/2026 02:40;U111;P042;TipInt005;Regular Day;Berlin, Germany;8;1.9
I6927;1/15/2026 07:03;U009;P059;TipInt003;Black Friday;New York, USA;3;3.1
I6928;12/24/2025 00:38;U078;P092;TipInt002;Cyber Monday;Berlin, Germany;-;3.3
I6929;1/06/2026 05:44;U104;P066;TipInt002;Regular Day;Toronto, Canada;1;2.9
I6930;11/29/2025 19:55;U082;P074;TipInt005;Regular Day;Sydney, Australia;5;2.2
I6931;12/11/2025 04:07;U032;P011;TipInt006;Cyber Monday;London, UK;9;4.9
I6932;12/17/2025 04:56;U132;P097;TipInt003;Cyber Monday;Toronto, Canada;2;4.1
I6933;1/14/2026 13:50;U039;P065;TipInt006;Black Friday;Sydney, Australia;1;4.9
I6934;10/08/2025 19:12;U050;P047;TipInt006;Holiday Sale;New York, USA;6;3.2
I6935;12/18/2025 04:37;U058;P086;TipInt004;Regular Day;New York, USA;2;3.9
I6936;12/05/2025 15:32;U143;P049;TipInt004;Black Friday;Berlin, Germany;3;2.9
I6937;1/24/2026 11:52;U027;P013;TipInt005;Black Friday;New York, USA;7;1.7
I6938;11/08/2025 17:35;U015;P054;TipInt003;Holiday Sale;Berlin, Germany;9;1.5
I6939;1/26/2026 20:26;U090;P002;TipInt004;Black Friday;Sydney, Australia;7;2.8
I6940;1/19/2026 02:16;U064;P058;TipInt001;Cyber Monday;Berlin, Germany;1;1.5
I6941;10/01/2025 11:57;U135;P072;TipInt003;Spring Sale;Sydney, Australia;5;4.6
I6942;12/13/2025 01:12;U004;P028;TipInt005;Holiday Sale;Berlin, Germany;9;1.7
I6943;11/23/2025 06:46;U068;P070;TipInt005;Black Friday;London, UK;2;4.7
I6944;1/01/2026 21:11;U121;P082;TipInt001;Spring Sale;London, UK;7;1.7
I6945;1/20/2026 03:20;U055;P018;TipInt003;Cyber Monday;Sydney, Australia;8;3.3
I6946;12/19/2025 02:10;U132;P018;TipInt004;Regular Day;New York, USA;4;3.4
I6947;12/11/2025 11:11;U053;P029;TipInt003;Black Friday;London, UK;-;4.8
I6948;10/06/2025 10:04;U128;P017;TipInt004;Black Friday;New York, USA;8;2.5
I6949;10/15/2025 01:56;U136;P080;TipInt002;Cyber Monday;New York, USA;6;4.2
I6950;11/15/2025 18:07;U061;P078;TipInt002;Spring Sale;Toronto, Canada;7;2
I6951;1/11/2026 03:31;U072;P093;TipInt005;Spring Sale;New York, USA;10;2.9
I6952;11/14/2025 20:06;U132;P044;TipInt001;Cyber Monday;Paris, France;9;3.5
I6953;1/08/2026 02:11;U032;P032;TipInt002;Holiday Sale;Paris, France;7;3.2
I6954;11/07/2025 14:16;U119;P040;TipInt006;Black Friday;Berlin, Germany;10;4.4
I6955;12/17/2025 21:54;U086;P085;TipInt005;Spring Sale;Toronto, Canada;2;3.2
I6956;11/26/2025 05:49;U134;P017;TipInt002;Cyber Monday;Toronto, Canada;9;3.4
I6957;10/23/2025 00:38;U046;P078;TipInt004;Cyber Monday;Toronto, Canada;8;2.8
I6958;12/29/2025 09:32;U114;P009;TipInt006;Spring Sale;Sydney, Australia;-;1.8
I6959;11/03/2025 17:33;U058;P027;TipInt005;Black Friday;London, UK;8;1.2
I6960;1/12/2026 02:24;U064;P058;TipInt002;Holiday Sale;Paris, France;10;2.6
I6961;12/30/2025 19:02;U001;P030;TipInt001;Cyber Monday;Paris, France;4;2.2
I6962;12/23/2025 22:35;U059;P051;TipInt005;Spring Sale;Toronto, Canada;1;4.6
I6963;1/08/2026 20:45;U050;P033;TipInt002;Black Friday;Sydney, Australia;2;3.8
I6964;1/31/2026 11:50;U003;P088;TipInt005;Cyber Monday;Sydney, Australia;10;4.4
I6965;1/24/2026 16:29;U070;P008;TipInt002;Spring Sale;Berlin, Germany;3;4.4
I6966;1/15/2026 00:13;U068;P014;TipInt004;Cyber Monday;Paris, France;4;4
I6967;12/07/2025 05:41;U139;P022;TipInt005;Holiday Sale;London, UK;7;1.6
I6968;11/05/2025 09:30;U072;P073;TipInt002;Black Friday;Paris, France;3;4.1
I6969;10/20/2025 06:20;U109;P042;TipInt003;Black Friday;Sydney, Australia;5;2.2
I6970;12/06/2025 14:06;U069;P066;TipInt001;Regular Day;Berlin, Germany;10;1.2
I6971;1/02/2026 03:07;U020;P001;TipInt002;Holiday Sale;New York, USA;3;2.3
I6972;1/21/2026 11:40;U055;P073;TipInt004;Spring Sale;New York, USA;10;2.8
I6973;1/01/2026 15:47;U050;P077;TipInt002;Regular Day;London, UK;4;3.2
I6974;12/09/2025 20:37;U084;P004;TipInt006;Spring Sale;New York, USA;4;4.1
I6975;1/24/2026 07:42;U090;P036;TipInt005;Regular Day;London, UK;9;1.6
I6976;1/21/2026 08:36;U085;P046;TipInt004;Holiday Sale;Sydney, Australia;9;1.4
I6977;1/24/2026 13:01;U126;P083;TipInt002;Black Friday;Sydney, Australia;3;2
I6978;12/28/2025 17:34;U035;P053;TipInt006;Spring Sale;Sydney, Australia;7;2.1
I6979;12/10/2025 01:37;U033;P073;TipInt003;Holiday Sale;Sydney, Australia;-;2.4
I6980;11/15/2025 09:50;U062;P004;TipInt005;Black Friday;New York, USA;2;1.2
I6981;1/02/2026 21:18;U122;P030;TipInt005;Spring Sale;Berlin, Germany;-;4.2
I6982;12/15/2025 22:50;U056;P086;TipInt003;Black Friday;Berlin, Germany;9;3.9
I6983;12/30/2025 04:55;U004;P075;TipInt003;Spring Sale;Sydney, Australia;3;4.4
I6984;12/31/2025 08:43;U127;P042;TipInt003;Cyber Monday;Berlin, Germany;7;3.2
I6985;1/07/2026 04:27;U115;P099;TipInt003;Cyber Monday;New York, USA;8;4
I6986;11/19/2025 18:36;U083;P045;TipInt001;Cyber Monday;Berlin, Germany;10;1.7
I6987;12/06/2025 22:57;U017;P073;TipInt003;Black Friday;London, UK;9;3.5
I6988;10/07/2025 00:37;U091;P020;TipInt005;Regular Day;Berlin, Germany;7;4.3
I6989;12/22/2025 02:53;U131;P073;TipInt006;Black Friday;Sydney, Australia;4;2.6
I6990;11/29/2025 12:36;U012;P029;TipInt002;Black Friday;Toronto, Canada;6;4.7
I6991;11/07/2025 10:07;U063;P053;TipInt001;Black Friday;New York, USA;7;3.6
I6992;11/08/2025 07:16;U043;P085;TipInt003;Black Friday;Berlin, Germany;5;4.8
I6993;10/23/2025 22:39;U107;P093;TipInt004;Holiday Sale;Berlin, Germany;10;2.6
I6994;11/12/2025 16:50;U082;P081;TipInt001;Holiday Sale;Toronto, Canada;4;1.6
I6995;10/21/2025 13:04;U056;P059;TipInt003;Spring Sale;Berlin, Germany;2;3
I6996;12/18/2025 15:20;U018;P036;TipInt006;Cyber Monday;Paris, France;5;4.3
I6997;1/07/2026 20:32;U093;P034;TipInt005;Holiday Sale;Berlin, Germany;3;3.5
I6998;12/20/2025 13:16;U039;P051;TipInt001;Holiday Sale;Toronto, Canada;1;4.5
I6999;11/29/2025 22:01;U150;P040;TipInt006;Cyber Monday;Sydney, Australia;4;2.7
I7000;10/13/2025 05:03;U008;P091;TipInt005;Regular Day;London, UK;9;3
I7001;12/06/2025 20:06;U025;P019;TipInt004;Black Friday;Paris, France;9;5
I7002;11/04/2025 23:39;U038;P045;TipInt006;Cyber Monday;New York, USA;10;2
I7003;11/10/2025 07:04;U138;P013;TipInt003;Holiday Sale;New York, USA;9;2.1
I7004;11/29/2025 16:52;U085;P039;TipInt001;Cyber Monday;Sydney, Australia;7;1.2
I7005;12/11/2025 19:19;U117;P070;TipInt004;Black Friday;New York, USA;8;1
I7006;11/06/2025 03:26;U012;P093;TipInt001;Holiday Sale;New York, USA;8;1.5
I7007;10/17/2025 02:21;U100;P099;TipInt001;Cyber Monday;Toronto, Canada;4;4.4
I7008;1/30/2026 10:59;U118;P029;TipInt002;Spring Sale;London, UK;9;3.5
I7009;1/03/2026 12:58;U114;P056;TipInt005;Black Friday;New York, USA;1;3.1
I7010;10/05/2025 09:54;U112;P068;TipInt006;Cyber Monday;New York, USA;9;2.4
I7011;1/25/2026 01:47;U059;P017;TipInt004;Regular Day;Berlin, Germany;6;3.8
I7012;10/05/2025 16:33;U034;P046;TipInt003;Black Friday;Sydney, Australia;6;1.4
I7013;11/13/2025 04:39;U056;P091;TipInt006;Regular Day;Sydney, Australia;3;1.2
I7014;11/26/2025 22:15;U116;P051;TipInt002;Holiday Sale;Berlin, Germany;7;2
I7015;10/02/2025 17:03;U090;P089;TipInt003;Spring Sale;Berlin, Germany;2;2.4
I7016;1/04/2026 17:37;U087;P027;TipInt002;Cyber Monday;Paris, France;5;1.6
I7017;10/25/2025 12:07;U148;P009;TipInt001;Regular Day;Sydney, Australia;7;3.8
I7018;1/16/2026 16:10;U031;P095;TipInt002;Cyber Monday;Toronto, Canada;-;3.9
I7019;11/03/2025 04:39;U148;P056;TipInt005;Black Friday;London, UK;1;2
I7020;10/25/2025 02:43;U127;P033;TipInt006;Cyber Monday;Sydney, Australia;5;1.2
I7021;10/21/2025 23:59;U118;P039;TipInt005;Spring Sale;New York, USA;3;3.7
I7022;10/13/2025 14:30;U130;P066;TipInt004;Cyber Monday;Berlin, Germany;8;2.5
I7023;10/14/2025 17:59;U094;P068;TipInt001;Spring Sale;Berlin, Germany;10;3.2
I7024;11/13/2025 05:42;U144;P082;TipInt001;Regular Day;London, UK;9;3.3
I7025;10/22/2025 07:58;U023;P087;TipInt001;Black Friday;Berlin, Germany;6;2.2
I7026;11/14/2025 11:23;U018;P066;TipInt005;Holiday Sale;Berlin, Germany;10;2.1
I7027;12/03/2025 01:28;U133;P046;TipInt001;Holiday Sale;Sydney, Australia;3;1.8
I7028;10/30/2025 18:46;U116;P081;TipInt005;Spring Sale;Paris, France;8;3.2
I7029;10/07/2025 23:25;U067;P021;TipInt005;Spring Sale;Toronto, Canada;3;1.1
I7030;12/16/2025 19:25;U111;P013;TipInt006;Black Friday;Paris, France;10;2.1
I7031;10/14/2025 04:21;U074;P049;TipInt004;Spring Sale;London, UK;1;2.8
I7032;1/14/2026 06:17;U057;P029;TipInt001;Holiday Sale;Berlin, Germany;6;1.7
I7033;1/31/2026 01:44;U145;P083;TipInt003;Black Friday;Paris, France;3;1.3
I7034;11/25/2025 18:54;U103;P043;TipInt002;Regular Day;Sydney, Australia;6;1.2
I7035;12/27/2025 16:14;U026;P038;TipInt005;Spring Sale;Toronto, Canada;-;2.6
I7036;10/12/2025 22:56;U039;P082;TipInt001;Holiday Sale;Paris, France;8;3.9
I7037;10/17/2025 05:20;U116;P029;TipInt005;Black Friday;Berlin, Germany;5;3.7
I7038;1/25/2026 16:47;U106;P027;TipInt002;Cyber Monday;Paris, France;1;1.5
I7039;12/02/2025 08:11;U108;P055;TipInt005;Cyber Monday;Paris, France;7;1.5
I7040;11/12/2025 09:32;U068;P031;TipInt004;Cyber Monday;Paris, France;6;4.9
I7041;1/15/2026 11:53;U150;P059;TipInt006;Spring Sale;London, UK;-;3.4
I7042;11/25/2025 10:49;U076;P078;TipInt006;Black Friday;Paris, France;4;1.1
I7043;11/17/2025 07:48;U021;P093;TipInt002;Cyber Monday;Berlin, Germany;2;1.1
I7044;10/17/2025 13:59;U011;P072;TipInt002;Cyber Monday;Sydney, Australia;7;3.6
I7045;11/29/2025 13:35;U082;P023;TipInt004;Holiday Sale;London, UK;8;1.6
I7046;12/11/2025 03:26;U103;P037;TipInt004;Black Friday;Paris, France;10;2.7
I7047;12/26/2025 20:20;U024;P013;TipInt001;Spring Sale;Paris, France;2;4.1
I7048;11/05/2025 18:19;U033;P033;TipInt001;Holiday Sale;London, UK;2;4.6
I7049;12/27/2025 08:38;U110;P078;TipInt005;Black Friday;Toronto, Canada;2;1.5
I7050;11/06/2025 03:54;U073;P079;TipInt004;Black Friday;Sydney, Australia;8;4.1
I7051;11/17/2025 20:38;U063;P016;TipInt006;Regular Day;Toronto, Canada;3;4.5
I7052;10/27/2025 22:31;U009;P069;TipInt001;Black Friday;Toronto, Canada;6;3
I7053;12/21/2025 08:58;U081;P088;TipInt001;Holiday Sale;Sydney, Australia;8;3
I7054;10/29/2025 13:34;U150;P029;TipInt006;Cyber Monday;Berlin, Germany;2;4.1
I7055;1/20/2026 15:46;U020;P061;TipInt002;Black Friday;London, UK;8;3
I7056;1/14/2026 21:13;U092;P014;TipInt003;Regular Day;Berlin, Germany;10;3
I7057;10/15/2025 09:51;U085;P082;TipInt002;Black Friday;Paris, France;2;1
I7058;10/01/2025 11:53;U137;P028;TipInt004;Regular Day;Sydney, Australia;5;2.4
I7059;1/14/2026 03:54;U048;P068;TipInt002;Cyber Monday;Paris, France;4;4.3
I7060;11/16/2025 19:42;U036;P061;TipInt005;Black Friday;Paris, France;8;2.8
I7061;12/06/2025 03:16;U006;P007;TipInt006;Regular Day;Sydney, Australia;5;4.7
I7062;12/17/2025 15:56;U127;P005;TipInt002;Cyber Monday;New York, USA;8;2
I7063;1/15/2026 16:50;U095;P048;TipInt002;Holiday Sale;Berlin, Germany;1;1.8
I7064;1/11/2026 08:19;U011;P021;TipInt003;Regular Day;Paris, France;6;1.5
I7065;11/02/2025 09:39;U010;P012;TipInt005;Cyber Monday;Paris, France;4;1.9
I7066;12/14/2025 17:46;U035;P023;TipInt006;Spring Sale;Toronto, Canada;3;4.3
I7067;1/12/2026 11:16;U066;P050;TipInt003;Regular Day;Berlin, Germany;-;1
I7068;11/15/2025 09:59;U019;P084;TipInt004;Spring Sale;Sydney, Australia;2;1.4
I7069;12/23/2025 02:30;U014;P007;TipInt004;Regular Day;Sydney, Australia;6;4.1
I7070;12/02/2025 12:02;U056;P025;TipInt004;Holiday Sale;Paris, France;1;4
I7071;12/04/2025 04:10;U118;P022;TipInt004;Holiday Sale;Paris, France;2;1.4
I7072;1/25/2026 22:56;U122;P070;TipInt001;Black Friday;New York, USA;1;3.3
I7073;12/30/2025 11:05;U105;P031;TipInt001;Cyber Monday;Toronto, Canada;1;1.5
I7074;1/29/2026 12:18;U009;P008;TipInt004;Regular Day;New York, USA;10;1.8
I7075;10/23/2025 05:42;U049;P010;TipInt003;Holiday Sale;Paris, France;5;3.9
I7076;11/14/2025 10:15;U068;P068;TipInt003;Black Friday;Sydney, Australia;10;4.8
I7077;11/10/2025 02:58;U142;P093;TipInt005;Regular Day;London, UK;10;3.6
I7078;12/16/2025 14:52;U135;P036;TipInt003;Black Friday;Sydney, Australia;-;4.5
I7079;12/12/2025 10:01;U040;P017;TipInt003;Spring Sale;Toronto, Canada;7;1.8
I7080;12/22/2025 16:00;U024;P097;TipInt002;Spring Sale;Berlin, Germany;2;4.8
I7081;1/02/2026 08:32;U001;P032;TipInt002;Regular Day;Berlin, Germany;4;2
I7082;12/04/2025 20:08;U070;P007;TipInt004;Cyber Monday;New York, USA;6;5
I7083;11/19/2025 11:43;U041;P060;TipInt005;Cyber Monday;London, UK;3;4.7
I7084;12/17/2025 03:30;U109;P094;TipInt005;Cyber Monday;Sydney, Australia;4;1.9
I7085;11/17/2025 16:32;U044;P081;TipInt005;Spring Sale;New York, USA;6;1.9
I7086;1/24/2026 13:17;U107;P091;TipInt005;Spring Sale;Sydney, Australia;7;4.4
I7087;10/25/2025 14:27;U022;P016;TipInt004;Black Friday;New York, USA;4;2.5
I7088;10/12/2025 14:27;U139;P020;TipInt006;Cyber Monday;London, UK;-;2.4
I7089;11/14/2025 21:12;U090;P038;TipInt006;Spring Sale;Toronto, Canada;6;3.5
I7090;11/23/2025 07:50;U054;P077;TipInt003;Spring Sale;Berlin, Germany;-;3.4
I7091;10/06/2025 20:05;U126;P097;TipInt002;Regular Day;New York, USA;6;3.1
I7092;11/27/2025 16:47;U097;P010;TipInt002;Spring Sale;Sydney, Australia;1;4.4
I7093;1/04/2026 02:36;U080;P029;TipInt004;Black Friday;Paris, France;3;3.7
I7094;1/17/2026 22:08;U125;P076;TipInt001;Regular Day;Berlin, Germany;10;2.1
I7095;11/20/2025 19:47;U051;P012;TipInt006;Spring Sale;Paris, France;5;4.5
I7096;10/20/2025 01:26;U124;P037;TipInt006;Spring Sale;London, UK;9;3.5
I7097;12/01/2025 02:00;U129;P016;TipInt006;Cyber Monday;Toronto, Canada;3;2.4
I7098;11/25/2025 03:13;U127;P068;TipInt002;Cyber Monday;Berlin, Germany;3;3.5
I7099;12/31/2025 16:53;U099;P098;TipInt001;Spring Sale;Berlin, Germany;3;1.2
I7100;11/26/2025 15:17;U052;P020;TipInt002;Spring Sale;London, UK;8;1.2
I7101;1/10/2026 14:58;U080;P062;TipInt001;Cyber Monday;London, UK;4;2.6
I7102;1/31/2026 20:41;U080;P044;TipInt002;Black Friday;New York, USA;5;3.7
I7103;10/06/2025 03:28;U070;P020;TipInt003;Black Friday;London, UK;7;3.3
I7104;10/25/2025 18:56;U140;P027;TipInt005;Spring Sale;New York, USA;5;4
I7105;11/21/2025 09:20;U069;P007;TipInt002;Regular Day;Toronto, Canada;3;3.1
I7106;12/17/2025 03:45;U120;P014;TipInt004;Holiday Sale;Sydney, Australia;3;3.5
I7107;11/01/2025 22:33;U083;P089;TipInt005;Holiday Sale;Toronto, Canada;1;4.8
I7108;1/18/2026 14:33;U126;P051;TipInt003;Holiday Sale;Sydney, Australia;5;1.4
I7109;11/22/2025 21:36;U023;P062;TipInt006;Spring Sale;New York, USA;9;1.3
I7110;10/24/2025 20:08;U128;P098;TipInt002;Cyber Monday;Berlin, Germany;5;1.6
I7111;1/14/2026 13:48;U021;P018;TipInt004;Regular Day;London, UK;3;4.6
I7112;10/22/2025 10:21;U042;P070;TipInt003;Black Friday;London, UK;1;3.9
I7113;12/26/2025 00:19;U060;P006;TipInt004;Black Friday;New York, USA;5;4.7
I7114;12/01/2025 06:38;U148;P093;TipInt005;Black Friday;Toronto, Canada;10;3.2
I7115;12/05/2025 00:11;U003;P067;TipInt001;Black Friday;London, UK;3;3.1
I7116;12/14/2025 05:57;U083;P016;TipInt004;Regular Day;Toronto, Canada;5;1.7
I7117;11/04/2025 07:57;U006;P070;TipInt006;Cyber Monday;Paris, France;7;2.5
I7118;10/17/2025 13:37;U024;P035;TipInt003;Regular Day;Berlin, Germany;3;2.7
I7119;11/28/2025 21:15;U090;P045;TipInt002;Spring Sale;New York, USA;9;4.4
I7120;1/07/2026 03:02;U041;P013;TipInt001;Holiday Sale;New York, USA;-;4.8
I7121;12/07/2025 02:23;U014;P033;TipInt005;Holiday Sale;Berlin, Germany;7;3.8
I7122;1/17/2026 11:35;U081;P038;TipInt002;Black Friday;Paris, France;3;1.7
I7123;12/10/2025 23:17;U141;P049;TipInt001;Cyber Monday;London, UK;3;4.5
I7124;12/17/2025 21:09;U107;P070;TipInt001;Regular Day;Paris, France;-;1.1
I7125;9/30/2025 05:06;U068;P043;TipInt002;Cyber Monday;New York, USA;4;2.1
I7126;12/08/2025 04:16;U054;P020;TipInt002;Black Friday;Berlin, Germany;8;3.6
I7127;11/28/2025 03:29;U049;P026;TipInt005;Cyber Monday;New York, USA;10;3.7
I7128;9/30/2025 06:16;U032;P043;TipInt001;Regular Day;London, UK;1;2.2
I7129;10/19/2025 20:42;U118;P005;TipInt005;Holiday Sale;Berlin, Germany;3;2.7
I7130;12/03/2025 16:04;U038;P064;TipInt006;Black Friday;London, UK;9;4.2
I7131;10/15/2025 11:48;U052;P075;TipInt003;Regular Day;New York, USA;5;4.6
I7132;1/31/2026 08:45;U104;P096;TipInt004;Cyber Monday;Berlin, Germany;5;1.4
I7133;1/18/2026 07:54;U044;P086;TipInt003;Spring Sale;New York, USA;2;2.1
I7134;12/02/2025 19:17;U068;P073;TipInt001;Black Friday;London, UK;2;4.3
I7135;12/29/2025 17:57;U067;P095;TipInt005;Spring Sale;London, UK;2;1.1
I7136;10/01/2025 19:47;U122;P047;TipInt003;Black Friday;Paris, France;-;4.6
I7137;12/29/2025 02:33;U019;P055;TipInt004;Black Friday;New York, USA;10;2.4
I7138;10/02/2025 11:00;U110;P040;TipInt005;Regular Day;Toronto, Canada;1;4.2
I7139;12/07/2025 19:21;U011;P043;TipInt002;Cyber Monday;Toronto, Canada;4;4
I7140;11/10/2025 14:20;U031;P025;TipInt005;Spring Sale;London, UK;7;3.7
I7141;1/06/2026 22:50;U038;P073;TipInt006;Spring Sale;Toronto, Canada;2;1
I7142;12/21/2025 19:22;U030;P066;TipInt001;Regular Day;Berlin, Germany;5;4.7
I7143;1/02/2026 19:34;U046;P088;TipInt003;Holiday Sale;New York, USA;9;3.1
I7144;12/08/2025 06:43;U134;P034;TipInt004;Regular Day;Toronto, Canada;1;5
I7145;10/27/2025 21:36;U093;P030;TipInt005;Holiday Sale;Toronto, Canada;9;1.8
I7146;1/22/2026 14:27;U054;P040;TipInt003;Regular Day;Toronto, Canada;10;4.7
I7147;11/20/2025 22:41;U119;P062;TipInt006;Black Friday;Sydney, Australia;3;1.5
I7148;1/20/2026 01:50;U076;P088;TipInt005;Holiday Sale;London, UK;1;2.7
I7149;12/04/2025 18:18;U001;P002;TipInt005;Regular Day;Berlin, Germany;10;4.3
I7150;12/22/2025 01:18;U092;P078;TipInt004;Cyber Monday;London, UK;2;3.6
I7151;10/30/2025 01:05;U024;P062;TipInt006;Holiday Sale;Berlin, Germany;3;2.2
I7152;12/02/2025 06:19;U025;P045;TipInt006;Holiday Sale;Sydney, Australia;8;1.5
I7153;11/09/2025 15:05;U103;P078;TipInt004;Spring Sale;Sydney, Australia;3;4.7
I7154;11/25/2025 16:23;U092;P023;TipInt002;Regular Day;Toronto, Canada;1;3.1
I7155;10/31/2025 23:31;U111;P042;TipInt003;Black Friday;Paris, France;4;2.2
I7156;12/06/2025 14:37;U047;P052;TipInt005;Cyber Monday;Sydney, Australia;8;5
I7157;12/09/2025 13:25;U075;P037;TipInt005;Black Friday;Sydney, Australia;10;3.9
I7158;1/17/2026 23:38;U136;P012;TipInt002;Cyber Monday;Paris, France;9;2.4
I7159;10/24/2025 13:58;U002;P077;TipInt001;Regular Day;New York, USA;-;1.2
I7160;11/04/2025 06:28;U129;P078;TipInt005;Holiday Sale;London, UK;1;2.8
I7161;12/14/2025 07:23;U058;P013;TipInt003;Holiday Sale;Berlin, Germany;3;1.2
I7162;11/21/2025 15:36;U003;P078;TipInt006;Regular Day;Toronto, Canada;9;2.4
I7163;10/26/2025 17:47;U015;P080;TipInt005;Spring Sale;London, UK;-;3.6
I7164;1/16/2026 08:06;U032;P097;TipInt005;Spring Sale;Toronto, Canada;-;3.1
I7165;1/30/2026 00:55;U113;P077;TipInt002;Cyber Monday;Sydney, Australia;5;2.6
I7166;10/15/2025 10:56;U035;P023;TipInt002;Holiday Sale;London, UK;4;1.4
I7167;1/11/2026 06:15;U141;P096;TipInt004;Black Friday;London, UK;1;3.9
I7168;1/09/2026 15:01;U074;P077;TipInt005;Spring Sale;London, UK;4;2.4
I7169;10/30/2025 19:00;U046;P063;TipInt005;Regular Day;Sydney, Australia;1;1.9
I7170;10/17/2025 18:50;U123;P008;TipInt003;Regular Day;London, UK;10;4.7
I7171;11/19/2025 01:36;U075;P042;TipInt006;Spring Sale;Berlin, Germany;5;2.8
I7172;10/28/2025 14:39;U137;P060;TipInt004;Regular Day;Berlin, Germany;5;2
I7173;10/26/2025 03:33;U141;P081;TipInt002;Cyber Monday;Paris, France;5;1.4
I7174;12/13/2025 23:54;U112;P027;TipInt003;Spring Sale;Paris, France;1;3.8
I7175;12/20/2025 07:07;U138;P089;TipInt001;Spring Sale;Berlin, Germany;3;3.3
I7176;1/29/2026 04:03;U126;P096;TipInt001;Regular Day;London, UK;-;1.4
I7177;11/27/2025 09:33;U128;P066;TipInt005;Spring Sale;Sydney, Australia;-;2.7
I7178;1/10/2026 21:50;U085;P045;TipInt004;Black Friday;New York, USA;1;1.1
I7179;1/07/2026 02:14;U150;P023;TipInt004;Spring Sale;London, UK;1;3.2
I7180;12/20/2025 05:20;U129;P071;TipInt004;Black Friday;Berlin, Germany;2;2.3
I7181;11/11/2025 06:09;U012;P032;TipInt003;Holiday Sale;Toronto, Canada;5;1.1
I7182;12/20/2025 12:21;U140;P033;TipInt005;Black Friday;Sydney, Australia;6;4.6
I7183;10/07/2025 03:06;U092;P038;TipInt004;Cyber Monday;New York, USA;4;5
I7184;10/07/2025 21:31;U089;P066;TipInt006;Black Friday;Paris, France;6;4.3
I7185;11/20/2025 12:52;U108;P066;TipInt001;Regular Day;Sydney, Australia;6;3.7
I7186;11/03/2025 03:34;U080;P096;TipInt005;Holiday Sale;New York, USA;6;1.1
I7187;11/15/2025 06:30;U010;P060;TipInt006;Holiday Sale;Berlin, Germany;10;2.5
I7188;1/09/2026 01:52;U133;P058;TipInt002;Cyber Monday;Sydney, Australia;3;4.3
I7189;1/16/2026 20:47;U121;P046;TipInt004;Regular Day;Sydney, Australia;8;3.5
I7190;10/10/2025 12:04;U012;P095;TipInt004;Cyber Monday;Berlin, Germany;1;4.3
I7191;1/21/2026 17:21;U133;P005;TipInt005;Spring Sale;Paris, France;7;1.1
I7192;10/01/2025 21:50;U041;P070;TipInt002;Black Friday;Toronto, Canada;9;1.5
I7193;11/05/2025 14:45;U069;P029;TipInt002;Cyber Monday;Sydney, Australia;6;4.1
I7194;11/11/2025 13:49;U048;P067;TipInt004;Black Friday;Sydney, Australia;7;1.1
I7195;10/13/2025 05:36;U074;P007;TipInt005;Regular Day;Paris, France;10;4.8
I7196;11/06/2025 09:07;U118;P017;TipInt002;Regular Day;New York, USA;7;1.5
I7197;10/25/2025 04:13;U027;P081;TipInt006;Black Friday;Berlin, Germany;-;3.6
I7198;1/13/2026 17:02;U107;P004;TipInt002;Cyber Monday;Paris, France;5;1.1
I7199;11/20/2025 15:10;U021;P035;TipInt004;Black Friday;Sydney, Australia;4;4.7
I7200;12/20/2025 08:43;U067;P018;TipInt005;Black Friday;Paris, France;10;2.8
I7201;10/19/2025 01:55;U003;P086;TipInt002;Spring Sale;Paris, France;8;2
I7202;1/17/2026 23:53;U011;P033;TipInt001;Black Friday;Paris, France;7;2.3
I7203;11/29/2025 23:56;U149;P059;TipInt005;Cyber Monday;Toronto, Canada;6;2.3
I7204;10/20/2025 14:37;U004;P018;TipInt002;Black Friday;Paris, France;7;3
I7205;1/01/2026 09:24;U128;P004;TipInt003;Spring Sale;New York, USA;8;4.1
I7206;11/05/2025 00:22;U112;P053;TipInt003;Holiday Sale;Paris, France;5;2.3
I7207;11/28/2025 03:00;U084;P024;TipInt004;Regular Day;New York, USA;7;1.8
I7208;10/14/2025 03:57;U037;P078;TipInt002;Regular Day;London, UK;2;5
I7209;1/28/2026 09:10;U077;P011;TipInt005;Cyber Monday;Sydney, Australia;8;3.8
I7210;11/06/2025 00:07;U138;P074;TipInt006;Holiday Sale;New York, USA;6;2.2
I7211;1/22/2026 14:08;U088;P025;TipInt001;Spring Sale;London, UK;8;2.1
I7212;1/10/2026 13:58;U103;P016;TipInt005;Black Friday;New York, USA;1;3.6
I7213;12/11/2025 03:25;U120;P088;TipInt006;Spring Sale;New York, USA;8;4.3
I7214;11/28/2025 14:59;U103;P097;TipInt002;Holiday Sale;New York, USA;-;3.3
I7215;11/10/2025 17:54;U095;P004;TipInt003;Regular Day;Berlin, Germany;2;3.9
I7216;1/07/2026 11:23;U026;P006;TipInt004;Spring Sale;London, UK;6;4.8
I7217;12/30/2025 10:15;U028;P056;TipInt003;Regular Day;New York, USA;5;1.5
I7218;11/06/2025 17:23;U094;P027;TipInt002;Holiday Sale;Toronto, Canada;3;3.6
I7219;10/06/2025 22:59;U009;P080;TipInt001;Black Friday;New York, USA;-;2.1
I7220;11/10/2025 15:45;U118;P002;TipInt003;Spring Sale;Paris, France;8;3.4
I7221;12/09/2025 02:46;U042;P085;TipInt006;Regular Day;Berlin, Germany;10;3.3
I7222;10/23/2025 12:29;U086;P071;TipInt003;Holiday Sale;Sydney, Australia;-;1.3
I7223;12/01/2025 03:09;U010;P086;TipInt001;Holiday Sale;Paris, France;8;1.8
I7224;11/05/2025 06:48;U002;P040;TipInt005;Holiday Sale;Toronto, Canada;9;2.9
I7225;10/04/2025 21:34;U061;P013;TipInt004;Spring Sale;Sydney, Australia;4;3.9
I7226;11/27/2025 00:20;U130;P026;TipInt005;Holiday Sale;Sydney, Australia;1;4
I7227;12/17/2025 11:33;U144;P057;TipInt006;Holiday Sale;New York, USA;9;2.5
I7228;10/05/2025 15:26;U049;P087;TipInt006;Spring Sale;Paris, France;8;2.5
I7229;10/23/2025 09:50;U075;P072;TipInt001;Spring Sale;London, UK;8;1.8
I7230;1/12/2026 18:13;U093;P056;TipInt003;Holiday Sale;Toronto, Canada;4;2.6
I7231;1/26/2026 10:25;U019;P054;TipInt001;Black Friday;Paris, France;1;3.8
I7232;10/15/2025 18:40;U072;P061;TipInt002;Holiday Sale;Sydney, Australia;2;4.9
I7233;1/13/2026 11:57;U021;P095;TipInt002;Cyber Monday;Sydney, Australia;9;4.8
I7234;1/03/2026 20:04;U106;P010;TipInt002;Cyber Monday;New York, USA;8;1.8
I7235;12/17/2025 00:02;U134;P099;TipInt001;Spring Sale;New York, USA;-;2.9
I7236;12/04/2025 06:51;U110;P095;TipInt004;Black Friday;New York, USA;1;4.5
I7237;11/13/2025 15:11;U122;P062;TipInt002;Cyber Monday;London, UK;7;1.1
I7238;11/08/2025 23:23;U149;P070;TipInt002;Black Friday;London, UK;-;3.3
I7239;11/29/2025 11:47;U044;P028;TipInt006;Spring Sale;Toronto, Canada;5;1.2
I7240;12/09/2025 18:35;U032;P079;TipInt006;Regular Day;Paris, France;10;3.1
I7241;12/05/2025 14:23;U078;P067;TipInt001;Cyber Monday;Sydney, Australia;5;2.8
I7242;12/30/2025 13:42;U134;P071;TipInt003;Black Friday;Toronto, Canada;1;3.7
I7243;12/17/2025 12:09;U082;P010;TipInt002;Black Friday;Paris, France;4;2.9
I7244;1/31/2026 05:49;U137;P042;TipInt005;Spring Sale;Berlin, Germany;4;2.1
I7245;1/02/2026 02:10;U133;P074;TipInt005;Holiday Sale;Sydney, Australia;2;3.3
I7246;1/26/2026 08:02;U149;P093;TipInt001;Cyber Monday;Paris, France;4;3.7
I7247;11/08/2025 23:38;U039;P006;TipInt001;Spring Sale;Toronto, Canada;5;2.8
I7248;11/24/2025 02:59;U139;P043;TipInt005;Black Friday;Berlin, Germany;7;3.6
I7249;12/22/2025 00:09;U086;P094;TipInt001;Holiday Sale;Sydney, Australia;8;2.6
I7250;11/17/2025 18:10;U021;P068;TipInt003;Cyber Monday;Berlin, Germany;9;2.1
I7251;1/11/2026 06:39;U135;P049;TipInt003;Black Friday;Sydney, Australia;6;4.8
I7252;12/18/2025 03:23;U092;P088;TipInt001;Cyber Monday;Sydney, Australia;1;2.8
I7253;10/01/2025 00:58;U045;P094;TipInt001;Cyber Monday;New York, USA;2;2.8
I7254;10/28/2025 16:23;U048;P065;TipInt001;Black Friday;Sydney, Australia;7;3.3
I7255;12/31/2025 22:33;U133;P042;TipInt004;Cyber Monday;London, UK;2;3.5
I7256;11/07/2025 10:35;U133;P019;TipInt005;Regular Day;New York, USA;9;4.3
I7257;10/20/2025 03:27;U086;P052;TipInt001;Cyber Monday;Berlin, Germany;3;2.6
I7258;1/20/2026 00:28;U094;P018;TipInt006;Black Friday;New York, USA;2;4.4
I7259;12/06/2025 20:56;U078;P003;TipInt002;Regular Day;London, UK;2;2.2
I7260;12/13/2025 17:27;U097;P057;TipInt002;Spring Sale;Paris, France;3;3.6
I7261;10/25/2025 08:44;U141;P055;TipInt002;Black Friday;Sydney, Australia;1;2.6
I7262;12/21/2025 21:29;U100;P018;TipInt004;Holiday Sale;Paris, France;1;2.1
I7263;10/09/2025 04:19;U118;P059;TipInt004;Black Friday;London, UK;6;4.4
I7264;12/14/2025 04:08;U102;P053;TipInt002;Black Friday;Paris, France;6;2.1
I7265;1/20/2026 12:14;U058;P040;TipInt001;Regular Day;Paris, France;10;4.1
I7266;1/05/2026 20:07;U111;P066;TipInt006;Regular Day;Toronto, Canada;6;2.4
I7267;12/03/2025 00:05;U128;P003;TipInt005;Spring Sale;Berlin, Germany;9;3
I7268;11/13/2025 12:57;U007;P080;TipInt002;Regular Day;Berlin, Germany;1;2.4
I7269;1/20/2026 23:00;U026;P084;TipInt003;Black Friday;Paris, France;-;1.8
I7270;11/27/2025 13:54;U065;P085;TipInt001;Cyber Monday;Berlin, Germany;1;2.4
I7271;1/23/2026 10:44;U090;P075;TipInt005;Black Friday;Sydney, Australia;2;1.9
I7272;11/12/2025 23:56;U099;P080;TipInt001;Regular Day;London, UK;7;1.9
I7273;10/09/2025 22:54;U104;P072;TipInt005;Holiday Sale;Paris, France;6;4.5
I7274;1/09/2026 13:12;U043;P082;TipInt004;Spring Sale;Paris, France;2;3.9
I7275;12/28/2025 02:50;U096;P064;TipInt006;Cyber Monday;Toronto, Canada;5;4
I7276;12/25/2025 20:12;U036;P059;TipInt004;Black Friday;Sydney, Australia;3;3.2
I7277;12/01/2025 04:12;U045;P041;TipInt003;Black Friday;Sydney, Australia;5;4.4
I7278;12/17/2025 20:15;U022;P099;TipInt004;Holiday Sale;Paris, France;2;4.5
I7279;10/15/2025 13:47;U150;P031;TipInt001;Holiday Sale;Berlin, Germany;-;4.2
I7280;10/30/2025 23:18;U097;P063;TipInt003;Spring Sale;Sydney, Australia;10;2.9
I7281;12/07/2025 03:18;U061;P042;TipInt003;Regular Day;Paris, France;2;2
I7282;9/29/2025 11:49;U053;P008;TipInt004;Black Friday;Paris, France;4;1.2
I7283;11/03/2025 02:11;U034;P040;TipInt001;Black Friday;Sydney, Australia;3;1.9
I7284;11/07/2025 11:33;U092;P010;TipInt001;Holiday Sale;London, UK;7;3
I7285;1/14/2026 19:59;U055;P036;TipInt005;Black Friday;Berlin, Germany;4;4.5
I7286;10/28/2025 16:48;U062;P042;TipInt004;Spring Sale;Sydney, Australia;7;3.1
I7287;11/06/2025 12:54;U048;P075;TipInt005;Black Friday;Berlin, Germany;1;3
I7288;12/07/2025 03:31;U066;P031;TipInt001;Regular Day;London, UK;5;3.8
I7289;12/01/2025 20:03;U022;P030;TipInt001;Black Friday;Berlin, Germany;9;4
I7290;10/25/2025 06:11;U141;P013;TipInt004;Spring Sale;Sydney, Australia;9;1.2
I7291;11/11/2025 03:41;U035;P089;TipInt003;Cyber Monday;Sydney, Australia;8;2
I7292;1/24/2026 03:42;U052;P007;TipInt003;Holiday Sale;Berlin, Germany;4;3.1
I7293;12/05/2025 23:22;U001;P071;TipInt003;Black Friday;London, UK;3;4.7
I7294;10/09/2025 01:48;U021;P082;TipInt005;Cyber Monday;Toronto, Canada;4;4.2
I7295;1/21/2026 03:01;U137;P083;TipInt001;Holiday Sale;Toronto, Canada;7;4.2
I7296;12/14/2025 23:15;U022;P036;TipInt003;Holiday Sale;New York, USA;10;2.4
I7297;11/20/2025 19:54;U115;P070;TipInt003;Cyber Monday;Sydney, Australia;6;3.1
I7298;10/10/2025 09:46;U122;P085;TipInt001;Holiday Sale;Sydney, Australia;3;3.9
I7299;10/20/2025 01:48;U042;P014;TipInt005;Holiday Sale;London, UK;1;1
I7300;11/28/2025 11:14;U100;P036;TipInt003;Spring Sale;Paris, France;1;2.4
I7301;1/28/2026 00:54;U141;P089;TipInt002;Cyber Monday;New York, USA;5;2.9
I7302;10/10/2025 03:51;U102;P093;TipInt005;Spring Sale;Toronto, Canada;7;1.8
I7303;12/24/2025 11:38;U101;P018;TipInt002;Spring Sale;Berlin, Germany;4;1.4
I7304;11/09/2025 11:44;U145;P084;TipInt005;Black Friday;Toronto, Canada;-;3.4
I7305;12/25/2025 21:11;U087;P070;TipInt003;Spring Sale;Toronto, Canada;7;2
I7306;12/27/2025 15:54;U007;P039;TipInt001;Spring Sale;London, UK;3;4.9
I7307;10/15/2025 18:26;U076;P014;TipInt001;Holiday Sale;Toronto, Canada;-;4.2
I7308;10/25/2025 08:43;U041;P075;TipInt003;Regular Day;Toronto, Canada;-;4
I7309;12/31/2025 18:23;U128;P080;TipInt006;Black Friday;London, UK;4;2.6
I7310;10/09/2025 08:56;U145;P026;TipInt001;Spring Sale;Paris, France;2;3.9
I7311;1/22/2026 15:38;U085;P029;TipInt002;Black Friday;New York, USA;5;1.8
I7312;1/31/2026 10:12;U018;P035;TipInt003;Spring Sale;Paris, France;2;2
I7313;11/06/2025 12:11;U064;P038;TipInt003;Holiday Sale;New York, USA;10;4.2
I7314;11/07/2025 22:09;U106;P017;TipInt001;Black Friday;Sydney, Australia;10;1.4
I7315;1/08/2026 01:08;U118;P024;TipInt003;Spring Sale;Sydney, Australia;3;4.7
I7316;12/12/2025 06:47;U119;P062;TipInt001;Holiday Sale;London, UK;6;4.6
I7317;1/08/2026 01:17;U105;P081;TipInt001;Black Friday;Berlin, Germany;9;4
I7318;12/28/2025 18:47;U124;P063;TipInt001;Spring Sale;Berlin, Germany;3;2.9
I7319;1/10/2026 19:31;U132;P068;TipInt005;Black Friday;Sydney, Australia;9;2.3
I7320;11/26/2025 11:55;U096;P097;TipInt006;Regular Day;New York, USA;5;4.2
I7321;1/15/2026 08:20;U097;P087;TipInt001;Spring Sale;Sydney, Australia;5;1.8
I7322;1/08/2026 09:52;U050;P084;TipInt001;Black Friday;Toronto, Canada;7;4.1
I7323;10/14/2025 03:16;U140;P082;TipInt001;Black Friday;New York, USA;1;2.9
I7324;10/26/2025 14:52;U018;P047;TipInt003;Regular Day;Toronto, Canada;7;3.2
I7325;1/18/2026 02:32;U120;P046;TipInt002;Holiday Sale;London, UK;1;1.5
I7326;11/06/2025 19:45;U029;P092;TipInt003;Black Friday;Berlin, Germany;2;2
I7327;12/20/2025 16:15;U084;P007;TipInt002;Holiday Sale;Toronto, Canada;1;3.8
I7328;1/31/2026 00:08;U048;P081;TipInt003;Cyber Monday;Toronto, Canada;4;4.4
I7329;1/13/2026 01:11;U125;P036;TipInt002;Cyber Monday;Toronto, Canada;1;1.7
I7330;11/07/2025 04:11;U113;P091;TipInt006;Cyber Monday;Sydney, Australia;5;4.4
I7331;11/06/2025 14:54;U140;P053;TipInt005;Spring Sale;New York, USA;7;1.6
I7332;10/02/2025 00:30;U125;P056;TipInt002;Holiday Sale;Toronto, Canada;4;2.9
I7333;1/04/2026 01:47;U038;P027;TipInt006;Regular Day;Paris, France;7;2.2
I7334;10/01/2025 13:19;U101;P054;TipInt005;Spring Sale;London, UK;2;2.8
I7335;12/31/2025 08:02;U072;P036;TipInt003;Holiday Sale;Sydney, Australia;1;4.4
I7336;1/08/2026 21:45;U031;P074;TipInt003;Spring Sale;Sydney, Australia;10;3
I7337;11/29/2025 03:40;U148;P058;TipInt001;Black Friday;Berlin, Germany;-;1.5
I7338;12/03/2025 02:30;U135;P088;TipInt002;Black Friday;Toronto, Canada;6;3.7
I7339;11/03/2025 12:52;U046;P013;TipInt002;Holiday Sale;Paris, France;9;4.8
I7340;1/03/2026 04:18;U105;P065;TipInt003;Cyber Monday;Sydney, Australia;-;1.7
I7341;11/16/2025 09:28;U141;P091;TipInt004;Black Friday;London, UK;8;4.2
I7342;12/05/2025 07:20;U023;P063;TipInt005;Black Friday;Berlin, Germany;7;2.5
I7343;11/11/2025 20:09;U104;P061;TipInt005;Cyber Monday;Paris, France;8;1.1
I7344;10/16/2025 12:50;U015;P028;TipInt004;Black Friday;Paris, France;5;3.2
I7345;12/07/2025 18:19;U044;P088;TipInt006;Black Friday;New York, USA;9;4.7
I7346;1/23/2026 11:58;U002;P040;TipInt002;Cyber Monday;New York, USA;3;2.6
I7347;11/23/2025 02:19;U003;P094;TipInt003;Cyber Monday;London, UK;3;1.1
I7348;10/01/2025 04:14;U061;P036;TipInt003;Cyber Monday;Toronto, Canada;5;3
I7349;10/08/2025 02:29;U074;P084;TipInt004;Holiday Sale;Sydney, Australia;1;2.7
I7350;10/12/2025 06:39;U052;P033;TipInt002;Cyber Monday;Paris, France;1;3
I7351;10/27/2025 22:32;U001;P095;TipInt006;Spring Sale;Sydney, Australia;4;2.9
I7352;12/16/2025 11:29;U028;P094;TipInt001;Black Friday;London, UK;4;2.3
I7353;11/02/2025 00:25;U049;P083;TipInt006;Spring Sale;New York, USA;6;1
I7354;11/05/2025 12:14;U088;P011;TipInt006;Cyber Monday;Berlin, Germany;5;4.8
I7355;11/07/2025 22:14;U026;P029;TipInt004;Cyber Monday;Paris, France;3;2.1
I7356;10/16/2025 14:43;U135;P099;TipInt001;Cyber Monday;Toronto, Canada;7;5
I7357;11/20/2025 19:06;U069;P062;TipInt004;Black Friday;New York, USA;2;1.9
I7358;10/02/2025 07:42;U030;P077;TipInt003;Black Friday;New York, USA;5;1.9
I7359;10/29/2025 11:25;U073;P059;TipInt006;Holiday Sale;London, UK;1;2.3
I7360;11/16/2025 12:48;U075;P075;TipInt004;Holiday Sale;Toronto, Canada;3;2.9
I7361;1/30/2026 13:08;U098;P069;TipInt004;Spring Sale;Toronto, Canada;2;4.4
I7362;1/21/2026 13:37;U021;P068;TipInt005;Cyber Monday;New York, USA;3;3.6
I7363;1/18/2026 09:32;U117;P042;TipInt003;Spring Sale;London, UK;8;1.2
I7364;1/27/2026 02:08;U030;P005;TipInt006;Spring Sale;New York, USA;5;4.4
I7365;12/11/2025 14:28;U126;P085;TipInt006;Black Friday;Berlin, Germany;8;1.2
I7366;12/12/2025 16:03;U047;P040;TipInt003;Cyber Monday;Paris, France;6;1.7
I7367;11/27/2025 23:53;U085;P053;TipInt006;Holiday Sale;Toronto, Canada;2;3
I7368;12/01/2025 05:57;U050;P083;TipInt006;Regular Day;Paris, France;7;1
I7369;10/06/2025 01:39;U074;P010;TipInt003;Spring Sale;Paris, France;10;1.3
I7370;12/28/2025 16:24;U066;P060;TipInt001;Regular Day;New York, USA;-;3.8
I7371;12/30/2025 18:24;U144;P088;TipInt004;Holiday Sale;London, UK;5;3
I7372;10/05/2025 10:22;U125;P008;TipInt002;Cyber Monday;Toronto, Canada;-;1.7
I7373;1/30/2026 15:07;U084;P002;TipInt001;Cyber Monday;London, UK;6;1.7
I7374;1/26/2026 08:22;U074;P016;TipInt001;Cyber Monday;Sydney, Australia;2;3.5
I7375;11/06/2025 14:08;U017;P021;TipInt005;Spring Sale;Berlin, Germany;10;4.9
I7376;10/12/2025 01:42;U127;P019;TipInt002;Regular Day;London, UK;7;1.3
I7377;10/21/2025 04:31;U047;P012;TipInt006;Holiday Sale;New York, USA;6;3.6
I7378;11/02/2025 23:48;U013;P024;TipInt006;Black Friday;Sydney, Australia;10;4.6
I7379;11/18/2025 04:31;U023;P055;TipInt005;Black Friday;New York, USA;7;4
I7380;10/13/2025 23:43;U105;P005;TipInt004;Black Friday;Sydney, Australia;4;2.2
I7381;11/17/2025 21:59;U074;P003;TipInt002;Cyber Monday;Berlin, Germany;4;4
I7382;10/01/2025 22:29;U002;P036;TipInt001;Spring Sale;Berlin, Germany;8;4.4
I7383;12/10/2025 17:51;U033;P077;TipInt006;Regular Day;Paris, France;3;4.3
I7384;10/11/2025 01:00;U029;P042;TipInt003;Cyber Monday;Paris, France;-;1.2
I7385;11/03/2025 19:02;U103;P099;TipInt004;Black Friday;Paris, France;2;1.6
I7386;11/24/2025 07:44;U053;P063;TipInt005;Black Friday;Berlin, Germany;2;2.5
I7387;10/28/2025 04:30;U004;P059;TipInt003;Spring Sale;Toronto, Canada;4;4.5
I7388;10/21/2025 21:15;U148;P078;TipInt002;Holiday Sale;Paris, France;7;1.5
I7389;11/19/2025 23:05;U076;P021;TipInt005;Spring Sale;New York, USA;8;4.4
I7390;12/04/2025 06:23;U022;P068;TipInt005;Regular Day;Sydney, Australia;-;4.8
I7391;11/25/2025 17:30;U133;P012;TipInt003;Spring Sale;Berlin, Germany;6;3.3
I7392;10/27/2025 12:59;U061;P068;TipInt002;Spring Sale;Paris, France;5;3.9
I7393;12/09/2025 11:34;U008;P080;TipInt003;Spring Sale;Toronto, Canada;10;3.8
I7394;10/28/2025 17:21;U133;P026;TipInt002;Holiday Sale;Berlin, Germany;1;1.8
I7395;10/04/2025 23:40;U036;P045;TipInt004;Spring Sale;Sydney, Australia;5;1.6
I7396;12/12/2025 16:20;U017;P008;TipInt006;Cyber Monday;Berlin, Germany;-;1.4
I7397;11/15/2025 07:59;U143;P023;TipInt004;Spring Sale;Berlin, Germany;8;3.1
I7398;12/23/2025 13:33;U014;P004;TipInt005;Regular Day;New York, USA;10;1.3
I7399;1/10/2026 19:33;U040;P076;TipInt002;Spring Sale;Paris, France;1;3.6
I7400;11/28/2025 00:43;U139;P069;TipInt003;Black Friday;Toronto, Canada;10;4.3
I7401;12/27/2025 13:23;U075;P038;TipInt006;Spring Sale;London, UK;6;1.7
I7402;11/18/2025 00:55;U139;P032;TipInt001;Spring Sale;New York, USA;2;1.1
I7403;1/17/2026 10:50;U041;P078;TipInt002;Spring Sale;New York, USA;2;3.3
I7404;12/04/2025 04:33;U130;P027;TipInt006;Spring Sale;Paris, France;3;2.7
I7405;12/17/2025 08:00;U135;P098;TipInt006;Black Friday;Berlin, Germany;3;4.5
I7406;1/26/2026 21:36;U007;P015;TipInt001;Black Friday;New York, USA;3;2
I7407;11/15/2025 19:07;U108;P044;TipInt003;Black Friday;Berlin, Germany;7;1.8
I7408;1/04/2026 00:30;U138;P041;TipInt003;Spring Sale;Sydney, Australia;6;2.1
I7409;11/07/2025 07:00;U010;P099;TipInt003;Holiday Sale;Toronto, Canada;10;3.2
I7410;10/14/2025 11:54;U050;P090;TipInt004;Holiday Sale;London, UK;8;2.7
I7411;12/05/2025 15:52;U117;P043;TipInt006;Holiday Sale;Berlin, Germany;5;4
I7412;1/02/2026 19:13;U009;P074;TipInt005;Black Friday;New York, USA;1;1.9
I7413;11/29/2025 14:08;U037;P055;TipInt004;Black Friday;Paris, France;5;2.8
I7414;1/18/2026 12:58;U083;P006;TipInt001;Regular Day;Paris, France;1;2.5
I7415;10/07/2025 09:40;U127;P047;TipInt003;Spring Sale;Paris, France;3;4.1
I7416;11/13/2025 16:16;U098;P089;TipInt002;Spring Sale;Paris, France;9;4.6
I7417;12/16/2025 04:13;U098;P010;TipInt003;Spring Sale;Paris, France;-;2.1
I7418;11/21/2025 05:00;U046;P021;TipInt002;Regular Day;New York, USA;7;2.1
I7419;11/13/2025 08:45;U127;P020;TipInt004;Cyber Monday;London, UK;7;3.9
I7420;11/08/2025 06:22;U057;P064;TipInt002;Spring Sale;Berlin, Germany;-;1.4
I7421;1/25/2026 00:07;U043;P058;TipInt002;Cyber Monday;London, UK;2;4.8
I7422;1/03/2026 22:25;U001;P052;TipInt005;Cyber Monday;New York, USA;5;1.9
I7423;12/04/2025 19:57;U126;P011;TipInt002;Black Friday;New York, USA;4;2.2
I7424;12/09/2025 15:14;U135;P009;TipInt003;Regular Day;New York, USA;8;4
I7425;1/15/2026 18:49;U012;P086;TipInt005;Regular Day;Sydney, Australia;1;2.4
I7426;1/24/2026 05:17;U002;P077;TipInt004;Spring Sale;Toronto, Canada;7;2.7
I7427;10/26/2025 13:21;U116;P043;TipInt005;Holiday Sale;London, UK;8;4.7
I7428;1/24/2026 10:32;U040;P037;TipInt006;Holiday Sale;New York, USA;1;2.8
I7429;1/10/2026 10:04;U081;P021;TipInt001;Regular Day;New York, USA;7;4.6
I7430;11/19/2025 21:03;U005;P049;TipInt004;Holiday Sale;Berlin, Germany;4;4.4
I7431;10/29/2025 22:52;U006;P082;TipInt005;Holiday Sale;Berlin, Germany;5;3
I7432;11/16/2025 06:31;U077;P084;TipInt006;Black Friday;New York, USA;7;2.4
I7433;11/18/2025 16:11;U103;P021;TipInt002;Cyber Monday;Toronto, Canada;2;3.5
I7434;10/14/2025 07:01;U073;P069;TipInt005;Cyber Monday;Sydney, Australia;9;2.1
I7435;10/22/2025 12:35;U027;P020;TipInt003;Spring Sale;Sydney, Australia;9;2.7
I7436;11/12/2025 13:10;U104;P055;TipInt001;Spring Sale;Berlin, Germany;-;4.5
I7437;11/10/2025 12:11;U138;P046;TipInt005;Regular Day;Sydney, Australia;2;3.4
I7438;1/29/2026 20:21;U101;P036;TipInt002;Cyber Monday;Sydney, Australia;10;3.6
I7439;12/17/2025 09:18;U028;P011;TipInt005;Regular Day;Toronto, Canada;10;4.4
I7440;12/16/2025 08:32;U024;P057;TipInt002;Regular Day;Toronto, Canada;-;4.2
I7441;12/12/2025 03:07;U079;P071;TipInt005;Spring Sale;Paris, France;8;1.6
I7442;1/25/2026 19:08;U106;P073;TipInt001;Spring Sale;Berlin, Germany;9;3.7
I7443;1/01/2026 18:07;U141;P074;TipInt004;Cyber Monday;Toronto, Canada;9;3.9
I7444;12/14/2025 12:14;U119;P062;TipInt005;Regular Day;Paris, France;8;1.2
I7445;11/21/2025 04:13;U033;P023;TipInt002;Cyber Monday;Toronto, Canada;10;4.7
I7446;10/31/2025 15:56;U049;P001;TipInt001;Spring Sale;London, UK;2;2.7
I7447;12/30/2025 17:15;U054;P050;TipInt004;Black Friday;London, UK;3;2.4
I7448;1/25/2026 06:53;U099;P070;TipInt005;Holiday Sale;New York, USA;1;4.7
I7449;10/20/2025 00:26;U066;P027;TipInt005;Regular Day;London, UK;7;3.3
I7450;10/27/2025 15:28;U003;P006;TipInt006;Regular Day;New York, USA;4;4
I7451;10/08/2025 17:18;U001;P011;TipInt006;Holiday Sale;Sydney, Australia;3;3.9
I7452;12/10/2025 04:28;U035;P079;TipInt006;Black Friday;Sydney, Australia;6;2.7
I7453;12/11/2025 04:13;U087;P017;TipInt001;Spring Sale;Sydney, Australia;2;4.1
I7454;11/21/2025 06:53;U008;P085;TipInt005;Spring Sale;Sydney, Australia;4;1.8
I7455;1/04/2026 10:23;U036;P053;TipInt005;Regular Day;Sydney, Australia;10;4.3
I7456;11/04/2025 17:32;U080;P044;TipInt004;Black Friday;Berlin, Germany;5;4.8
I7457;12/07/2025 01:50;U083;P064;TipInt004;Spring Sale;Sydney, Australia;3;2
I7458;12/11/2025 21:28;U011;P031;TipInt003;Black Friday;Berlin, Germany;7;3.8
I7459;11/01/2025 14:54;U087;P099;TipInt001;Black Friday;Berlin, Germany;9;3.6
I7460;12/29/2025 03:14;U090;P077;TipInt002;Regular Day;Toronto, Canada;4;1.4
I7461;10/29/2025 14:29;U099;P064;TipInt001;Regular Day;New York, USA;2;4.1
I7462;11/28/2025 08:30;U069;P051;TipInt004;Regular Day;New York, USA;4;4
I7463;11/25/2025 20:39;U050;P091;TipInt001;Black Friday;Sydney, Australia;-;4.8
I7464;12/04/2025 03:47;U097;P052;TipInt001;Cyber Monday;Sydney, Australia;7;4.8
I7465;10/13/2025 01:36;U132;P018;TipInt004;Cyber Monday;New York, USA;9;3.6
I7466;10/08/2025 01:25;U133;P032;TipInt002;Holiday Sale;Sydney, Australia;1;4.1
I7467;10/07/2025 04:41;U061;P043;TipInt002;Spring Sale;Toronto, Canada;9;3
I7468;1/17/2026 19:51;U017;P082;TipInt002;Black Friday;Paris, France;3;1.6
I7469;10/01/2025 22:51;U148;P034;TipInt004;Regular Day;New York, USA;2;1.2
I7470;10/27/2025 04:18;U092;P037;TipInt002;Spring Sale;Berlin, Germany;8;3.9
I7471;10/05/2025 19:17;U009;P053;TipInt006;Cyber Monday;Sydney, Australia;7;3.9
I7472;10/24/2025 23:04;U007;P046;TipInt002;Holiday Sale;Berlin, Germany;7;1.7
I7473;1/24/2026 21:09;U012;P011;TipInt001;Holiday Sale;Berlin, Germany;6;2.7
I7474;11/19/2025 18:38;U021;P004;TipInt001;Black Friday;Berlin, Germany;5;4.2
I7475;1/17/2026 07:07;U088;P026;TipInt001;Regular Day;London, UK;-;1.1
I7476;12/16/2025 07:00;U124;P027;TipInt005;Spring Sale;New York, USA;7;3
I7477;12/25/2025 18:20;U015;P012;TipInt003;Regular Day;Paris, France;8;3.3
I7478;12/14/2025 13:57;U104;P006;TipInt002;Regular Day;London, UK;8;4
I7479;1/30/2026 02:25;U047;P054;TipInt004;Black Friday;New York, USA;3;3.6
I7480;12/14/2025 19:42;U127;P040;TipInt004;Holiday Sale;Berlin, Germany;9;2.3
I7481;12/27/2025 06:52;U090;P082;TipInt001;Black Friday;Berlin, Germany;6;1.6
I7482;1/27/2026 16:27;U086;P096;TipInt003;Spring Sale;Sydney, Australia;-;4.8
I7483;12/30/2025 06:12;U063;P066;TipInt002;Regular Day;Sydney, Australia;10;2.5
I7484;1/21/2026 11:43;U005;P036;TipInt006;Spring Sale;Berlin, Germany;5;3.7
I7485;11/07/2025 05:08;U005;P018;TipInt003;Black Friday;New York, USA;7;3.7
I7486;12/08/2025 15:47;U069;P022;TipInt005;Black Friday;Sydney, Australia;4;1.1
I7487;10/19/2025 14:24;U067;P090;TipInt004;Regular Day;Toronto, Canada;8;5
I7488;1/20/2026 21:20;U147;P059;TipInt006;Black Friday;Sydney, Australia;6;3.4
I7489;11/12/2025 21:04;U148;P052;TipInt003;Regular Day;Berlin, Germany;7;3.3
I7490;12/03/2025 14:44;U103;P002;TipInt005;Cyber Monday;Sydney, Australia;9;2.9
I7491;11/12/2025 22:13;U039;P021;TipInt002;Spring Sale;New York, USA;8;3.3
I7492;10/08/2025 02:40;U026;P010;TipInt001;Cyber Monday;London, UK;5;2.5
I7493;1/09/2026 03:41;U078;P026;TipInt005;Holiday Sale;London, UK;-;2.8
I7494;11/01/2025 04:13;U080;P015;TipInt004;Holiday Sale;Toronto, Canada;2;2.4
I7495;10/21/2025 06:22;U035;P019;TipInt005;Black Friday;Sydney, Australia;2;3.6
I7496;11/06/2025 15:36;U004;P082;TipInt004;Black Friday;London, UK;3;2
I7497;12/31/2025 07:25;U107;P060;TipInt004;Regular Day;Sydney, Australia;6;1.1
I7498;11/27/2025 13:17;U039;P050;TipInt002;Regular Day;New York, USA;4;2.6
I7499;10/06/2025 05:57;U007;P061;TipInt004;Regular Day;Paris, France;9;3.5
I7500;11/15/2025 23:49;U150;P017;TipInt006;Cyber Monday;London, UK;1;1.9
I7501;12/14/2025 02:41;U100;P027;TipInt006;Holiday Sale;Berlin, Germany;6;3.7
I7502;12/04/2025 12:24;U032;P040;TipInt003;Holiday Sale;London, UK;10;4.3
I7503;1/08/2026 16:12;U011;P079;TipInt003;Cyber Monday;London, UK;6;3.8
I7504;1/21/2026 12:55;U061;P094;TipInt004;Regular Day;Paris, France;8;3.5
I7505;11/22/2025 12:40;U079;P032;TipInt003;Cyber Monday;Sydney, Australia;5;4.8
I7506;1/07/2026 21:54;U149;P024;TipInt003;Holiday Sale;London, UK;7;3.6
I7507;11/03/2025 05:31;U115;P022;TipInt001;Spring Sale;Toronto, Canada;2;4.4
I7508;1/11/2026 05:27;U060;P096;TipInt001;Black Friday;Sydney, Australia;6;3.4
I7509;9/30/2025 15:09;U048;P014;TipInt003;Regular Day;Sydney, Australia;9;3.4
I7510;12/19/2025 13:23;U085;P013;TipInt004;Cyber Monday;Berlin, Germany;3;3.3
I7511;12/07/2025 06:35;U103;P067;TipInt005;Black Friday;New York, USA;-;4.3
I7512;11/04/2025 23:16;U019;P068;TipInt002;Regular Day;Toronto, Canada;10;3.4
I7513;10/10/2025 18:19;U145;P015;TipInt001;Cyber Monday;Toronto, Canada;6;1.6
I7514;12/04/2025 18:18;U119;P044;TipInt002;Regular Day;New York, USA;9;1
I7515;12/28/2025 11:11;U053;P084;TipInt003;Cyber Monday;Paris, France;10;3.8
I7516;1/04/2026 03:19;U014;P038;TipInt002;Cyber Monday;Paris, France;5;2.7
I7517;1/21/2026 23:29;U002;P098;TipInt006;Black Friday;Sydney, Australia;1;3.3
I7518;12/23/2025 22:14;U118;P009;TipInt003;Cyber Monday;Sydney, Australia;4;3.9
I7519;10/08/2025 06:29;U027;P072;TipInt005;Black Friday;Paris, France;5;4.3
I7520;10/18/2025 07:51;U026;P085;TipInt002;Black Friday;Paris, France;5;1.9
I7521;12/01/2025 23:26;U028;P078;TipInt002;Cyber Monday;Paris, France;2;3.5
I7522;12/31/2025 18:07;U079;P009;TipInt005;Holiday Sale;Paris, France;6;1.7
I7523;10/19/2025 13:18;U041;P078;TipInt005;Black Friday;Paris, France;6;1.2
I7524;11/03/2025 08:41;U039;P042;TipInt001;Black Friday;London, UK;10;4.3
I7525;1/24/2026 18:38;U015;P093;TipInt004;Cyber Monday;New York, USA;2;3.3
I7526;12/20/2025 17:02;U011;P023;TipInt006;Regular Day;Paris, France;7;2.2
I7527;12/22/2025 21:48;U092;P008;TipInt001;Holiday Sale;Sydney, Australia;5;4.1
I7528;11/28/2025 18:49;U057;P015;TipInt001;Spring Sale;Toronto, Canada;2;3.7
I7529;9/30/2025 03:57;U092;P014;TipInt001;Black Friday;Berlin, Germany;-;2.5
I7530;10/28/2025 00:24;U093;P053;TipInt002;Holiday Sale;Sydney, Australia;9;3.4
I7531;12/05/2025 23:51;U043;P080;TipInt003;Cyber Monday;New York, USA;5;2.5
I7532;11/17/2025 01:02;U062;P053;TipInt001;Cyber Monday;Sydney, Australia;9;2.2
I7533;10/05/2025 04:45;U123;P021;TipInt001;Regular Day;Paris, France;9;4.9
I7534;1/18/2026 02:09;U011;P053;TipInt002;Black Friday;New York, USA;4;1.4
I7535;11/12/2025 16:20;U150;P062;TipInt004;Regular Day;Paris, France;1;1.8
I7536;10/05/2025 15:43;U031;P028;TipInt002;Holiday Sale;New York, USA;10;2.5
I7537;11/02/2025 23:07;U093;P023;TipInt006;Regular Day;Berlin, Germany;1;3
I7538;12/22/2025 23:53;U051;P064;TipInt006;Black Friday;Sydney, Australia;10;3.9
I7539;11/09/2025 14:16;U036;P075;TipInt001;Spring Sale;Sydney, Australia;8;3.4
I7540;1/08/2026 11:52;U113;P091;TipInt006;Black Friday;Berlin, Germany;2;3.7
I7541;11/01/2025 04:26;U020;P059;TipInt006;Spring Sale;Berlin, Germany;8;2.1
I7542;1/26/2026 23:58;U084;P084;TipInt005;Regular Day;Paris, France;7;2.3
I7543;12/21/2025 14:24;U145;P053;TipInt004;Black Friday;Berlin, Germany;6;4.6
I7544;12/16/2025 00:21;U063;P021;TipInt006;Black Friday;Berlin, Germany;5;2.7
I7545;12/19/2025 17:55;U073;P084;TipInt003;Spring Sale;Toronto, Canada;-;2.8
I7546;11/26/2025 01:59;U116;P061;TipInt003;Spring Sale;Toronto, Canada;6;4.6
I7547;1/18/2026 12:59;U044;P057;TipInt004;Spring Sale;Sydney, Australia;6;4.2
I7548;1/15/2026 04:46;U038;P061;TipInt003;Black Friday;Sydney, Australia;5;2.2
I7549;11/25/2025 09:54;U070;P035;TipInt006;Holiday Sale;Sydney, Australia;6;2.6
I7550;11/01/2025 18:41;U113;P081;TipInt001;Spring Sale;Paris, France;7;3
I7551;12/06/2025 22:31;U145;P042;TipInt003;Cyber Monday;Berlin, Germany;8;1
I7552;11/02/2025 05:21;U126;P077;TipInt003;Holiday Sale;New York, USA;10;2.9
I7553;1/19/2026 23:42;U088;P050;TipInt005;Spring Sale;Paris, France;2;1.3
I7554;1/05/2026 15:13;U019;P046;TipInt006;Regular Day;Berlin, Germany;9;2.9
I7555;1/18/2026 19:16;U111;P055;TipInt006;Black Friday;New York, USA;3;3.7
I7556;1/25/2026 21:17;U053;P006;TipInt001;Regular Day;Berlin, Germany;7;3.8
I7557;11/16/2025 23:37;U046;P034;TipInt006;Cyber Monday;Sydney, Australia;6;1.7
I7558;11/04/2025 23:23;U084;P029;TipInt002;Regular Day;Paris, France;3;2.7
I7559;1/16/2026 14:30;U127;P045;TipInt001;Black Friday;London, UK;7;3.9
I7560;11/28/2025 03:55;U056;P061;TipInt006;Black Friday;New York, USA;1;4.1
I7561;10/07/2025 11:54;U073;P037;TipInt004;Cyber Monday;Sydney, Australia;6;4.6
I7562;10/31/2025 16:03;U042;P003;TipInt006;Black Friday;Berlin, Germany;10;1.8
I7563;10/15/2025 08:56;U142;P020;TipInt002;Cyber Monday;Paris, France;8;3.8
I7564;11/23/2025 02:06;U056;P032;TipInt002;Spring Sale;New York, USA;9;4.3
I7565;12/12/2025 10:55;U051;P021;TipInt005;Regular Day;Paris, France;3;4.7
I7566;10/23/2025 04:37;U150;P015;TipInt005;Spring Sale;London, UK;1;3.8
I7567;12/01/2025 12:05;U146;P042;TipInt003;Regular Day;Sydney, Australia;4;2.8
I7568;10/08/2025 22:11;U109;P053;TipInt003;Cyber Monday;Sydney, Australia;8;1.3
I7569;12/22/2025 14:44;U030;P040;TipInt002;Spring Sale;Berlin, Germany;2;3.4
I7570;10/16/2025 08:21;U088;P051;TipInt005;Cyber Monday;Berlin, Germany;3;3.2
I7571;12/24/2025 22:22;U055;P030;TipInt005;Spring Sale;Berlin, Germany;-;1.9
I7572;1/09/2026 10:05;U052;P003;TipInt001;Holiday Sale;New York, USA;-;4
I7573;10/12/2025 04:16;U128;P035;TipInt003;Holiday Sale;Paris, France;3;2.9
I7574;12/23/2025 20:20;U089;P030;TipInt002;Spring Sale;New York, USA;1;1.5
I7575;11/24/2025 04:21;U127;P080;TipInt005;Cyber Monday;Sydney, Australia;1;4.5
I7576;1/25/2026 08:48;U132;P097;TipInt006;Regular Day;Toronto, Canada;10;4
I7577;12/06/2025 19:30;U091;P060;TipInt001;Cyber Monday;Toronto, Canada;-;3.4
I7578;10/09/2025 09:26;U069;P030;TipInt002;Black Friday;London, UK;10;3.4
I7579;1/07/2026 04:20;U026;P063;TipInt001;Regular Day;Berlin, Germany;3;2.4
I7580;1/02/2026 19:19;U093;P041;TipInt002;Spring Sale;Paris, France;1;4.6
I7581;12/10/2025 14:00;U072;P038;TipInt004;Holiday Sale;New York, USA;1;2.4
I7582;10/06/2025 14:41;U053;P027;TipInt001;Holiday Sale;Berlin, Germany;1;4.9
I7583;11/20/2025 09:03;U132;P082;TipInt004;Holiday Sale;New York, USA;10;2.1
I7584;11/12/2025 09:42;U064;P061;TipInt003;Holiday Sale;London, UK;8;2.4
I7585;11/14/2025 21:30;U071;P062;TipInt005;Black Friday;Paris, France;3;1.8
I7586;10/18/2025 06:27;U038;P097;TipInt002;Black Friday;Berlin, Germany;5;2.3
I7587;11/23/2025 00:34;U129;P076;TipInt002;Spring Sale;London, UK;7;3.1
I7588;1/13/2026 22:28;U141;P020;TipInt005;Black Friday;Toronto, Canada;3;4.5
I7589;11/27/2025 14:18;U025;P035;TipInt003;Holiday Sale;New York, USA;8;3.4
I7590;11/03/2025 08:40;U032;P025;TipInt004;Spring Sale;Toronto, Canada;4;4.7
I7591;12/22/2025 23:29;U015;P021;TipInt004;Cyber Monday;New York, USA;1;4.2
I7592;9/30/2025 04:49;U110;P001;TipInt005;Holiday Sale;Sydney, Australia;1;2.4
I7593;11/19/2025 16:48;U141;P026;TipInt003;Cyber Monday;Paris, France;9;1.8
I7594;10/27/2025 02:50;U070;P052;TipInt005;Cyber Monday;Paris, France;5;4.9
I7595;10/07/2025 01:42;U039;P074;TipInt001;Holiday Sale;London, UK;9;3.3
I7596;10/09/2025 04:40;U048;P087;TipInt004;Black Friday;Berlin, Germany;10;4.9
I7597;1/20/2026 11:43;U069;P061;TipInt006;Black Friday;Berlin, Germany;7;5
I7598;12/10/2025 21:33;U076;P042;TipInt005;Cyber Monday;Paris, France;6;1.3
I7599;12/04/2025 15:33;U011;P072;TipInt002;Black Friday;New York, USA;5;3
I7600;9/29/2025 06:51;U125;P040;TipInt005;Holiday Sale;Paris, France;10;1.6
I7601;11/29/2025 00:47;U006;P036;TipInt006;Regular Day;Paris, France;1;4.9
I7602;12/06/2025 09:30;U145;P002;TipInt006;Spring Sale;London, UK;10;4.7
I7603;1/23/2026 15:10;U069;P042;TipInt004;Holiday Sale;Berlin, Germany;5;1.1
I7604;12/13/2025 14:39;U043;P023;TipInt005;Holiday Sale;Toronto, Canada;-;5
I7605;1/11/2026 19:19;U036;P009;TipInt006;Cyber Monday;New York, USA;8;1.9
I7606;12/26/2025 02:19;U005;P034;TipInt005;Cyber Monday;London, UK;10;2.8
I7607;1/04/2026 00:32;U102;P029;TipInt001;Holiday Sale;Toronto, Canada;1;1.5
I7608;10/08/2025 20:59;U080;P074;TipInt005;Black Friday;Toronto, Canada;-;3
I7609;11/07/2025 07:15;U129;P044;TipInt006;Regular Day;London, UK;2;3.8
I7610;12/28/2025 07:56;U136;P011;TipInt001;Holiday Sale;New York, USA;1;1.4
I7611;10/31/2025 16:13;U105;P036;TipInt001;Black Friday;Paris, France;-;2
I7612;1/09/2026 12:33;U057;P066;TipInt006;Regular Day;Toronto, Canada;2;4.1
I7613;12/24/2025 13:41;U141;P066;TipInt004;Black Friday;Sydney, Australia;10;1.9
I7614;1/27/2026 03:48;U123;P087;TipInt005;Holiday Sale;London, UK;10;3.2
I7615;12/14/2025 20:34;U077;P073;TipInt004;Cyber Monday;Sydney, Australia;7;4.7
I7616;11/15/2025 06:47;U009;P001;TipInt004;Regular Day;Paris, France;8;4.6
I7617;12/15/2025 12:19;U016;P040;TipInt001;Holiday Sale;Toronto, Canada;4;4
I7618;12/28/2025 03:32;U090;P004;TipInt001;Spring Sale;Toronto, Canada;7;3.6
I7619;12/16/2025 13:55;U140;P034;TipInt004;Spring Sale;New York, USA;4;3.3
I7620;11/10/2025 12:13;U051;P084;TipInt003;Cyber Monday;Paris, France;1;2.4
I7621;10/29/2025 09:24;U017;P030;TipInt005;Black Friday;Sydney, Australia;7;4
I7622;12/24/2025 02:04;U144;P045;TipInt001;Spring Sale;Toronto, Canada;2;3.2
I7623;12/17/2025 08:38;U073;P042;TipInt002;Regular Day;Sydney, Australia;6;2.5
I7624;12/18/2025 00:58;U035;P047;TipInt001;Spring Sale;Sydney, Australia;-;3.3
I7625;11/01/2025 00:29;U120;P075;TipInt002;Spring Sale;Berlin, Germany;5;4.2
I7626;1/04/2026 00:05;U042;P089;TipInt006;Black Friday;London, UK;7;2.8
I7627;11/20/2025 10:02;U073;P047;TipInt001;Cyber Monday;New York, USA;6;4.7
I7628;12/23/2025 18:20;U105;P004;TipInt004;Regular Day;London, UK;10;2.3
I7629;10/23/2025 11:33;U017;P087;TipInt001;Cyber Monday;Berlin, Germany;7;4.5
I7630;10/08/2025 23:40;U090;P006;TipInt006;Holiday Sale;London, UK;9;3.4
I7631;12/07/2025 11:56;U068;P040;TipInt001;Regular Day;New York, USA;2;4.8
I7632;1/26/2026 06:28;U050;P053;TipInt006;Black Friday;Sydney, Australia;-;2.1
I7633;11/10/2025 11:11;U017;P005;TipInt004;Spring Sale;New York, USA;7;3.8
I7634;11/22/2025 00:22;U065;P094;TipInt001;Spring Sale;Paris, France;-;3.1
I7635;12/20/2025 08:19;U140;P038;TipInt006;Holiday Sale;Sydney, Australia;4;2.3
I7636;1/01/2026 01:45;U066;P092;TipInt003;Holiday Sale;Sydney, Australia;5;2.3
I7637;1/26/2026 08:12;U057;P021;TipInt003;Spring Sale;New York, USA;6;2
I7638;11/27/2025 13:14;U044;P085;TipInt005;Cyber Monday;Berlin, Germany;3;1.3
I7639;10/10/2025 00:04;U051;P073;TipInt002;Black Friday;Sydney, Australia;4;1.5
I7640;10/12/2025 04:34;U082;P061;TipInt004;Black Friday;Paris, France;10;2.2
I7641;12/18/2025 20:29;U079;P084;TipInt006;Regular Day;Berlin, Germany;7;4.5
I7642;12/30/2025 22:13;U113;P054;TipInt003;Spring Sale;Paris, France;2;1.8
I7643;10/04/2025 20:58;U035;P074;TipInt004;Regular Day;Paris, France;1;4.8
I7644;10/14/2025 21:29;U088;P088;TipInt003;Black Friday;Sydney, Australia;7;4.7
I7645;11/08/2025 04:41;U097;P097;TipInt001;Holiday Sale;Berlin, Germany;5;1.2
I7646;12/19/2025 03:24;U105;P067;TipInt003;Cyber Monday;Sydney, Australia;8;4.6
I7647;11/23/2025 03:06;U117;P051;TipInt005;Cyber Monday;New York, USA;1;4.3
I7648;10/24/2025 13:18;U072;P037;TipInt005;Spring Sale;Paris, France;9;3.3
I7649;12/23/2025 06:07;U012;P013;TipInt006;Black Friday;Berlin, Germany;1;2
I7650;10/07/2025 00:00;U137;P022;TipInt005;Regular Day;London, UK;3;4.7
I7651;11/03/2025 19:12;U136;P063;TipInt003;Spring Sale;Paris, France;3;4.6
I7652;9/30/2025 05:06;U115;P078;TipInt002;Spring Sale;Toronto, Canada;9;3.3
I7653;1/30/2026 08:10;U046;P057;TipInt002;Black Friday;Paris, France;1;2.4
I7654;12/15/2025 23:39;U139;P038;TipInt001;Black Friday;London, UK;8;1.2
I7655;1/15/2026 05:10;U114;P094;TipInt002;Cyber Monday;Paris, France;6;4.4
I7656;11/20/2025 00:16;U014;P004;TipInt003;Spring Sale;Toronto, Canada;8;1.7
I7657;12/09/2025 22:10;U122;P025;TipInt006;Holiday Sale;London, UK;2;4.8
I7658;1/24/2026 05:13;U122;P099;TipInt003;Cyber Monday;London, UK;2;3.7
I7659;12/07/2025 16:15;U044;P016;TipInt001;Black Friday;Sydney, Australia;5;3.6
I7660;11/26/2025 08:34;U024;P027;TipInt002;Black Friday;New York, USA;1;1.7
I7661;1/04/2026 18:26;U075;P012;TipInt002;Regular Day;New York, USA;8;2.3
I7662;1/16/2026 10:57;U074;P007;TipInt002;Regular Day;London, UK;9;1.1
I7663;1/29/2026 16:00;U133;P033;TipInt004;Holiday Sale;Berlin, Germany;1;2.6
I7664;11/15/2025 21:13;U044;P018;TipInt006;Regular Day;Sydney, Australia;5;2.5
I7665;10/12/2025 16:44;U150;P096;TipInt003;Holiday Sale;Sydney, Australia;9;2
I7666;11/13/2025 02:47;U028;P040;TipInt004;Holiday Sale;Toronto, Canada;6;4.5
I7667;1/16/2026 04:23;U049;P097;TipInt004;Cyber Monday;Toronto, Canada;6;1.5
I7668;12/03/2025 11:29;U084;P084;TipInt001;Holiday Sale;Sydney, Australia;-;1.9
I7669;1/13/2026 07:27;U002;P020;TipInt001;Regular Day;London, UK;10;1.5
I7670;1/27/2026 12:03;U041;P087;TipInt002;Regular Day;Berlin, Germany;2;3.3
I7671;10/25/2025 13:37;U052;P068;TipInt002;Regular Day;Paris, France;7;2.6
I7672;11/16/2025 14:13;U032;P046;TipInt006;Black Friday;Paris, France;1;2.8
I7673;1/14/2026 01:01;U128;P031;TipInt002;Spring Sale;Sydney, Australia;-;3.6
I7674;1/20/2026 06:08;U003;P051;TipInt001;Cyber Monday;New York, USA;5;3.6
I7675;1/20/2026 13:00;U036;P071;TipInt002;Black Friday;Sydney, Australia;5;1.2
I7676;10/27/2025 16:39;U093;P002;TipInt002;Holiday Sale;New York, USA;5;1.6
I7677;1/31/2026 04:29;U041;P097;TipInt004;Spring Sale;Berlin, Germany;6;1
I7678;12/06/2025 00:01;U018;P022;TipInt004;Holiday Sale;London, UK;3;3.4
I7679;11/20/2025 14:55;U005;P020;TipInt002;Spring Sale;Berlin, Germany;5;3.5
I7680;12/04/2025 23:38;U116;P030;TipInt001;Spring Sale;Sydney, Australia;5;3.6
I7681;12/16/2025 09:12;U073;P041;TipInt006;Holiday Sale;Berlin, Germany;2;1.5
I7682;1/15/2026 10:46;U119;P077;TipInt006;Regular Day;Berlin, Germany;3;3.7
I7683;11/19/2025 13:36;U062;P028;TipInt005;Cyber Monday;Paris, France;2;4.7
I7684;10/23/2025 14:41;U139;P054;TipInt001;Spring Sale;Berlin, Germany;6;2.3
I7685;12/18/2025 17:29;U136;P028;TipInt006;Holiday Sale;New York, USA;2;2.2
I7686;11/14/2025 15:13;U089;P016;TipInt003;Black Friday;Paris, France;4;4.9
I7687;1/11/2026 19:03;U044;P050;TipInt005;Holiday Sale;New York, USA;4;4.5
I7688;11/22/2025 05:47;U030;P046;TipInt004;Black Friday;New York, USA;6;3.4
I7689;11/08/2025 01:24;U089;P006;TipInt006;Cyber Monday;Berlin, Germany;9;4.9
I7690;12/18/2025 23:17;U043;P068;TipInt006;Cyber Monday;London, UK;10;3.6
I7691;1/02/2026 00:12;U099;P041;TipInt003;Holiday Sale;Berlin, Germany;4;3.6
I7692;12/17/2025 15:18;U070;P016;TipInt005;Holiday Sale;Paris, France;9;1.8
I7693;11/10/2025 02:33;U141;P030;TipInt004;Black Friday;Sydney, Australia;4;4.4
I7694;10/16/2025 22:51;U123;P097;TipInt005;Holiday Sale;Paris, France;10;1.7
I7695;11/24/2025 02:10;U036;P075;TipInt003;Regular Day;New York, USA;7;3.3
I7696;1/03/2026 07:10;U071;P028;TipInt006;Regular Day;London, UK;8;4.5
I7697;12/24/2025 12:58;U031;P028;TipInt002;Cyber Monday;Paris, France;9;4.7
I7698;10/25/2025 23:24;U139;P049;TipInt004;Regular Day;New York, USA;6;3.5
I7699;1/21/2026 18:25;U005;P044;TipInt005;Black Friday;Toronto, Canada;5;2.3
I7700;11/15/2025 14:51;U046;P094;TipInt004;Black Friday;London, UK;7;2.6
I7701;12/31/2025 18:22;U079;P094;TipInt003;Regular Day;London, UK;7;2.8
I7702;11/22/2025 19:05;U013;P098;TipInt004;Black Friday;Berlin, Germany;8;2.2
I7703;1/17/2026 01:53;U052;P066;TipInt001;Holiday Sale;London, UK;7;2.8
I7704;11/27/2025 04:46;U109;P004;TipInt002;Black Friday;Berlin, Germany;5;4.3
I7705;11/04/2025 05:57;U108;P054;TipInt001;Regular Day;Berlin, Germany;3;3.8
I7706;12/26/2025 21:14;U069;P048;TipInt002;Cyber Monday;Toronto, Canada;4;3.5
I7707;12/27/2025 22:10;U138;P055;TipInt006;Black Friday;Sydney, Australia;6;2.1
I7708;10/02/2025 13:43;U034;P074;TipInt006;Spring Sale;New York, USA;9;1.6
I7709;12/20/2025 10:26;U001;P009;TipInt004;Black Friday;Sydney, Australia;1;2.6
I7710;12/06/2025 01:07;U150;P098;TipInt006;Spring Sale;Sydney, Australia;8;2.1
I7711;1/16/2026 23:59;U074;P076;TipInt001;Spring Sale;London, UK;6;4.3
I7712;11/12/2025 22:56;U061;P005;TipInt006;Black Friday;Toronto, Canada;8;1.6
I7713;11/25/2025 07:44;U088;P099;TipInt005;Spring Sale;Paris, France;3;3.3
I7714;11/16/2025 05:04;U095;P042;TipInt002;Holiday Sale;New York, USA;9;3.5
I7715;10/19/2025 10:28;U053;P032;TipInt003;Holiday Sale;Toronto, Canada;6;3.1
I7716;11/09/2025 13:26;U085;P050;TipInt006;Spring Sale;Paris, France;1;4.4
I7717;12/06/2025 03:33;U113;P070;TipInt006;Holiday Sale;London, UK;1;2.5
I7718;11/17/2025 10:39;U075;P016;TipInt005;Cyber Monday;Berlin, Germany;8;3
I7719;9/30/2025 11:09;U104;P097;TipInt004;Holiday Sale;Paris, France;2;2.4
I7720;11/15/2025 12:14;U041;P011;TipInt003;Holiday Sale;Toronto, Canada;9;3.3
I7721;12/05/2025 06:25;U109;P003;TipInt005;Regular Day;Paris, France;-;3.8
I7722;10/04/2025 12:35;U075;P083;TipInt004;Cyber Monday;Toronto, Canada;5;1.1
I7723;12/07/2025 03:59;U083;P038;TipInt005;Spring Sale;New York, USA;8;1.5
I7724;1/09/2026 15:09;U005;P037;TipInt001;Cyber Monday;Paris, France;-;1.8
I7725;11/09/2025 14:19;U100;P098;TipInt001;Regular Day;Sydney, Australia;4;4.4
I7726;12/02/2025 08:08;U139;P013;TipInt003;Holiday Sale;Berlin, Germany;3;1.8
I7727;9/29/2025 20:43;U145;P068;TipInt005;Spring Sale;New York, USA;2;1.2
I7728;11/04/2025 07:05;U109;P025;TipInt001;Cyber Monday;Toronto, Canada;3;1.3
I7729;11/20/2025 23:32;U099;P086;TipInt004;Regular Day;Toronto, Canada;6;5
I7730;1/09/2026 19:12;U068;P071;TipInt002;Spring Sale;Berlin, Germany;6;5
I7731;1/30/2026 17:56;U041;P079;TipInt003;Cyber Monday;Paris, France;1;2.5
I7732;12/15/2025 13:42;U135;P030;TipInt004;Regular Day;Sydney, Australia;4;3.7
I7733;1/02/2026 16:31;U136;P097;TipInt002;Cyber Monday;Berlin, Germany;-;1.7
I7734;12/04/2025 12:53;U062;P082;TipInt003;Regular Day;Toronto, Canada;10;1.8
I7735;10/26/2025 01:14;U099;P004;TipInt003;Cyber Monday;Berlin, Germany;2;3.1
I7736;11/26/2025 11:27;U014;P019;TipInt001;Holiday Sale;Toronto, Canada;-;4.9
I7737;1/15/2026 12:30;U100;P089;TipInt001;Cyber Monday;New York, USA;-;2.9
I7738;11/05/2025 11:09;U023;P010;TipInt004;Cyber Monday;Toronto, Canada;3;2.6
I7739;1/13/2026 13:31;U150;P006;TipInt006;Holiday Sale;Paris, France;5;2
I7740;12/31/2025 10:16;U006;P033;TipInt002;Regular Day;London, UK;2;2.3
I7741;12/16/2025 22:02;U116;P047;TipInt003;Black Friday;Berlin, Germany;3;3.5
I7742;1/17/2026 11:27;U081;P048;TipInt002;Regular Day;New York, USA;9;4.4
I7743;11/15/2025 17:55;U103;P084;TipInt001;Spring Sale;London, UK;1;2.5
I7744;10/10/2025 08:14;U044;P076;TipInt003;Regular Day;Berlin, Germany;7;1.8
I7745;1/16/2026 19:45;U035;P065;TipInt003;Black Friday;London, UK;2;4.6
I7746;10/11/2025 07:06;U022;P012;TipInt001;Holiday Sale;Berlin, Germany;-;3.5
I7747;1/22/2026 03:19;U072;P037;TipInt006;Holiday Sale;Toronto, Canada;2;3.3
I7748;12/13/2025 16:32;U066;P009;TipInt006;Holiday Sale;Paris, France;10;1.1
I7749;10/26/2025 23:43;U114;P085;TipInt002;Spring Sale;Berlin, Germany;1;3.8
I7750;1/27/2026 04:33;U149;P052;TipInt003;Regular Day;New York, USA;7;2.1
I7751;12/12/2025 09:46;U128;P017;TipInt002;Holiday Sale;London, UK;5;4.2
I7752;11/06/2025 00:21;U046;P079;TipInt001;Holiday Sale;New York, USA;6;4.4
I7753;1/20/2026 16:06;U022;P061;TipInt004;Spring Sale;Sydney, Australia;4;3.3
I7754;10/17/2025 13:41;U053;P064;TipInt003;Regular Day;Sydney, Australia;-;1.5
I7755;12/22/2025 13:46;U117;P005;TipInt003;Spring Sale;London, UK;9;2.4
I7756;1/08/2026 05:55;U045;P090;TipInt004;Black Friday;Sydney, Australia;3;1.7
I7757;1/28/2026 01:16;U086;P096;TipInt003;Black Friday;Sydney, Australia;8;3.5
I7758;1/30/2026 12:03;U142;P017;TipInt004;Black Friday;Sydney, Australia;8;3.6
I7759;1/22/2026 07:20;U039;P074;TipInt004;Black Friday;Sydney, Australia;7;4.4
I7760;11/10/2025 10:08;U082;P074;TipInt005;Spring Sale;Paris, France;4;3.5
I7761;1/14/2026 18:11;U058;P031;TipInt006;Cyber Monday;Berlin, Germany;-;3.3
I7762;12/16/2025 11:50;U132;P071;TipInt002;Black Friday;Berlin, Germany;5;1.7
I7763;11/12/2025 22:43;U019;P081;TipInt002;Cyber Monday;Toronto, Canada;3;4.2
I7764;12/04/2025 05:52;U060;P074;TipInt006;Holiday Sale;New York, USA;4;4.8
I7765;10/30/2025 23:51;U118;P030;TipInt006;Spring Sale;Toronto, Canada;4;3.2
I7766;11/16/2025 02:30;U033;P088;TipInt006;Black Friday;Berlin, Germany;8;3.6
I7767;1/07/2026 07:35;U078;P013;TipInt004;Cyber Monday;Berlin, Germany;1;3.7
I7768;11/19/2025 01:33;U098;P030;TipInt004;Holiday Sale;New York, USA;7;2.5
I7769;12/28/2025 22:30;U140;P059;TipInt005;Spring Sale;New York, USA;9;4.5
I7770;11/12/2025 04:25;U072;P025;TipInt005;Cyber Monday;Paris, France;10;1.5
I7771;12/19/2025 01:23;U077;P071;TipInt001;Spring Sale;London, UK;7;3.8
I7772;10/03/2025 18:28;U003;P061;TipInt001;Cyber Monday;Paris, France;6;2.3
I7773;1/20/2026 04:23;U104;P070;TipInt002;Black Friday;Berlin, Germany;1;3.6
I7774;1/01/2026 17:12;U026;P051;TipInt003;Regular Day;New York, USA;4;1.8
I7775;10/05/2025 09:12;U068;P015;TipInt006;Regular Day;London, UK;8;3.2
I7776;11/30/2025 10:20;U107;P003;TipInt005;Cyber Monday;Berlin, Germany;5;1.7
I7777;1/07/2026 02:31;U131;P063;TipInt001;Regular Day;Berlin, Germany;4;4.6
I7778;10/04/2025 13:47;U074;P011;TipInt004;Cyber Monday;New York, USA;6;3
I7779;1/10/2026 01:33;U047;P098;TipInt004;Spring Sale;London, UK;4;4.1
I7780;1/03/2026 12:07;U026;P073;TipInt001;Holiday Sale;New York, USA;7;4.6
I7781;1/04/2026 16:07;U115;P033;TipInt005;Holiday Sale;New York, USA;10;1
I7782;11/16/2025 05:07;U046;P011;TipInt003;Holiday Sale;Berlin, Germany;10;3.8
I7783;11/25/2025 19:28;U025;P066;TipInt004;Holiday Sale;London, UK;9;1.8
I7784;12/12/2025 10:19;U124;P018;TipInt002;Holiday Sale;Sydney, Australia;8;3.8
I7785;10/18/2025 13:52;U012;P084;TipInt002;Black Friday;Paris, France;3;3.9
I7786;10/19/2025 10:04;U024;P069;TipInt002;Cyber Monday;Paris, France;5;3.6
I7787;11/04/2025 16:06;U047;P082;TipInt004;Regular Day;New York, USA;7;2.4
I7788;12/16/2025 08:01;U007;P089;TipInt005;Holiday Sale;Toronto, Canada;9;1.4
I7789;12/28/2025 14:52;U032;P083;TipInt006;Black Friday;Sydney, Australia;10;4.3
I7790;1/08/2026 16:39;U111;P004;TipInt004;Black Friday;Sydney, Australia;4;1.7
I7791;1/19/2026 20:15;U082;P080;TipInt004;Cyber Monday;Paris, France;2;1.5
I7792;10/14/2025 09:55;U128;P065;TipInt003;Spring Sale;New York, USA;6;3
I7793;9/30/2025 14:33;U142;P065;TipInt002;Spring Sale;Toronto, Canada;5;2.6
I7794;10/28/2025 08:47;U011;P025;TipInt004;Cyber Monday;Sydney, Australia;3;2.3
I7795;1/01/2026 09:43;U073;P072;TipInt006;Holiday Sale;London, UK;3;3.6
I7796;12/22/2025 20:07;U061;P033;TipInt003;Regular Day;Sydney, Australia;7;3.4
I7797;11/22/2025 16:59;U104;P070;TipInt004;Holiday Sale;London, UK;7;4.9
I7798;11/06/2025 12:54;U036;P059;TipInt006;Regular Day;Toronto, Canada;4;3.8
I7799;10/04/2025 13:47;U149;P044;TipInt004;Spring Sale;Toronto, Canada;2;3.5
I7800;11/23/2025 00:30;U029;P021;TipInt006;Black Friday;Toronto, Canada;2;2.8
I7801;11/27/2025 01:39;U051;P071;TipInt004;Regular Day;New York, USA;3;3.9
I7802;12/29/2025 01:01;U140;P050;TipInt001;Black Friday;Paris, France;-;1.4
I7803;11/17/2025 10:44;U047;P081;TipInt005;Cyber Monday;New York, USA;1;4.3
I7804;10/19/2025 00:10;U025;P034;TipInt006;Regular Day;Sydney, Australia;2;4.9
I7805;11/06/2025 17:39;U022;P040;TipInt001;Black Friday;Berlin, Germany;1;3.1
I7806;12/30/2025 10:32;U140;P052;TipInt001;Spring Sale;Berlin, Germany;5;3.5
I7807;10/03/2025 18:37;U106;P088;TipInt001;Black Friday;New York, USA;3;4.7
I7808;10/10/2025 06:00;U135;P045;TipInt001;Holiday Sale;Paris, France;9;1.5
I7809;1/30/2026 08:38;U125;P052;TipInt001;Black Friday;Berlin, Germany;7;3.3
I7810;1/29/2026 21:00;U050;P067;TipInt006;Spring Sale;Paris, France;2;2.6
I7811;1/22/2026 08:29;U091;P070;TipInt005;Holiday Sale;Paris, France;5;4.5
I7812;10/05/2025 05:31;U150;P061;TipInt006;Black Friday;New York, USA;9;2.1
I7813;10/26/2025 13:11;U071;P029;TipInt001;Black Friday;Berlin, Germany;9;2.7
I7814;12/28/2025 23:18;U074;P057;TipInt006;Black Friday;London, UK;8;1.5
I7815;10/25/2025 14:31;U127;P001;TipInt001;Black Friday;Toronto, Canada;3;3.1
I7816;10/28/2025 03:48;U086;P028;TipInt003;Spring Sale;New York, USA;7;2.1
I7817;1/06/2026 02:21;U138;P036;TipInt005;Holiday Sale;Paris, France;4;4
I7818;11/27/2025 02:47;U126;P073;TipInt005;Regular Day;Sydney, Australia;6;4.7
I7819;12/17/2025 13:41;U082;P097;TipInt002;Cyber Monday;Sydney, Australia;5;2.8
I7820;1/17/2026 03:04;U026;P069;TipInt001;Cyber Monday;Sydney, Australia;10;4.8
I7821;10/21/2025 14:17;U127;P010;TipInt005;Regular Day;Paris, France;-;1.6
I7822;12/16/2025 08:54;U110;P042;TipInt005;Black Friday;Berlin, Germany;8;3.7
I7823;12/25/2025 21:10;U038;P097;TipInt002;Holiday Sale;Berlin, Germany;6;4.7
I7824;10/12/2025 22:18;U050;P089;TipInt005;Holiday Sale;Sydney, Australia;9;4.4
I7825;12/23/2025 07:06;U118;P066;TipInt003;Spring Sale;New York, USA;8;2.4
I7826;1/24/2026 23:07;U076;P029;TipInt005;Regular Day;Sydney, Australia;7;2
I7827;11/26/2025 02:29;U082;P066;TipInt002;Cyber Monday;New York, USA;3;3.6
I7828;1/22/2026 11:34;U020;P015;TipInt001;Spring Sale;Sydney, Australia;8;3
I7829;12/23/2025 19:22;U059;P050;TipInt002;Holiday Sale;Sydney, Australia;9;2.4
I7830;12/04/2025 04:19;U058;P049;TipInt005;Black Friday;New York, USA;3;1.9
I7831;1/27/2026 01:07;U131;P096;TipInt002;Holiday Sale;London, UK;5;4.6
I7832;12/26/2025 15:52;U058;P057;TipInt002;Holiday Sale;New York, USA;8;2.2
I7833;1/02/2026 23:05;U113;P003;TipInt002;Spring Sale;New York, USA;2;3.9
I7834;1/16/2026 06:13;U123;P047;TipInt003;Regular Day;Paris, France;1;4.2
I7835;1/12/2026 05:48;U065;P036;TipInt006;Cyber Monday;Sydney, Australia;8;3.6
I7836;1/26/2026 22:23;U028;P088;TipInt001;Regular Day;New York, USA;4;3.1
I7837;10/03/2025 18:44;U118;P052;TipInt002;Spring Sale;Berlin, Germany;1;3.7
I7838;10/25/2025 06:36;U124;P058;TipInt005;Black Friday;London, UK;10;4.3
I7839;12/09/2025 17:22;U088;P094;TipInt001;Spring Sale;Toronto, Canada;9;1.2
I7840;1/05/2026 23:19;U087;P031;TipInt002;Regular Day;Sydney, Australia;2;2.9
I7841;11/16/2025 01:30;U090;P090;TipInt002;Holiday Sale;Berlin, Germany;-;2.2
I7842;1/08/2026 20:47;U112;P033;TipInt006;Cyber Monday;Toronto, Canada;7;1.4
I7843;1/15/2026 10:15;U132;P030;TipInt002;Holiday Sale;Sydney, Australia;2;4.7
I7844;12/15/2025 01:39;U119;P050;TipInt005;Cyber Monday;Paris, France;-;1.8
I7845;1/30/2026 12:39;U090;P009;TipInt001;Regular Day;Sydney, Australia;7;1.8
I7846;10/04/2025 13:27;U124;P087;TipInt006;Holiday Sale;Sydney, Australia;10;3.7
I7847;1/10/2026 00:46;U037;P044;TipInt005;Cyber Monday;Toronto, Canada;5;1.4
I7848;10/05/2025 01:46;U102;P004;TipInt003;Spring Sale;Berlin, Germany;8;1.7
I7849;10/24/2025 12:19;U107;P036;TipInt005;Cyber Monday;Berlin, Germany;5;2.2
I7850;1/29/2026 07:16;U062;P012;TipInt002;Regular Day;Sydney, Australia;5;2
I7851;1/01/2026 10:56;U104;P082;TipInt001;Regular Day;London, UK;3;3.5
I7852;10/14/2025 15:57;U132;P041;TipInt003;Black Friday;New York, USA;4;1.9
I7853;12/31/2025 00:07;U131;P015;TipInt002;Holiday Sale;Paris, France;2;2.9
I7854;10/03/2025 17:35;U137;P013;TipInt004;Regular Day;Berlin, Germany;5;1.6
I7855;12/24/2025 19:57;U143;P075;TipInt001;Cyber Monday;Sydney, Australia;-;1.8
I7856;11/10/2025 23:01;U092;P069;TipInt005;Cyber Monday;Toronto, Canada;9;3.8
I7857;11/27/2025 05:10;U138;P097;TipInt003;Spring Sale;Sydney, Australia;-;2.2
I7858;12/19/2025 19:24;U114;P011;TipInt003;Regular Day;Berlin, Germany;6;3
I7859;11/12/2025 03:25;U049;P039;TipInt002;Spring Sale;New York, USA;6;2.2
I7860;1/09/2026 06:43;U069;P084;TipInt001;Cyber Monday;Toronto, Canada;7;4.3
I7861;12/01/2025 20:31;U074;P079;TipInt004;Holiday Sale;London, UK;9;3.7
I7862;12/29/2025 22:20;U045;P049;TipInt004;Holiday Sale;New York, USA;1;1.9
I7863;11/20/2025 16:47;U047;P097;TipInt002;Holiday Sale;Toronto, Canada;4;3.4
I7864;1/08/2026 11:21;U025;P039;TipInt003;Regular Day;New York, USA;8;4.2
I7865;12/18/2025 11:53;U136;P058;TipInt001;Cyber Monday;New York, USA;7;4.1
I7866;11/12/2025 14:39;U087;P029;TipInt005;Spring Sale;Paris, France;8;2.7
I7867;12/30/2025 04:18;U049;P014;TipInt001;Regular Day;London, UK;7;4.4
I7868;11/10/2025 13:47;U114;P011;TipInt004;Regular Day;Paris, France;5;2.9
I7869;1/30/2026 00:23;U002;P041;TipInt001;Spring Sale;London, UK;9;4.1
I7870;12/10/2025 08:23;U099;P079;TipInt006;Regular Day;New York, USA;2;3.9
I7871;1/11/2026 18:23;U110;P053;TipInt001;Black Friday;London, UK;2;3.8
I7872;1/03/2026 22:26;U134;P043;TipInt001;Spring Sale;Berlin, Germany;-;2.4
I7873;12/15/2025 10:00;U012;P010;TipInt003;Regular Day;Berlin, Germany;-;4.4
I7874;11/05/2025 07:36;U123;P091;TipInt004;Holiday Sale;Paris, France;2;3.4
I7875;11/04/2025 06:41;U045;P037;TipInt005;Spring Sale;New York, USA;8;1.3
I7876;11/28/2025 21:45;U002;P087;TipInt005;Black Friday;Paris, France;5;3.7
I7877;10/05/2025 19:13;U006;P030;TipInt006;Spring Sale;Berlin, Germany;8;2
I7878;10/20/2025 21:35;U027;P032;TipInt001;Holiday Sale;Paris, France;10;4.8
I7879;1/26/2026 13:00;U061;P007;TipInt003;Spring Sale;Berlin, Germany;5;4.7
I7880;12/31/2025 21:47;U146;P043;TipInt004;Regular Day;New York, USA;3;1.8
I7881;12/21/2025 03:35;U121;P031;TipInt005;Black Friday;Paris, France;10;1.1
I7882;12/30/2025 09:51;U128;P056;TipInt005;Holiday Sale;New York, USA;5;1
I7883;1/30/2026 09:52;U044;P043;TipInt004;Regular Day;Berlin, Germany;1;2.1
I7884;12/31/2025 21:16;U106;P012;TipInt002;Holiday Sale;Paris, France;5;3.7
I7885;10/26/2025 07:53;U010;P007;TipInt001;Cyber Monday;Toronto, Canada;-;3.2
I7886;12/24/2025 12:27;U130;P056;TipInt002;Cyber Monday;Berlin, Germany;7;2.9
I7887;11/17/2025 09:29;U142;P094;TipInt005;Holiday Sale;Toronto, Canada;3;4.6
I7888;12/22/2025 06:16;U129;P065;TipInt006;Black Friday;London, UK;6;2.8
I7889;12/02/2025 01:41;U147;P002;TipInt002;Black Friday;New York, USA;4;2.6
I7890;1/05/2026 04:09;U095;P012;TipInt004;Spring Sale;Sydney, Australia;4;2.3
I7891;12/05/2025 11:24;U061;P076;TipInt006;Black Friday;New York, USA;9;3.1
I7892;11/16/2025 17:37;U008;P077;TipInt005;Cyber Monday;Sydney, Australia;-;2
I7893;1/22/2026 10:24;U025;P068;TipInt001;Holiday Sale;Sydney, Australia;5;3.6
I7894;1/21/2026 00:06;U132;P011;TipInt001;Spring Sale;Sydney, Australia;3;1.9
I7895;1/10/2026 19:23;U059;P005;TipInt004;Regular Day;New York, USA;10;2.5
I7896;11/05/2025 11:06;U051;P042;TipInt005;Cyber Monday;Toronto, Canada;2;1.3
I7897;12/15/2025 19:39;U090;P053;TipInt003;Holiday Sale;Sydney, Australia;5;1.1
I7898;12/08/2025 03:54;U037;P031;TipInt002;Spring Sale;Sydney, Australia;8;1.4
I7899;10/23/2025 17:13;U037;P055;TipInt002;Black Friday;London, UK;4;2.8
I7900;10/04/2025 15:05;U019;P006;TipInt006;Holiday Sale;New York, USA;5;3.1
I7901;1/10/2026 21:32;U123;P063;TipInt004;Spring Sale;Berlin, Germany;9;4.9
I7902;1/08/2026 17:05;U068;P044;TipInt006;Black Friday;Paris, France;9;1.9
I7903;12/30/2025 03:22;U032;P043;TipInt003;Cyber Monday;Toronto, Canada;4;1.8
I7904;1/27/2026 20:01;U086;P083;TipInt004;Black Friday;Toronto, Canada;7;4.1
I7905;11/23/2025 04:12;U061;P089;TipInt001;Regular Day;London, UK;5;1.2
I7906;11/26/2025 12:33;U083;P097;TipInt005;Holiday Sale;Toronto, Canada;8;2
I7907;11/22/2025 13:03;U080;P085;TipInt004;Spring Sale;Paris, France;9;4.5
I7908;11/13/2025 20:57;U021;P037;TipInt006;Regular Day;New York, USA;7;3.9
I7909;1/26/2026 21:22;U119;P010;TipInt005;Holiday Sale;Paris, France;4;1.6
I7910;12/16/2025 02:23;U092;P072;TipInt006;Black Friday;London, UK;1;3.8
I7911;1/21/2026 21:37;U083;P033;TipInt001;Spring Sale;New York, USA;10;4.3
I7912;1/22/2026 05:59;U121;P083;TipInt005;Spring Sale;Berlin, Germany;2;2.9
I7913;1/06/2026 08:18;U013;P085;TipInt006;Spring Sale;Paris, France;10;1.2
I7914;12/25/2025 14:39;U067;P034;TipInt005;Holiday Sale;Berlin, Germany;7;1.1
I7915;1/10/2026 11:40;U147;P015;TipInt006;Cyber Monday;Toronto, Canada;1;2
I7916;11/07/2025 18:34;U003;P073;TipInt004;Cyber Monday;Toronto, Canada;6;3.1
I7917;10/15/2025 01:30;U109;P011;TipInt003;Holiday Sale;Sydney, Australia;3;4.2
I7918;1/18/2026 21:55;U131;P054;TipInt003;Holiday Sale;New York, USA;3;4.2
I7919;12/14/2025 16:50;U068;P083;TipInt001;Regular Day;Berlin, Germany;6;2.3
I7920;10/22/2025 17:39;U113;P080;TipInt002;Spring Sale;New York, USA;1;4.8
I7921;10/09/2025 09:48;U146;P074;TipInt006;Cyber Monday;Toronto, Canada;8;3.9
I7922;1/19/2026 01:26;U140;P008;TipInt003;Holiday Sale;Toronto, Canada;3;3.8
I7923;11/23/2025 12:37;U006;P075;TipInt004;Regular Day;New York, USA;2;2.7
I7924;12/09/2025 13:15;U095;P086;TipInt003;Regular Day;London, UK;-;1.2
I7925;11/28/2025 20:15;U107;P008;TipInt001;Black Friday;New York, USA;8;2
I7926;10/03/2025 10:49;U118;P066;TipInt001;Black Friday;Toronto, Canada;10;4.9
I7927;9/30/2025 22:37;U032;P059;TipInt002;Regular Day;London, UK;9;4.3
I7928;1/20/2026 01:46;U065;P048;TipInt002;Black Friday;Toronto, Canada;4;3.8
I7929;1/19/2026 13:19;U022;P091;TipInt004;Holiday Sale;Paris, France;4;1.6
I7930;10/06/2025 06:10;U096;P049;TipInt001;Black Friday;Toronto, Canada;5;4.1
I7931;10/07/2025 06:16;U098;P027;TipInt001;Spring Sale;London, UK;1;1.7
I7932;1/11/2026 10:23;U089;P082;TipInt006;Spring Sale;Toronto, Canada;7;2.2
I7933;1/01/2026 22:20;U012;P001;TipInt002;Cyber Monday;Toronto, Canada;6;2.7
I7934;11/01/2025 11:17;U112;P018;TipInt003;Cyber Monday;New York, USA;8;4.5
I7935;1/17/2026 09:12;U096;P028;TipInt005;Regular Day;New York, USA;1;2.5
I7936;1/17/2026 07:30;U022;P068;TipInt001;Cyber Monday;London, UK;1;5
I7937;10/06/2025 04:43;U086;P004;TipInt004;Spring Sale;Sydney, Australia;9;5
I7938;11/05/2025 18:50;U127;P092;TipInt004;Spring Sale;New York, USA;6;2.3
I7939;12/31/2025 20:21;U091;P041;TipInt001;Holiday Sale;New York, USA;6;3.4
I7940;12/23/2025 06:26;U027;P010;TipInt006;Holiday Sale;London, UK;4;3.5
I7941;11/12/2025 16:37;U059;P076;TipInt002;Cyber Monday;Paris, France;10;1.8
I7942;10/12/2025 15:54;U040;P017;TipInt003;Holiday Sale;Berlin, Germany;1;2.5
I7943;11/16/2025 08:14;U110;P086;TipInt006;Holiday Sale;London, UK;3;5
I7944;1/14/2026 16:00;U100;P017;TipInt006;Cyber Monday;Toronto, Canada;8;1.9
I7945;11/03/2025 03:59;U003;P014;TipInt006;Holiday Sale;Berlin, Germany;1;1.1
I7946;11/01/2025 09:18;U067;P093;TipInt001;Cyber Monday;Paris, France;1;4.9
I7947;11/20/2025 18:43;U026;P080;TipInt002;Spring Sale;Paris, France;-;1.8
I7948;11/12/2025 20:16;U058;P053;TipInt005;Black Friday;Paris, France;3;2.8
I7949;1/12/2026 03:17;U121;P093;TipInt005;Regular Day;Berlin, Germany;-;3.8
I7950;11/18/2025 19:56;U135;P072;TipInt001;Cyber Monday;Sydney, Australia;-;4
I7951;10/29/2025 22:58;U018;P005;TipInt001;Black Friday;Toronto, Canada;9;1.5
I7952;10/26/2025 23:47;U112;P087;TipInt003;Black Friday;Toronto, Canada;10;1.3
I7953;1/01/2026 03:50;U037;P026;TipInt003;Cyber Monday;Berlin, Germany;4;3.5
I7954;10/03/2025 06:52;U065;P024;TipInt006;Holiday Sale;Sydney, Australia;7;4.5
I7955;1/25/2026 02:53;U009;P069;TipInt005;Regular Day;New York, USA;9;2.6
I7956;11/24/2025 21:17;U081;P013;TipInt005;Holiday Sale;Toronto, Canada;7;4.1
I7957;11/10/2025 16:53;U087;P066;TipInt001;Cyber Monday;Paris, France;10;4
I7958;10/20/2025 22:13;U124;P080;TipInt005;Spring Sale;New York, USA;10;3.1
I7959;1/07/2026 13:09;U102;P030;TipInt002;Regular Day;Paris, France;1;4.8
I7960;12/23/2025 08:44;U051;P025;TipInt002;Holiday Sale;Berlin, Germany;5;3.7
I7961;10/08/2025 02:34;U130;P047;TipInt001;Regular Day;London, UK;6;3.5
I7962;12/15/2025 10:45;U077;P005;TipInt004;Black Friday;Sydney, Australia;6;1.6
I7963;12/17/2025 21:11;U011;P080;TipInt001;Spring Sale;London, UK;2;3.3
I7964;12/05/2025 06:01;U063;P025;TipInt003;Cyber Monday;Toronto, Canada;4;3.2
I7965;1/07/2026 20:23;U039;P016;TipInt006;Spring Sale;Sydney, Australia;7;5
I7966;10/24/2025 03:20;U007;P063;TipInt003;Regular Day;Berlin, Germany;1;4.2
I7967;1/20/2026 18:57;U062;P020;TipInt001;Black Friday;Sydney, Australia;6;2.1
I7968;11/07/2025 13:55;U047;P061;TipInt002;Regular Day;Toronto, Canada;-;4.7
I7969;10/07/2025 04:19;U127;P055;TipInt005;Regular Day;New York, USA;5;3.9
I7970;12/18/2025 14:09;U107;P019;TipInt006;Spring Sale;Paris, France;2;4.5
I7971;11/23/2025 21:29;U010;P014;TipInt001;Regular Day;Paris, France;10;1.7
I7972;1/10/2026 12:08;U069;P021;TipInt005;Black Friday;Berlin, Germany;6;4.8
I7973;12/30/2025 22:24;U099;P028;TipInt006;Spring Sale;Paris, France;2;3.3
I7974;10/22/2025 20:51;U138;P049;TipInt001;Cyber Monday;Toronto, Canada;1;3
I7975;10/17/2025 01:41;U140;P069;TipInt001;Regular Day;Paris, France;8;3.1
I7976;10/10/2025 01:03;U105;P017;TipInt001;Cyber Monday;Sydney, Australia;1;3.2
I7977;10/12/2025 17:19;U138;P053;TipInt002;Spring Sale;Toronto, Canada;3;1.2
I7978;1/07/2026 17:14;U060;P036;TipInt004;Cyber Monday;New York, USA;5;3.4
I7979;12/03/2025 07:56;U025;P084;TipInt005;Black Friday;London, UK;1;2.8
I7980;12/29/2025 02:08;U073;P015;TipInt005;Cyber Monday;Sydney, Australia;7;1.3
I7981;11/23/2025 11:04;U015;P020;TipInt004;Cyber Monday;London, UK;4;1.3
I7982;12/25/2025 21:35;U121;P008;TipInt004;Regular Day;Berlin, Germany;1;4.6
I7983;11/03/2025 01:25;U033;P098;TipInt004;Regular Day;London, UK;2;1.2
I7984;12/21/2025 22:21;U058;P005;TipInt002;Holiday Sale;New York, USA;4;2.1
I7985;11/20/2025 04:49;U010;P048;TipInt006;Spring Sale;New York, USA;1;3.5
I7986;10/12/2025 09:40;U129;P022;TipInt002;Black Friday;Paris, France;7;4.8
I7987;12/08/2025 00:08;U047;P095;TipInt004;Regular Day;Paris, France;3;4.7
I7988;12/23/2025 02:18;U016;P041;TipInt002;Holiday Sale;Toronto, Canada;1;1.6
I7989;10/09/2025 14:09;U126;P098;TipInt004;Regular Day;Sydney, Australia;2;3.5
I7990;12/28/2025 06:37;U128;P019;TipInt006;Black Friday;Berlin, Germany;10;4.8
I7991;12/18/2025 07:20;U014;P081;TipInt005;Spring Sale;London, UK;8;2.9
I7992;10/23/2025 14:23;U071;P080;TipInt002;Spring Sale;London, UK;8;4.9
I7993;10/21/2025 17:35;U100;P094;TipInt002;Holiday Sale;Berlin, Germany;7;2.8
I7994;12/30/2025 17:27;U070;P065;TipInt006;Cyber Monday;New York, USA;9;3.6
I7995;12/27/2025 21:32;U112;P089;TipInt002;Cyber Monday;London, UK;8;3
I7996;12/15/2025 15:39;U035;P032;TipInt002;Black Friday;Sydney, Australia;7;3.6
I7997;11/05/2025 00:35;U143;P058;TipInt002;Cyber Monday;New York, USA;-;3.7
I7998;11/07/2025 00:08;U063;P095;TipInt001;Regular Day;New York, USA;2;4.9
I7999;10/19/2025 05:28;U126;P091;TipInt001;Black Friday;Paris, France;-;1
I8000;11/27/2025 23:45;U072;P054;TipInt004;Cyber Monday;Paris, France;8;1.1
I8001;11/03/2025 19:01;U127;P057;TipInt005;Spring Sale;Sydney, Australia;6;4
I8002;10/21/2025 12:45;U114;P065;TipInt003;Black Friday;New York, USA;2;1.4
I8003;1/05/2026 10:34;U037;P016;TipInt004;Holiday Sale;New York, USA;6;1.6
I8004;1/16/2026 17:34;U074;P028;TipInt002;Cyber Monday;Paris, France;-;4.8
I8005;11/26/2025 07:56;U097;P070;TipInt001;Spring Sale;Toronto, Canada;6;3.4
I8006;12/06/2025 17:21;U051;P096;TipInt004;Black Friday;Berlin, Germany;8;4.9
I8007;12/18/2025 23:50;U123;P068;TipInt002;Cyber Monday;Sydney, Australia;-;1.8
I8008;10/06/2025 15:26;U147;P037;TipInt002;Black Friday;New York, USA;-;3.8
I8009;11/04/2025 08:31;U018;P064;TipInt006;Holiday Sale;New York, USA;10;2.5
I8010;10/16/2025 18:16;U030;P060;TipInt005;Cyber Monday;New York, USA;10;3.5
I8011;10/08/2025 16:22;U029;P095;TipInt002;Regular Day;London, UK;7;1.3
I8012;12/31/2025 21:02;U112;P022;TipInt004;Black Friday;Paris, France;4;4
I8013;11/19/2025 18:41;U012;P086;TipInt001;Regular Day;London, UK;-;2.1
I8014;11/04/2025 04:20;U007;P096;TipInt006;Spring Sale;Toronto, Canada;-;1.3
I8015;1/01/2026 20:57;U030;P056;TipInt002;Regular Day;New York, USA;9;3.4
I8016;12/20/2025 12:43;U104;P085;TipInt001;Regular Day;New York, USA;1;3.9
I8017;12/16/2025 05:22;U091;P014;TipInt005;Regular Day;New York, USA;-;3.2
I8018;1/21/2026 14:31;U004;P068;TipInt002;Holiday Sale;Toronto, Canada;10;2.4
I8019;10/10/2025 22:06;U022;P019;TipInt003;Cyber Monday;Toronto, Canada;9;2
I8020;10/25/2025 01:46;U033;P042;TipInt004;Black Friday;Berlin, Germany;8;4.5
I8021;12/24/2025 18:48;U011;P051;TipInt003;Holiday Sale;Toronto, Canada;8;2.8
I8022;11/17/2025 03:52;U123;P017;TipInt002;Holiday Sale;Sydney, Australia;10;4.2
I8023;11/11/2025 23:48;U150;P067;TipInt003;Holiday Sale;New York, USA;3;4.7
I8024;10/03/2025 19:32;U078;P082;TipInt004;Spring Sale;New York, USA;4;2.8
I8025;12/08/2025 14:10;U024;P080;TipInt004;Spring Sale;Paris, France;2;2.8
I8026;10/02/2025 09:57;U032;P005;TipInt002;Holiday Sale;Berlin, Germany;8;1.2
I8027;1/28/2026 14:50;U041;P069;TipInt001;Regular Day;Sydney, Australia;-;1.4
I8028;11/11/2025 21:12;U044;P010;TipInt005;Regular Day;Paris, France;3;1.7
I8029;10/06/2025 20:31;U130;P050;TipInt006;Holiday Sale;Sydney, Australia;3;4.7
I8030;10/25/2025 06:44;U042;P070;TipInt006;Black Friday;Toronto, Canada;2;4.8
I8031;1/06/2026 08:51;U012;P078;TipInt005;Black Friday;Berlin, Germany;4;3.1
I8032;10/15/2025 09:13;U063;P093;TipInt004;Holiday Sale;Paris, France;6;2.3
I8033;10/22/2025 23:52;U132;P001;TipInt004;Spring Sale;London, UK;7;4.3
I8034;10/30/2025 05:31;U111;P057;TipInt002;Spring Sale;Toronto, Canada;4;2.7
I8035;1/08/2026 12:12;U150;P043;TipInt003;Holiday Sale;New York, USA;1;1.3
I8036;1/03/2026 23:42;U034;P057;TipInt004;Black Friday;Sydney, Australia;1;1.4
I8037;11/05/2025 22:11;U110;P062;TipInt005;Cyber Monday;New York, USA;3;4.9
I8038;10/03/2025 03:17;U036;P034;TipInt001;Black Friday;Berlin, Germany;6;4.5
I8039;1/20/2026 08:26;U133;P036;TipInt003;Spring Sale;New York, USA;8;2.7
I8040;1/19/2026 13:48;U028;P097;TipInt006;Cyber Monday;Berlin, Germany;3;5
I8041;1/02/2026 16:45;U139;P057;TipInt003;Cyber Monday;New York, USA;8;3.6
I8042;1/29/2026 17:52;U007;P058;TipInt005;Regular Day;Paris, France;7;4.8
I8043;10/16/2025 01:03;U077;P051;TipInt002;Regular Day;Toronto, Canada;10;2.4
I8044;1/06/2026 18:45;U030;P068;TipInt006;Black Friday;London, UK;5;3.7
I8045;10/14/2025 17:05;U003;P001;TipInt001;Holiday Sale;New York, USA;2;4
I8046;12/19/2025 02:42;U138;P086;TipInt001;Cyber Monday;London, UK;6;4.9
I8047;1/13/2026 12:41;U077;P001;TipInt003;Regular Day;London, UK;1;3.4
I8048;11/09/2025 21:48;U127;P095;TipInt005;Cyber Monday;Toronto, Canada;1;1.7
I8049;11/25/2025 05:03;U128;P034;TipInt002;Regular Day;Sydney, Australia;-;3.7
I8050;12/28/2025 11:03;U051;P026;TipInt006;Regular Day;Paris, France;10;4.6
I8051;10/25/2025 16:21;U055;P055;TipInt002;Regular Day;Berlin, Germany;5;2.4
I8052;11/17/2025 03:31;U077;P001;TipInt004;Black Friday;London, UK;10;4.4
I8053;10/06/2025 13:13;U048;P057;TipInt006;Cyber Monday;Toronto, Canada;5;3.5
I8054;1/22/2026 02:07;U061;P043;TipInt005;Black Friday;Berlin, Germany;3;2.3
I8055;10/27/2025 16:53;U050;P084;TipInt001;Regular Day;Paris, France;2;2.6
I8056;1/20/2026 20:37;U052;P014;TipInt001;Black Friday;Sydney, Australia;4;2.5
I8057;12/13/2025 05:23;U112;P031;TipInt002;Holiday Sale;Toronto, Canada;2;2.5
I8058;12/19/2025 01:58;U066;P037;TipInt005;Regular Day;Berlin, Germany;7;1.2
I8059;11/21/2025 06:57;U054;P020;TipInt004;Cyber Monday;Berlin, Germany;1;2
I8060;1/05/2026 01:39;U138;P068;TipInt006;Black Friday;Berlin, Germany;2;4.9
I8061;12/25/2025 07:45;U106;P050;TipInt005;Regular Day;London, UK;6;4.8
I8062;12/21/2025 18:07;U099;P070;TipInt005;Black Friday;Toronto, Canada;5;1.8
I8063;1/12/2026 09:52;U040;P039;TipInt002;Black Friday;Sydney, Australia;2;4.9
I8064;12/15/2025 04:51;U090;P028;TipInt005;Cyber Monday;Paris, France;8;4
I8065;12/14/2025 19:58;U131;P011;TipInt002;Holiday Sale;New York, USA;3;4.3
I8066;10/21/2025 20:22;U149;P021;TipInt005;Spring Sale;London, UK;4;2.2
I8067;12/31/2025 04:08;U108;P005;TipInt002;Black Friday;New York, USA;5;3.1
I8068;12/04/2025 21:40;U029;P075;TipInt004;Regular Day;Berlin, Germany;3;4.3
I8069;1/25/2026 01:49;U069;P024;TipInt002;Regular Day;Sydney, Australia;7;2.5
I8070;11/01/2025 04:57;U058;P099;TipInt006;Holiday Sale;New York, USA;6;2.6
I8071;12/18/2025 16:56;U137;P028;TipInt005;Spring Sale;Sydney, Australia;4;3.9
I8072;10/10/2025 23:01;U101;P061;TipInt003;Holiday Sale;New York, USA;7;3.1
I8073;10/18/2025 11:10;U046;P089;TipInt002;Cyber Monday;Berlin, Germany;-;3
I8074;10/24/2025 22:34;U137;P026;TipInt005;Spring Sale;Paris, France;8;4.2
I8075;12/14/2025 03:44;U037;P057;TipInt004;Regular Day;Berlin, Germany;6;1.7
I8076;1/28/2026 13:08;U016;P024;TipInt003;Spring Sale;Sydney, Australia;10;1.4
I8077;1/16/2026 11:15;U142;P081;TipInt002;Regular Day;New York, USA;10;3.5
I8078;10/18/2025 18:48;U061;P025;TipInt003;Holiday Sale;Toronto, Canada;1;1
I8079;12/14/2025 15:04;U127;P021;TipInt003;Regular Day;London, UK;4;4.2
I8080;9/30/2025 09:28;U045;P008;TipInt006;Cyber Monday;New York, USA;7;2.3
I8081;12/29/2025 00:21;U042;P010;TipInt001;Regular Day;Toronto, Canada;-;4.2
I8082;1/30/2026 10:02;U138;P021;TipInt001;Spring Sale;Paris, France;4;2.2
I8083;10/20/2025 20:00;U150;P053;TipInt003;Cyber Monday;Paris, France;6;2
I8084;1/31/2026 17:40;U046;P022;TipInt005;Spring Sale;Paris, France;1;2.3
I8085;11/06/2025 12:19;U090;P059;TipInt004;Black Friday;Toronto, Canada;1;2.9
I8086;1/19/2026 12:03;U086;P081;TipInt006;Regular Day;Berlin, Germany;7;1.6
I8087;10/16/2025 10:37;U098;P002;TipInt006;Regular Day;New York, USA;8;3.3
I8088;1/04/2026 22:46;U072;P032;TipInt002;Holiday Sale;Paris, France;6;4.7
I8089;11/16/2025 12:49;U063;P040;TipInt006;Cyber Monday;Toronto, Canada;8;4.2
I8090;1/03/2026 10:50;U079;P045;TipInt005;Spring Sale;Berlin, Germany;6;2.8
I8091;12/22/2025 01:36;U006;P092;TipInt006;Cyber Monday;New York, USA;10;3
I8092;12/10/2025 02:17;U112;P083;TipInt006;Black Friday;Paris, France;3;3.8
I8093;1/21/2026 07:18;U092;P024;TipInt001;Holiday Sale;London, UK;4;1.1
I8094;10/26/2025 02:59;U098;P050;TipInt003;Black Friday;London, UK;3;3.8
I8095;11/04/2025 06:13;U091;P012;TipInt005;Cyber Monday;Berlin, Germany;4;5
I8096;10/22/2025 00:09;U051;P053;TipInt001;Black Friday;Berlin, Germany;-;1.6
I8097;11/27/2025 05:49;U130;P032;TipInt006;Holiday Sale;Paris, France;2;4.9
I8098;10/26/2025 03:24;U129;P010;TipInt003;Black Friday;London, UK;8;4.8
I8099;1/12/2026 23:43;U092;P039;TipInt002;Spring Sale;London, UK;7;2.6
I8100;1/27/2026 16:16;U018;P099;TipInt003;Holiday Sale;London, UK;7;3.9
I8101;1/09/2026 01:22;U140;P063;TipInt002;Cyber Monday;Sydney, Australia;10;3.1
I8102;12/04/2025 13:00;U107;P058;TipInt001;Holiday Sale;London, UK;9;2.8
I8103;9/30/2025 08:47;U087;P084;TipInt001;Regular Day;Toronto, Canada;9;3.7
I8104;1/20/2026 18:38;U116;P069;TipInt002;Holiday Sale;New York, USA;3;1.1
I8105;11/18/2025 05:20;U141;P012;TipInt003;Cyber Monday;Sydney, Australia;4;3.9
I8106;1/24/2026 19:59;U101;P050;TipInt005;Black Friday;Paris, France;7;3.8
I8107;1/17/2026 00:30;U093;P036;TipInt002;Black Friday;New York, USA;10;2.3
I8108;1/24/2026 10:17;U084;P074;TipInt001;Spring Sale;Paris, France;5;1.9
I8109;12/18/2025 22:27;U055;P021;TipInt003;Spring Sale;Berlin, Germany;5;2.8
I8110;11/01/2025 01:49;U025;P073;TipInt005;Black Friday;Paris, France;4;4.2
I8111;12/12/2025 13:48;U025;P075;TipInt001;Spring Sale;Paris, France;1;4.5
I8112;1/22/2026 16:31;U063;P060;TipInt003;Cyber Monday;Toronto, Canada;10;1
I8113;1/22/2026 22:11;U015;P079;TipInt002;Spring Sale;Sydney, Australia;1;3.9
I8114;10/29/2025 03:12;U122;P084;TipInt003;Black Friday;Sydney, Australia;6;2.6
I8115;10/18/2025 07:32;U054;P010;TipInt001;Spring Sale;New York, USA;6;1.5
I8116;9/30/2025 13:33;U117;P065;TipInt002;Cyber Monday;Toronto, Canada;-;3.1
I8117;1/18/2026 06:04;U085;P034;TipInt001;Regular Day;Toronto, Canada;8;3.8
I8118;10/25/2025 11:31;U114;P029;TipInt003;Holiday Sale;Paris, France;7;3.3
I8119;10/06/2025 12:42;U139;P098;TipInt002;Cyber Monday;Berlin, Germany;1;1.9
I8120;12/30/2025 15:30;U123;P044;TipInt003;Regular Day;Toronto, Canada;5;1.3
I8121;1/18/2026 19:11;U022;P050;TipInt003;Spring Sale;Paris, France;4;1.3
I8122;11/13/2025 22:39;U135;P050;TipInt006;Cyber Monday;Toronto, Canada;6;1.8
I8123;1/30/2026 07:01;U098;P024;TipInt002;Holiday Sale;Paris, France;10;4.4
I8124;12/13/2025 21:25;U129;P053;TipInt005;Spring Sale;Sydney, Australia;2;4.2
I8125;12/04/2025 04:04;U005;P009;TipInt006;Holiday Sale;Paris, France;3;1.1
I8126;10/23/2025 20:23;U012;P084;TipInt005;Black Friday;Berlin, Germany;-;4.1
I8127;11/11/2025 08:38;U071;P055;TipInt005;Spring Sale;Sydney, Australia;9;4.2
I8128;11/29/2025 01:22;U122;P087;TipInt001;Black Friday;Toronto, Canada;2;2.8
I8129;12/08/2025 01:37;U054;P079;TipInt006;Cyber Monday;Berlin, Germany;1;4.6
I8130;10/30/2025 18:17;U095;P001;TipInt004;Holiday Sale;New York, USA;5;3.1
I8131;12/24/2025 00:10;U103;P090;TipInt006;Regular Day;Toronto, Canada;5;4.6
I8132;11/21/2025 02:08;U149;P091;TipInt001;Regular Day;Sydney, Australia;9;3.1
I8133;11/30/2025 05:23;U080;P065;TipInt003;Holiday Sale;Berlin, Germany;1;2.8
I8134;1/17/2026 18:59;U019;P041;TipInt001;Holiday Sale;Toronto, Canada;4;4.7
I8135;11/12/2025 12:01;U098;P098;TipInt006;Cyber Monday;Sydney, Australia;2;3.6
I8136;10/31/2025 10:17;U006;P092;TipInt003;Cyber Monday;Toronto, Canada;9;1.7
I8137;10/27/2025 13:42;U072;P074;TipInt001;Spring Sale;New York, USA;4;2.8
I8138;1/01/2026 18:45;U045;P011;TipInt006;Regular Day;London, UK;8;5
I8139;1/16/2026 06:51;U146;P097;TipInt003;Spring Sale;New York, USA;1;1.5
I8140;11/17/2025 13:14;U075;P061;TipInt004;Holiday Sale;Paris, France;6;3
I8141;10/26/2025 23:00;U100;P023;TipInt001;Regular Day;Paris, France;5;3.5
I8142;12/22/2025 04:49;U133;P009;TipInt002;Black Friday;New York, USA;1;4.4
I8143;12/05/2025 18:28;U126;P076;TipInt001;Regular Day;New York, USA;7;3.8
I8144;12/02/2025 20:57;U030;P096;TipInt005;Regular Day;Berlin, Germany;3;1.9
I8145;10/12/2025 20:55;U131;P034;TipInt001;Black Friday;Sydney, Australia;9;4.3
I8146;10/24/2025 04:12;U095;P098;TipInt001;Cyber Monday;London, UK;7;3.3
I8147;12/23/2025 10:55;U067;P067;TipInt004;Spring Sale;Sydney, Australia;9;4.7
I8148;10/29/2025 19:52;U057;P086;TipInt004;Holiday Sale;Sydney, Australia;4;1.6
I8149;10/08/2025 10:31;U094;P084;TipInt001;Black Friday;London, UK;5;1.5
I8150;1/17/2026 23:22;U044;P062;TipInt006;Holiday Sale;London, UK;-;1.3
I8151;1/01/2026 04:48;U124;P062;TipInt003;Spring Sale;Sydney, Australia;1;1.1
I8152;11/05/2025 08:39;U125;P034;TipInt004;Holiday Sale;Sydney, Australia;5;2.2
I8153;10/11/2025 03:00;U109;P064;TipInt003;Spring Sale;London, UK;10;3.2
I8154;12/31/2025 09:21;U069;P085;TipInt001;Spring Sale;Paris, France;-;2.8
I8155;11/24/2025 07:24;U024;P062;TipInt001;Holiday Sale;Berlin, Germany;5;4.1
I8156;12/18/2025 10:15;U076;P096;TipInt005;Cyber Monday;New York, USA;3;4.8
I8157;11/20/2025 09:49;U116;P029;TipInt004;Black Friday;Berlin, Germany;6;1
I8158;1/02/2026 01:18;U146;P003;TipInt001;Regular Day;Paris, France;6;3.4
I8159;11/19/2025 19:02;U042;P029;TipInt001;Black Friday;New York, USA;8;2.2
I8160;1/07/2026 19:40;U122;P060;TipInt005;Regular Day;London, UK;4;3.1
I8161;1/14/2026 02:13;U119;P094;TipInt005;Black Friday;Sydney, Australia;6;1.2
I8162;10/12/2025 23:54;U105;P006;TipInt004;Spring Sale;New York, USA;2;4.8
I8163;12/30/2025 20:19;U091;P042;TipInt002;Holiday Sale;Berlin, Germany;8;3.3
I8164;1/02/2026 04:10;U138;P068;TipInt003;Holiday Sale;Berlin, Germany;4;2.9
I8165;11/13/2025 10:39;U038;P038;TipInt004;Cyber Monday;New York, USA;4;4.8
I8166;1/07/2026 04:59;U084;P074;TipInt001;Cyber Monday;Berlin, Germany;5;1.9
I8167;12/22/2025 11:22;U020;P058;TipInt004;Regular Day;New York, USA;9;3.4
I8168;12/17/2025 05:09;U109;P054;TipInt006;Cyber Monday;New York, USA;4;1.3
I8169;10/15/2025 07:23;U090;P002;TipInt005;Holiday Sale;Sydney, Australia;10;4.3
I8170;10/02/2025 17:52;U020;P074;TipInt004;Regular Day;London, UK;3;3
I8171;10/07/2025 05:44;U144;P053;TipInt002;Black Friday;Sydney, Australia;-;2.8
I8172;1/03/2026 09:51;U091;P035;TipInt003;Black Friday;Berlin, Germany;5;2.7
I8173;11/20/2025 20:29;U144;P089;TipInt001;Black Friday;Berlin, Germany;2;2.5
I8174;12/24/2025 17:55;U110;P080;TipInt002;Holiday Sale;Sydney, Australia;10;1.5
I8175;11/03/2025 12:07;U046;P046;TipInt004;Black Friday;Berlin, Germany;2;2.3
I8176;10/16/2025 13:49;U008;P062;TipInt002;Holiday Sale;New York, USA;5;2.3
I8177;1/10/2026 14:22;U097;P007;TipInt006;Black Friday;Sydney, Australia;4;4
I8178;11/10/2025 01:50;U149;P046;TipInt001;Spring Sale;New York, USA;5;4.6
I8179;11/27/2025 16:40;U042;P056;TipInt001;Cyber Monday;Sydney, Australia;2;1.2
I8180;12/22/2025 12:48;U077;P067;TipInt003;Holiday Sale;Berlin, Germany;1;1.7
I8181;11/20/2025 02:56;U077;P087;TipInt004;Holiday Sale;Berlin, Germany;8;2.7
I8182;1/27/2026 14:50;U115;P088;TipInt002;Cyber Monday;Sydney, Australia;6;4.3
I8183;10/19/2025 06:41;U100;P062;TipInt006;Holiday Sale;Sydney, Australia;4;2.2
I8184;1/24/2026 18:46;U096;P007;TipInt006;Spring Sale;Toronto, Canada;4;1.3
I8185;11/26/2025 20:57;U078;P088;TipInt006;Cyber Monday;Berlin, Germany;7;3.2
I8186;1/28/2026 16:17;U117;P064;TipInt004;Spring Sale;Paris, France;2;1.1
I8187;11/15/2025 17:32;U041;P043;TipInt004;Regular Day;Sydney, Australia;3;3.3
I8188;11/06/2025 10:14;U011;P059;TipInt001;Cyber Monday;Sydney, Australia;2;2.6
I8189;1/22/2026 04:52;U116;P027;TipInt003;Black Friday;New York, USA;8;1.9
I8190;10/24/2025 15:56;U148;P037;TipInt005;Regular Day;New York, USA;6;1
I8191;10/24/2025 00:14;U134;P045;TipInt001;Cyber Monday;Paris, France;2;2.1
I8192;12/03/2025 01:26;U002;P022;TipInt005;Regular Day;Berlin, Germany;6;2.9
I8193;10/18/2025 00:31;U068;P016;TipInt004;Regular Day;New York, USA;7;3.5
I8194;11/14/2025 21:38;U032;P054;TipInt006;Spring Sale;Toronto, Canada;8;4.3
I8195;12/13/2025 09:04;U100;P056;TipInt004;Cyber Monday;New York, USA;3;2.6
I8196;11/29/2025 17:30;U141;P040;TipInt004;Regular Day;London, UK;7;1.4
I8197;12/18/2025 09:19;U010;P057;TipInt001;Cyber Monday;Toronto, Canada;9;1.7
I8198;10/06/2025 21:18;U025;P017;TipInt005;Black Friday;New York, USA;7;2.1
I8199;10/15/2025 02:28;U016;P049;TipInt005;Spring Sale;Toronto, Canada;2;3.5
I8200;12/09/2025 09:51;U076;P037;TipInt006;Cyber Monday;Paris, France;10;4.5
I8201;12/14/2025 09:18;U031;P073;TipInt002;Cyber Monday;London, UK;9;3.6
I8202;10/22/2025 05:30;U078;P037;TipInt002;Black Friday;Toronto, Canada;8;4.1
I8203;10/24/2025 05:58;U087;P030;TipInt003;Holiday Sale;Berlin, Germany;8;4.9
I8204;12/27/2025 07:29;U128;P076;TipInt005;Spring Sale;London, UK;2;2.4
I8205;12/28/2025 02:00;U107;P046;TipInt003;Cyber Monday;Sydney, Australia;8;3.4
I8206;12/31/2025 19:07;U135;P086;TipInt006;Spring Sale;Paris, France;1;4.1
I8207;10/24/2025 19:16;U006;P027;TipInt006;Cyber Monday;London, UK;1;4.7
I8208;11/01/2025 21:09;U044;P041;TipInt004;Black Friday;Berlin, Germany;2;3.3
I8209;12/12/2025 15:43;U040;P014;TipInt002;Black Friday;Berlin, Germany;6;4.5
I8210;11/06/2025 21:14;U105;P022;TipInt001;Black Friday;London, UK;2;3.6
I8211;10/14/2025 02:17;U051;P039;TipInt005;Holiday Sale;Berlin, Germany;10;2.9
I8212;1/23/2026 06:08;U006;P050;TipInt002;Black Friday;Berlin, Germany;10;1.5
I8213;11/27/2025 08:56;U080;P019;TipInt003;Spring Sale;New York, USA;8;3.1
I8214;12/09/2025 01:59;U081;P034;TipInt004;Spring Sale;Toronto, Canada;8;3.6
I8215;12/15/2025 01:26;U055;P054;TipInt005;Holiday Sale;London, UK;2;1.1
I8216;10/18/2025 08:47;U073;P078;TipInt006;Cyber Monday;New York, USA;7;2.5
I8217;1/24/2026 21:08;U057;P076;TipInt002;Spring Sale;London, UK;10;2.2
I8218;1/03/2026 14:52;U113;P077;TipInt002;Cyber Monday;Paris, France;8;3.8
I8219;1/31/2026 03:24;U069;P047;TipInt006;Holiday Sale;New York, USA;10;1.7
I8220;12/20/2025 19:11;U083;P015;TipInt006;Regular Day;Sydney, Australia;5;4.5
I8221;11/28/2025 19:07;U086;P088;TipInt001;Holiday Sale;Toronto, Canada;5;2.6
I8222;12/26/2025 00:22;U101;P040;TipInt005;Cyber Monday;Toronto, Canada;10;4.9
I8223;11/02/2025 02:13;U096;P082;TipInt003;Cyber Monday;London, UK;8;1.1
I8224;11/07/2025 16:22;U063;P075;TipInt003;Cyber Monday;Berlin, Germany;8;3.3
I8225;10/26/2025 16:41;U092;P086;TipInt004;Spring Sale;New York, USA;4;3.2
I8226;1/06/2026 08:36;U018;P002;TipInt004;Holiday Sale;Paris, France;5;2
I8227;11/07/2025 05:21;U011;P008;TipInt002;Regular Day;Toronto, Canada;3;2.1
I8228;10/24/2025 16:16;U074;P052;TipInt002;Regular Day;Berlin, Germany;7;1.1
I8229;1/05/2026 16:48;U056;P062;TipInt006;Regular Day;Toronto, Canada;10;4.5
I8230;1/16/2026 00:08;U094;P035;TipInt005;Black Friday;London, UK;5;3.6
I8231;12/28/2025 03:47;U146;P015;TipInt004;Black Friday;Berlin, Germany;10;1.8
I8232;10/13/2025 12:19;U079;P002;TipInt006;Black Friday;Toronto, Canada;7;3.6
I8233;1/31/2026 11:02;U102;P057;TipInt001;Spring Sale;Toronto, Canada;7;4.1
I8234;1/20/2026 12:04;U067;P073;TipInt004;Holiday Sale;Berlin, Germany;9;3.3
I8235;11/30/2025 08:32;U028;P093;TipInt003;Spring Sale;Paris, France;1;1.2
I8236;10/20/2025 03:04;U053;P002;TipInt005;Spring Sale;Berlin, Germany;2;3.6
I8237;1/20/2026 08:23;U020;P038;TipInt002;Spring Sale;Paris, France;-;4.6
I8238;1/11/2026 12:40;U071;P080;TipInt003;Cyber Monday;London, UK;2;4.5
I8239;1/21/2026 20:07;U061;P015;TipInt002;Black Friday;London, UK;9;4.6
I8240;1/02/2026 23:30;U016;P030;TipInt005;Black Friday;Paris, France;4;3.4
I8241;10/19/2025 17:15;U112;P043;TipInt006;Cyber Monday;New York, USA;5;2.6
I8242;11/04/2025 04:27;U025;P090;TipInt004;Cyber Monday;New York, USA;8;4.7
I8243;10/06/2025 14:19;U052;P019;TipInt004;Cyber Monday;London, UK;4;2.4
I8244;10/28/2025 14:15;U125;P050;TipInt002;Black Friday;Toronto, Canada;6;4
I8245;1/20/2026 13:39;U006;P010;TipInt004;Regular Day;New York, USA;4;1.5
I8246;1/26/2026 01:18;U075;P045;TipInt006;Black Friday;Berlin, Germany;7;4.5
I8247;11/06/2025 05:12;U047;P050;TipInt003;Holiday Sale;Berlin, Germany;3;2.7
I8248;12/11/2025 06:41;U043;P077;TipInt005;Cyber Monday;Berlin, Germany;1;4
I8249;11/12/2025 02:12;U150;P089;TipInt004;Regular Day;Paris, France;5;1.6
I8250;1/10/2026 17:32;U043;P037;TipInt002;Spring Sale;Sydney, Australia;8;1.7
I8251;12/23/2025 09:49;U108;P040;TipInt003;Holiday Sale;Toronto, Canada;10;3.7
I8252;10/24/2025 17:55;U048;P033;TipInt006;Black Friday;Toronto, Canada;3;2.6
I8253;10/02/2025 08:22;U126;P032;TipInt002;Holiday Sale;Toronto, Canada;10;4.3
I8254;12/12/2025 15:31;U026;P048;TipInt004;Regular Day;Toronto, Canada;9;1.2
I8255;10/22/2025 10:51;U107;P078;TipInt005;Holiday Sale;Paris, France;10;4.2
I8256;1/17/2026 02:45;U136;P034;TipInt004;Cyber Monday;London, UK;8;4.8
I8257;10/29/2025 08:31;U041;P068;TipInt004;Cyber Monday;Berlin, Germany;4;3.4
I8258;11/21/2025 08:01;U026;P084;TipInt005;Black Friday;Paris, France;1;3.8
I8259;1/10/2026 11:50;U110;P023;TipInt002;Cyber Monday;Sydney, Australia;10;3.5
I8260;1/29/2026 23:54;U087;P039;TipInt004;Spring Sale;Sydney, Australia;8;1.7
I8261;1/14/2026 18:23;U132;P027;TipInt006;Holiday Sale;Berlin, Germany;9;3.6
I8262;10/13/2025 22:17;U014;P005;TipInt006;Cyber Monday;Paris, France;3;4.4
I8263;11/25/2025 02:36;U121;P072;TipInt003;Holiday Sale;Paris, France;9;2
I8264;11/07/2025 06:27;U098;P074;TipInt002;Spring Sale;London, UK;10;4.8
I8265;12/13/2025 05:32;U090;P034;TipInt003;Black Friday;Toronto, Canada;7;4.1
I8266;11/07/2025 15:36;U099;P032;TipInt002;Spring Sale;New York, USA;5;1.6
I8267;11/28/2025 21:29;U137;P079;TipInt005;Holiday Sale;Paris, France;3;3.5
I8268;10/20/2025 10:37;U144;P091;TipInt002;Holiday Sale;Toronto, Canada;10;2.4
I8269;10/19/2025 06:38;U140;P028;TipInt006;Holiday Sale;Berlin, Germany;10;1.1
I8270;12/21/2025 08:24;U025;P035;TipInt006;Holiday Sale;Paris, France;8;3
I8271;1/29/2026 14:39;U034;P045;TipInt001;Holiday Sale;New York, USA;1;1.5
I8272;1/25/2026 14:14;U061;P077;TipInt001;Black Friday;London, UK;-;4.3
I8273;11/14/2025 17:02;U001;P081;TipInt003;Black Friday;London, UK;3;1.6
I8274;10/24/2025 07:03;U138;P082;TipInt006;Holiday Sale;Toronto, Canada;6;3.2
I8275;12/16/2025 01:07;U006;P089;TipInt002;Black Friday;Berlin, Germany;7;3
I8276;11/11/2025 05:57;U042;P060;TipInt004;Cyber Monday;Berlin, Germany;7;3.8
I8277;11/14/2025 20:24;U029;P071;TipInt001;Cyber Monday;Paris, France;5;1.8
I8278;9/29/2025 20:57;U008;P051;TipInt004;Holiday Sale;London, UK;5;4.2
I8279;1/25/2026 16:49;U031;P064;TipInt001;Regular Day;Sydney, Australia;-;4.9
I8280;12/12/2025 05:39;U127;P009;TipInt006;Holiday Sale;London, UK;4;1.6
I8281;11/29/2025 04:52;U053;P070;TipInt005;Black Friday;New York, USA;-;2.4
I8282;11/28/2025 17:59;U051;P090;TipInt003;Holiday Sale;Berlin, Germany;8;1.5
I8283;10/09/2025 23:42;U064;P070;TipInt004;Spring Sale;Sydney, Australia;3;1.4
I8284;11/19/2025 11:50;U035;P093;TipInt004;Black Friday;New York, USA;6;4.2
I8285;1/22/2026 00:05;U103;P046;TipInt004;Black Friday;Sydney, Australia;8;2.2
I8286;10/15/2025 14:44;U133;P073;TipInt005;Regular Day;Berlin, Germany;3;2.1
I8287;11/03/2025 17:00;U028;P034;TipInt005;Holiday Sale;Toronto, Canada;7;2.6
I8288;10/25/2025 02:12;U022;P019;TipInt003;Spring Sale;Sydney, Australia;3;1.3
I8289;10/23/2025 04:09;U100;P069;TipInt006;Cyber Monday;Sydney, Australia;-;4
I8290;1/14/2026 06:21;U113;P026;TipInt004;Cyber Monday;Paris, France;4;4.7
I8291;12/28/2025 08:14;U017;P060;TipInt003;Regular Day;London, UK;-;5
I8292;1/18/2026 02:12;U125;P019;TipInt004;Cyber Monday;Berlin, Germany;5;4.6
I8293;12/09/2025 02:26;U056;P006;TipInt003;Spring Sale;London, UK;5;2
I8294;1/04/2026 01:58;U008;P044;TipInt001;Regular Day;Paris, France;6;2.2
I8295;12/23/2025 06:51;U118;P069;TipInt003;Spring Sale;Berlin, Germany;7;1.9
I8296;12/10/2025 10:51;U094;P048;TipInt006;Holiday Sale;London, UK;6;4.2
I8297;12/02/2025 14:12;U113;P044;TipInt004;Cyber Monday;Berlin, Germany;10;4.5
I8298;1/18/2026 04:14;U034;P075;TipInt001;Holiday Sale;Sydney, Australia;-;4.6
I8299;1/19/2026 12:21;U119;P014;TipInt002;Holiday Sale;London, UK;2;2.5
I8300;11/17/2025 06:52;U018;P064;TipInt004;Holiday Sale;Paris, France;6;4.6
I8301;12/08/2025 11:11;U127;P026;TipInt003;Black Friday;New York, USA;1;4.2
I8302;12/09/2025 19:43;U063;P082;TipInt006;Spring Sale;Toronto, Canada;3;1.4
I8303;11/14/2025 06:04;U067;P047;TipInt004;Black Friday;London, UK;4;4.8
I8304;1/18/2026 05:20;U067;P070;TipInt004;Holiday Sale;London, UK;10;4
I8305;11/12/2025 06:08;U071;P064;TipInt002;Holiday Sale;Paris, France;-;4.9
I8306;10/23/2025 00:42;U071;P053;TipInt001;Black Friday;New York, USA;3;2.2
I8307;12/29/2025 17:14;U024;P011;TipInt003;Cyber Monday;New York, USA;5;2.7
I8308;11/12/2025 16:55;U012;P036;TipInt004;Black Friday;New York, USA;3;3.5
I8309;10/02/2025 02:09;U103;P003;TipInt002;Spring Sale;New York, USA;5;1.1
I8310;9/29/2025 15:09;U127;P066;TipInt001;Black Friday;Toronto, Canada;3;1.2
I8311;11/22/2025 15:40;U115;P060;TipInt002;Regular Day;London, UK;2;2.7
I8312;11/20/2025 13:57;U040;P081;TipInt001;Black Friday;Paris, France;3;2.9
I8313;11/29/2025 10:59;U049;P011;TipInt003;Spring Sale;Paris, France;-;3
I8314;10/19/2025 18:46;U119;P026;TipInt001;Holiday Sale;Sydney, Australia;4;2.5
I8315;1/11/2026 04:10;U022;P083;TipInt003;Black Friday;London, UK;6;2.3
I8316;11/01/2025 07:53;U068;P040;TipInt002;Regular Day;New York, USA;5;3.5
I8317;10/07/2025 13:28;U136;P014;TipInt004;Cyber Monday;Toronto, Canada;1;2.2
I8318;1/27/2026 14:20;U139;P089;TipInt005;Regular Day;Paris, France;-;1.7
I8319;10/31/2025 01:19;U133;P015;TipInt006;Regular Day;Berlin, Germany;9;4.4
I8320;12/11/2025 18:32;U126;P034;TipInt002;Spring Sale;Berlin, Germany;6;4.5
I8321;11/23/2025 19:20;U020;P087;TipInt002;Holiday Sale;New York, USA;10;1
I8322;12/02/2025 04:20;U044;P062;TipInt001;Black Friday;New York, USA;5;2
I8323;10/08/2025 08:01;U092;P056;TipInt005;Cyber Monday;Toronto, Canada;9;1.2
I8324;11/06/2025 16:42;U076;P075;TipInt005;Holiday Sale;Toronto, Canada;4;4
I8325;12/18/2025 06:11;U070;P079;TipInt004;Spring Sale;Toronto, Canada;3;3.5
I8326;1/09/2026 09:27;U005;P023;TipInt006;Cyber Monday;Sydney, Australia;2;3.4
I8327;12/07/2025 08:32;U027;P091;TipInt005;Holiday Sale;New York, USA;9;3.4
I8328;10/30/2025 05:14;U118;P005;TipInt003;Black Friday;New York, USA;1;4.1
I8329;11/08/2025 08:02;U103;P053;TipInt001;Holiday Sale;London, UK;-;1.3
I8330;11/20/2025 18:51;U141;P084;TipInt002;Spring Sale;Sydney, Australia;1;2.9
I8331;11/22/2025 02:44;U101;P016;TipInt004;Cyber Monday;Toronto, Canada;3;2.7
I8332;12/09/2025 22:08;U105;P078;TipInt005;Holiday Sale;Berlin, Germany;2;1.5
I8333;10/31/2025 18:25;U071;P093;TipInt002;Holiday Sale;Berlin, Germany;3;2.2
I8334;1/04/2026 12:42;U045;P067;TipInt002;Cyber Monday;London, UK;9;3.3
I8335;1/06/2026 11:06;U015;P005;TipInt004;Black Friday;Toronto, Canada;2;4.6
I8336;11/26/2025 16:50;U121;P004;TipInt003;Spring Sale;London, UK;7;4.7
I8337;10/08/2025 04:03;U149;P011;TipInt002;Black Friday;Toronto, Canada;5;4.1
I8338;10/11/2025 12:34;U113;P047;TipInt001;Black Friday;Berlin, Germany;10;2.6
I8339;1/10/2026 21:06;U012;P022;TipInt002;Cyber Monday;Paris, France;10;2.2
I8340;10/18/2025 16:55;U104;P092;TipInt001;Holiday Sale;Toronto, Canada;-;2.4
I8341;1/27/2026 17:35;U073;P052;TipInt003;Spring Sale;New York, USA;1;1.8
I8342;10/14/2025 11:36;U025;P040;TipInt004;Holiday Sale;Paris, France;6;1.8
I8343;1/10/2026 23:26;U020;P091;TipInt006;Holiday Sale;Berlin, Germany;6;3
I8344;1/21/2026 07:17;U034;P010;TipInt002;Black Friday;Berlin, Germany;4;2.8
I8345;11/03/2025 11:37;U054;P060;TipInt003;Holiday Sale;Paris, France;9;3.1
I8346;12/28/2025 01:43;U111;P013;TipInt004;Black Friday;Paris, France;7;1.5
I8347;10/06/2025 06:10;U068;P032;TipInt002;Cyber Monday;London, UK;5;3.8
I8348;11/04/2025 15:39;U096;P038;TipInt003;Black Friday;Sydney, Australia;3;2.3
I8349;12/10/2025 18:32;U127;P039;TipInt004;Spring Sale;Toronto, Canada;6;4.5
I8350;9/29/2025 02:00;U065;P094;TipInt006;Cyber Monday;New York, USA;9;3
I8351;12/10/2025 22:22;U047;P055;TipInt004;Spring Sale;Toronto, Canada;1;4
I8352;11/25/2025 18:03;U016;P066;TipInt005;Black Friday;Paris, France;10;2.3
I8353;11/27/2025 13:29;U018;P072;TipInt003;Cyber Monday;New York, USA;1;3
I8354;10/20/2025 01:52;U070;P028;TipInt004;Holiday Sale;Sydney, Australia;7;1.4
I8355;11/09/2025 18:05;U025;P041;TipInt002;Cyber Monday;New York, USA;10;2.6
I8356;10/06/2025 14:21;U126;P031;TipInt004;Regular Day;Berlin, Germany;9;2.5
I8357;12/03/2025 05:56;U032;P016;TipInt001;Holiday Sale;Toronto, Canada;6;1.6
I8358;10/20/2025 00:12;U002;P078;TipInt005;Holiday Sale;Berlin, Germany;-;1.5
I8359;10/01/2025 21:40;U071;P036;TipInt001;Regular Day;Berlin, Germany;2;1.2
I8360;10/26/2025 23:57;U033;P008;TipInt006;Spring Sale;Paris, France;2;3.6
I8361;1/14/2026 04:03;U115;P072;TipInt002;Holiday Sale;Berlin, Germany;4;1.6
I8362;1/20/2026 05:36;U133;P076;TipInt002;Black Friday;Toronto, Canada;2;3.9
I8363;12/27/2025 12:29;U139;P031;TipInt005;Spring Sale;New York, USA;10;3.3
I8364;12/05/2025 06:16;U113;P086;TipInt006;Holiday Sale;Toronto, Canada;3;2.2
I8365;12/22/2025 10:53;U107;P036;TipInt002;Holiday Sale;Sydney, Australia;4;4.2
I8366;11/04/2025 02:16;U102;P087;TipInt005;Holiday Sale;Sydney, Australia;4;3.2
I8367;1/19/2026 17:49;U071;P031;TipInt005;Spring Sale;New York, USA;5;1.9
I8368;10/17/2025 16:56;U071;P026;TipInt003;Holiday Sale;London, UK;10;3.1
I8369;1/15/2026 16:07;U011;P062;TipInt006;Cyber Monday;Berlin, Germany;7;4.1
I8370;10/14/2025 08:47;U144;P010;TipInt001;Spring Sale;Paris, France;4;4.6
I8371;12/23/2025 16:47;U032;P045;TipInt003;Holiday Sale;Berlin, Germany;9;2.7
I8372;1/27/2026 09:07;U130;P035;TipInt005;Spring Sale;Sydney, Australia;9;2.2
I8373;12/11/2025 08:09;U081;P021;TipInt004;Regular Day;Paris, France;3;2.1
I8374;11/25/2025 20:28;U058;P033;TipInt003;Holiday Sale;Sydney, Australia;-;4.3
I8375;10/15/2025 13:11;U073;P074;TipInt006;Spring Sale;Sydney, Australia;4;2.1
I8376;12/28/2025 19:18;U051;P069;TipInt006;Regular Day;Toronto, Canada;8;3.6
I8377;12/06/2025 06:54;U038;P059;TipInt002;Holiday Sale;New York, USA;3;3.9
I8378;11/27/2025 02:24;U099;P038;TipInt003;Black Friday;Toronto, Canada;10;1.6
I8379;1/15/2026 10:21;U051;P065;TipInt002;Spring Sale;Paris, France;2;1.8
I8380;1/08/2026 08:04;U144;P033;TipInt005;Spring Sale;Berlin, Germany;8;2.1
I8381;11/24/2025 00:04;U101;P046;TipInt004;Cyber Monday;Paris, France;3;2.9
I8382;11/24/2025 01:22;U118;P018;TipInt003;Cyber Monday;Toronto, Canada;1;3.5
I8383;1/28/2026 03:00;U061;P029;TipInt002;Cyber Monday;Berlin, Germany;1;4.7
I8384;12/02/2025 07:48;U076;P083;TipInt003;Regular Day;New York, USA;1;4.5
I8385;11/16/2025 22:58;U046;P038;TipInt006;Spring Sale;Paris, France;5;1.2
I8386;12/01/2025 22:32;U081;P019;TipInt005;Black Friday;Sydney, Australia;5;4.7
I8387;12/09/2025 06:50;U113;P060;TipInt003;Holiday Sale;New York, USA;-;3.7
I8388;11/18/2025 21:18;U018;P016;TipInt003;Holiday Sale;London, UK;2;4
I8389;10/28/2025 03:27;U110;P035;TipInt005;Regular Day;Sydney, Australia;10;3.4
I8390;12/20/2025 18:49;U033;P016;TipInt002;Spring Sale;Berlin, Germany;9;3.9
I8391;9/29/2025 20:26;U079;P016;TipInt002;Black Friday;Paris, France;2;3.2
I8392;11/16/2025 11:36;U073;P030;TipInt004;Black Friday;London, UK;2;3.2
I8393;12/17/2025 20:27;U126;P060;TipInt003;Black Friday;Paris, France;5;4.7
I8394;1/08/2026 23:42;U115;P005;TipInt003;Cyber Monday;Paris, France;5;3.9
I8395;11/05/2025 14:03;U039;P072;TipInt003;Regular Day;Toronto, Canada;3;2.3
I8396;12/07/2025 02:29;U026;P038;TipInt006;Cyber Monday;London, UK;2;2.3
I8397;12/07/2025 06:35;U082;P014;TipInt002;Spring Sale;Toronto, Canada;4;4.9
I8398;10/25/2025 10:24;U066;P002;TipInt003;Regular Day;New York, USA;4;3.4
I8399;1/10/2026 00:17;U001;P025;TipInt001;Black Friday;London, UK;8;3.3
I8400;12/19/2025 02:20;U141;P017;TipInt005;Cyber Monday;Toronto, Canada;9;3.1
I8401;10/26/2025 10:30;U089;P053;TipInt004;Regular Day;Toronto, Canada;10;3.9
I8402;10/05/2025 18:43;U107;P046;TipInt006;Spring Sale;Paris, France;-;1.1
I8403;1/09/2026 10:43;U113;P065;TipInt003;Cyber Monday;New York, USA;5;4.8
I8404;10/06/2025 06:17;U090;P070;TipInt006;Regular Day;Paris, France;3;4.3
I8405;11/18/2025 17:46;U142;P040;TipInt005;Cyber Monday;Sydney, Australia;7;3.3
I8406;10/03/2025 03:27;U086;P030;TipInt003;Regular Day;New York, USA;10;3.4
I8407;11/23/2025 17:47;U108;P095;TipInt002;Black Friday;Toronto, Canada;6;2.7
I8408;10/07/2025 20:02;U024;P082;TipInt002;Spring Sale;Paris, France;8;4.5
I8409;11/01/2025 01:11;U029;P059;TipInt004;Holiday Sale;London, UK;2;2.4
I8410;12/10/2025 05:58;U059;P097;TipInt006;Cyber Monday;Toronto, Canada;4;4.9
I8411;1/21/2026 01:53;U129;P008;TipInt003;Black Friday;Sydney, Australia;10;5
I8412;1/17/2026 14:57;U101;P090;TipInt001;Holiday Sale;Paris, France;6;3.5
I8413;10/22/2025 04:50;U061;P024;TipInt006;Cyber Monday;Toronto, Canada;5;1.4
I8414;1/20/2026 10:17;U021;P070;TipInt005;Holiday Sale;London, UK;8;1.3
I8415;12/15/2025 04:28;U058;P074;TipInt006;Holiday Sale;Paris, France;6;3.9
I8416;11/03/2025 17:03;U044;P071;TipInt001;Spring Sale;Toronto, Canada;1;2.8
I8417;10/09/2025 00:27;U135;P036;TipInt005;Cyber Monday;Toronto, Canada;8;3.7
I8418;1/07/2026 17:31;U075;P039;TipInt001;Spring Sale;Paris, France;6;4.7
I8419;12/09/2025 03:25;U111;P086;TipInt002;Black Friday;London, UK;2;3.8
I8420;10/12/2025 02:12;U047;P091;TipInt003;Regular Day;Berlin, Germany;2;2.2
I8421;10/22/2025 08:38;U081;P069;TipInt005;Holiday Sale;New York, USA;9;2.2
I8422;12/07/2025 07:41;U005;P054;TipInt004;Holiday Sale;Berlin, Germany;5;4.3
I8423;11/02/2025 18:40;U065;P074;TipInt001;Regular Day;Paris, France;7;4.8
I8424;12/11/2025 18:38;U033;P087;TipInt005;Spring Sale;London, UK;7;4.8
I8425;11/14/2025 04:37;U058;P046;TipInt005;Holiday Sale;Paris, France;7;4
I8426;10/21/2025 12:09;U104;P051;TipInt001;Holiday Sale;Berlin, Germany;4;4.3
I8427;1/15/2026 05:03;U032;P062;TipInt004;Holiday Sale;Toronto, Canada;6;4.8
I8428;11/01/2025 18:28;U009;P039;TipInt002;Regular Day;Sydney, Australia;9;2.8
I8429;1/29/2026 22:58;U026;P076;TipInt003;Black Friday;London, UK;-;1.2
I8430;1/30/2026 20:59;U044;P088;TipInt002;Spring Sale;New York, USA;6;3.6
I8431;10/11/2025 15:50;U010;P076;TipInt003;Spring Sale;Toronto, Canada;9;1.4
I8432;11/26/2025 00:38;U131;P069;TipInt005;Regular Day;Sydney, Australia;7;2.9
I8433;12/17/2025 02:21;U092;P097;TipInt001;Regular Day;Sydney, Australia;2;4.5
I8434;11/18/2025 13:16;U115;P097;TipInt002;Black Friday;Paris, France;3;3.3
I8435;11/09/2025 23:08;U059;P064;TipInt005;Spring Sale;London, UK;1;4.1
I8436;11/05/2025 08:44;U105;P007;TipInt001;Regular Day;New York, USA;2;3.1
I8437;12/03/2025 22:46;U043;P014;TipInt001;Regular Day;Berlin, Germany;7;2.2
I8438;12/21/2025 05:40;U104;P041;TipInt003;Black Friday;Sydney, Australia;-;4.9
I8439;10/01/2025 15:24;U057;P049;TipInt003;Spring Sale;New York, USA;3;2
I8440;1/03/2026 11:33;U093;P053;TipInt005;Black Friday;Paris, France;6;2.9
I8441;1/15/2026 23:32;U129;P069;TipInt004;Cyber Monday;London, UK;1;3.5
I8442;1/15/2026 13:35;U062;P064;TipInt004;Holiday Sale;Sydney, Australia;5;4.7
I8443;10/14/2025 12:52;U127;P086;TipInt005;Spring Sale;Berlin, Germany;3;3.6
I8444;1/16/2026 05:30;U131;P087;TipInt003;Holiday Sale;London, UK;9;4.6
I8445;12/12/2025 09:20;U096;P094;TipInt005;Holiday Sale;Paris, France;9;4.2
I8446;1/06/2026 01:04;U088;P081;TipInt003;Spring Sale;New York, USA;10;1.4
I8447;10/25/2025 06:34;U115;P060;TipInt002;Cyber Monday;Berlin, Germany;10;4.8
I8448;11/24/2025 04:49;U043;P010;TipInt005;Spring Sale;Sydney, Australia;5;2.5
I8449;1/21/2026 20:09;U060;P077;TipInt005;Holiday Sale;London, UK;9;1.6
I8450;10/14/2025 01:17;U005;P060;TipInt005;Cyber Monday;London, UK;8;4.3
I8451;11/29/2025 09:17;U025;P056;TipInt006;Cyber Monday;Toronto, Canada;8;2.9
I8452;11/27/2025 23:48;U003;P036;TipInt002;Regular Day;London, UK;6;3.8
I8453;10/25/2025 11:38;U111;P020;TipInt004;Regular Day;New York, USA;6;3.9
I8454;1/28/2026 01:32;U134;P018;TipInt004;Holiday Sale;Toronto, Canada;4;4.1
I8455;1/03/2026 06:03;U139;P096;TipInt002;Regular Day;Sydney, Australia;5;4.3
I8456;11/29/2025 12:18;U131;P070;TipInt005;Regular Day;New York, USA;7;3.7
I8457;10/09/2025 13:05;U040;P067;TipInt001;Regular Day;Toronto, Canada;-;2.4
I8458;1/12/2026 09:00;U148;P030;TipInt004;Regular Day;Sydney, Australia;2;2.7
I8459;11/19/2025 10:46;U001;P055;TipInt003;Cyber Monday;Toronto, Canada;5;3.5
I8460;12/23/2025 21:30;U022;P076;TipInt005;Holiday Sale;Sydney, Australia;3;2.2
I8461;10/08/2025 01:29;U030;P092;TipInt006;Black Friday;Sydney, Australia;10;4.2
I8462;12/16/2025 00:22;U006;P096;TipInt001;Holiday Sale;New York, USA;10;1.9
I8463;1/16/2026 11:03;U114;P028;TipInt002;Spring Sale;Paris, France;-;3.2
I8464;9/30/2025 21:04;U066;P082;TipInt001;Holiday Sale;Toronto, Canada;5;3.7
I8465;11/14/2025 22:56;U020;P052;TipInt004;Regular Day;Sydney, Australia;8;2.1
I8466;10/26/2025 07:54;U089;P018;TipInt005;Regular Day;New York, USA;1;3.7
I8467;12/01/2025 00:13;U035;P045;TipInt001;Regular Day;Berlin, Germany;7;4.8
I8468;1/24/2026 18:19;U102;P081;TipInt006;Holiday Sale;New York, USA;3;2.7
I8469;12/04/2025 13:29;U126;P079;TipInt001;Regular Day;Berlin, Germany;4;4.2
I8470;10/19/2025 06:26;U058;P059;TipInt006;Regular Day;Berlin, Germany;4;1.1
I8471;1/18/2026 23:44;U091;P029;TipInt002;Cyber Monday;Toronto, Canada;4;3.3
I8472;1/26/2026 16:09;U031;P015;TipInt002;Holiday Sale;Paris, France;9;2.5
I8473;12/02/2025 04:03;U127;P002;TipInt002;Holiday Sale;New York, USA;4;4.1
I8474;12/17/2025 22:40;U010;P027;TipInt003;Regular Day;Paris, France;7;2.7
I8475;10/04/2025 06:54;U011;P002;TipInt004;Spring Sale;Berlin, Germany;2;4.8
I8476;1/01/2026 08:40;U005;P065;TipInt002;Spring Sale;Toronto, Canada;7;1.1
I8477;11/02/2025 21:55;U013;P098;TipInt005;Spring Sale;Sydney, Australia;1;3.8
I8478;1/17/2026 03:30;U048;P002;TipInt004;Spring Sale;Berlin, Germany;7;4.1
I8479;1/09/2026 06:49;U082;P019;TipInt002;Holiday Sale;London, UK;2;3.3
I8480;10/13/2025 18:28;U054;P080;TipInt005;Regular Day;New York, USA;5;4.9
I8481;12/20/2025 04:45;U069;P082;TipInt006;Cyber Monday;Toronto, Canada;5;4.7
I8482;10/19/2025 16:42;U124;P024;TipInt005;Holiday Sale;Paris, France;9;1.9
I8483;12/08/2025 08:42;U076;P060;TipInt003;Spring Sale;London, UK;1;2.4
I8484;1/08/2026 03:54;U018;P043;TipInt002;Black Friday;Berlin, Germany;6;1.6
I8485;1/25/2026 08:50;U066;P070;TipInt006;Black Friday;London, UK;6;3.5
I8486;10/01/2025 21:48;U146;P043;TipInt001;Regular Day;Berlin, Germany;5;4.3
I8487;12/27/2025 05:44;U128;P057;TipInt001;Spring Sale;Paris, France;-;1.5
I8488;11/02/2025 18:10;U108;P066;TipInt005;Regular Day;Berlin, Germany;3;3.9
I8489;1/29/2026 22:51;U117;P073;TipInt003;Black Friday;Sydney, Australia;6;4.1
I8490;1/01/2026 13:50;U023;P006;TipInt006;Black Friday;Berlin, Germany;4;4
I8491;12/16/2025 06:59;U043;P019;TipInt001;Cyber Monday;New York, USA;1;3.8
I8492;1/01/2026 21:57;U114;P035;TipInt006;Holiday Sale;Sydney, Australia;9;2.1
I8493;10/03/2025 18:40;U081;P075;TipInt005;Black Friday;New York, USA;3;4.2
I8494;11/25/2025 02:31;U059;P096;TipInt006;Black Friday;Paris, France;5;1.3
I8495;10/29/2025 06:27;U039;P066;TipInt005;Cyber Monday;Berlin, Germany;1;2.1
I8496;1/10/2026 22:56;U137;P019;TipInt003;Holiday Sale;Toronto, Canada;3;3.4
I8497;11/11/2025 06:34;U086;P093;TipInt005;Spring Sale;Paris, France;3;1.8
I8498;12/23/2025 22:50;U019;P090;TipInt006;Black Friday;Sydney, Australia;8;3.4
I8499;12/26/2025 23:15;U107;P043;TipInt006;Regular Day;Sydney, Australia;5;2.1
I8500;1/01/2026 03:45;U088;P035;TipInt006;Spring Sale;Toronto, Canada;2;3.2
I8501;12/02/2025 11:28;U122;P042;TipInt003;Spring Sale;Paris, France;7;3.7
I8502;12/14/2025 14:14;U016;P088;TipInt001;Cyber Monday;New York, USA;10;3
I8503;12/18/2025 11:54;U024;P028;TipInt006;Cyber Monday;Toronto, Canada;8;1.7
I8504;11/19/2025 20:56;U135;P034;TipInt003;Spring Sale;Paris, France;9;3.7
I8505;12/02/2025 11:11;U125;P039;TipInt004;Spring Sale;Toronto, Canada;5;2.9
I8506;1/10/2026 17:03;U081;P098;TipInt001;Holiday Sale;Toronto, Canada;2;3.5
I8507;12/26/2025 22:58;U145;P084;TipInt004;Spring Sale;Toronto, Canada;10;4.4
I8508;12/02/2025 03:54;U026;P084;TipInt002;Black Friday;Sydney, Australia;-;3
I8509;1/19/2026 00:25;U046;P073;TipInt004;Cyber Monday;Berlin, Germany;5;3.1
I8510;1/13/2026 07:01;U055;P060;TipInt003;Regular Day;Paris, France;1;4.5
I8511;10/26/2025 15:40;U143;P009;TipInt002;Spring Sale;Sydney, Australia;7;3.7
I8512;10/19/2025 16:45;U051;P094;TipInt003;Spring Sale;Toronto, Canada;2;3.3
I8513;12/21/2025 12:45;U026;P012;TipInt003;Black Friday;Toronto, Canada;6;1.5
I8514;1/22/2026 12:43;U124;P024;TipInt001;Black Friday;Sydney, Australia;1;4.4
I8515;1/06/2026 14:37;U066;P084;TipInt004;Holiday Sale;London, UK;2;3.4
I8516;12/23/2025 05:40;U126;P083;TipInt002;Cyber Monday;Paris, France;5;2.4
I8517;1/19/2026 06:57;U108;P073;TipInt004;Regular Day;Toronto, Canada;7;4.1
I8518;10/22/2025 22:36;U067;P070;TipInt003;Regular Day;New York, USA;2;1.5
I8519;1/08/2026 05:19;U068;P051;TipInt003;Black Friday;Sydney, Australia;8;2.6
I8520;11/26/2025 14:42;U011;P073;TipInt006;Regular Day;Berlin, Germany;8;1.5
I8521;10/31/2025 17:21;U137;P093;TipInt005;Holiday Sale;London, UK;-;1.5
I8522;1/20/2026 13:42;U040;P088;TipInt005;Black Friday;London, UK;3;1.4
I8523;12/03/2025 08:02;U120;P069;TipInt003;Holiday Sale;Sydney, Australia;5;3.8
I8524;11/12/2025 09:53;U022;P032;TipInt004;Black Friday;Paris, France;4;3.8
I8525;11/21/2025 11:14;U117;P094;TipInt001;Spring Sale;Sydney, Australia;5;1.5
I8526;12/19/2025 08:03;U061;P077;TipInt004;Spring Sale;New York, USA;10;2
I8527;1/09/2026 01:38;U051;P065;TipInt004;Spring Sale;Sydney, Australia;9;2
I8528;1/11/2026 22:19;U070;P030;TipInt004;Spring Sale;Toronto, Canada;2;2.8
I8529;10/14/2025 21:19;U124;P093;TipInt006;Regular Day;London, UK;3;2.5
I8530;12/29/2025 01:39;U040;P010;TipInt003;Cyber Monday;Toronto, Canada;6;2.7
I8531;12/14/2025 04:27;U147;P095;TipInt002;Holiday Sale;London, UK;6;1.4
I8532;11/25/2025 08:34;U047;P073;TipInt001;Spring Sale;Paris, France;3;3.4
I8533;10/10/2025 11:17;U003;P043;TipInt002;Black Friday;New York, USA;7;4.9
I8534;12/24/2025 20:26;U112;P081;TipInt002;Holiday Sale;Sydney, Australia;1;1.5
I8535;11/24/2025 14:14;U116;P014;TipInt005;Spring Sale;New York, USA;9;4
I8536;1/26/2026 15:50;U051;P074;TipInt005;Cyber Monday;Berlin, Germany;5;1.3
I8537;11/26/2025 03:32;U069;P047;TipInt001;Regular Day;New York, USA;3;2.5
I8538;10/23/2025 19:26;U077;P038;TipInt002;Regular Day;Berlin, Germany;1;1.2
I8539;11/20/2025 10:49;U080;P063;TipInt004;Spring Sale;London, UK;7;2.9
I8540;11/23/2025 07:01;U077;P094;TipInt003;Spring Sale;New York, USA;10;2.1
I8541;1/21/2026 01:58;U055;P023;TipInt005;Spring Sale;New York, USA;-;2.1
I8542;1/09/2026 00:35;U112;P008;TipInt001;Regular Day;New York, USA;3;3.1
I8543;12/11/2025 05:52;U053;P066;TipInt002;Cyber Monday;Toronto, Canada;9;2.2
I8544;11/12/2025 22:50;U060;P021;TipInt005;Spring Sale;New York, USA;5;3.2
I8545;10/11/2025 06:34;U133;P020;TipInt004;Black Friday;Toronto, Canada;5;1.6
I8546;1/11/2026 14:25;U065;P009;TipInt005;Black Friday;London, UK;3;2.7
I8547;12/04/2025 21:14;U142;P098;TipInt003;Black Friday;Sydney, Australia;3;1.7
I8548;10/03/2025 00:59;U053;P071;TipInt006;Cyber Monday;New York, USA;1;1
I8549;12/14/2025 00:17;U049;P038;TipInt005;Spring Sale;Paris, France;5;4.2
I8550;10/30/2025 15:18;U001;P081;TipInt001;Cyber Monday;Sydney, Australia;1;2.6
I8551;10/23/2025 10:40;U044;P097;TipInt003;Spring Sale;Toronto, Canada;8;4.1
I8552;11/05/2025 10:13;U005;P011;TipInt006;Cyber Monday;Toronto, Canada;6;1.5
I8553;10/03/2025 04:03;U081;P007;TipInt006;Holiday Sale;Berlin, Germany;4;1.5
I8554;12/10/2025 20:29;U026;P099;TipInt002;Black Friday;Sydney, Australia;1;2.3
I8555;1/19/2026 16:18;U007;P098;TipInt005;Cyber Monday;Toronto, Canada;10;2.7
I8556;11/01/2025 19:59;U150;P054;TipInt002;Spring Sale;Sydney, Australia;5;2
I8557;1/05/2026 16:07;U045;P053;TipInt002;Spring Sale;London, UK;3;3.7
I8558;10/02/2025 18:59;U009;P036;TipInt006;Regular Day;London, UK;6;2.5
I8559;1/26/2026 13:02;U018;P003;TipInt001;Cyber Monday;New York, USA;10;4.8
I8560;11/01/2025 18:41;U148;P080;TipInt003;Regular Day;New York, USA;1;3.6
I8561;10/04/2025 22:04;U017;P087;TipInt005;Cyber Monday;London, UK;7;4.1
I8562;12/31/2025 09:37;U074;P045;TipInt003;Holiday Sale;New York, USA;3;3.4
I8563;11/25/2025 07:16;U116;P064;TipInt001;Cyber Monday;Paris, France;1;4.1
I8564;11/09/2025 07:48;U060;P066;TipInt006;Holiday Sale;Berlin, Germany;5;3.4
I8565;1/16/2026 19:12;U119;P043;TipInt002;Cyber Monday;London, UK;7;5
I8566;1/06/2026 01:50;U124;P092;TipInt004;Spring Sale;Paris, France;10;4.6
I8567;10/01/2025 17:48;U134;P053;TipInt001;Black Friday;Paris, France;9;5
I8568;12/23/2025 04:31;U104;P066;TipInt005;Black Friday;London, UK;2;1.8
I8569;12/11/2025 04:51;U111;P084;TipInt005;Spring Sale;Toronto, Canada;5;2.3
I8570;1/17/2026 07:11;U145;P043;TipInt004;Holiday Sale;Toronto, Canada;7;3.2
I8571;10/28/2025 23:49;U072;P070;TipInt002;Cyber Monday;London, UK;10;1.7
I8572;11/28/2025 17:46;U020;P085;TipInt002;Holiday Sale;London, UK;2;2.8
I8573;12/04/2025 13:36;U026;P064;TipInt002;Spring Sale;Berlin, Germany;8;3.5
I8574;10/08/2025 20:52;U073;P054;TipInt004;Cyber Monday;Sydney, Australia;7;3.9
I8575;12/08/2025 01:17;U092;P093;TipInt004;Black Friday;Berlin, Germany;7;4.8
I8576;12/15/2025 00:50;U008;P052;TipInt001;Holiday Sale;Paris, France;4;1.9
I8577;11/23/2025 03:07;U121;P014;TipInt006;Regular Day;Toronto, Canada;-;3.3
I8578;1/12/2026 03:57;U052;P091;TipInt006;Cyber Monday;New York, USA;3;4.4
I8579;11/11/2025 21:07;U022;P070;TipInt006;Black Friday;London, UK;3;3.1
I8580;11/30/2025 02:08;U038;P027;TipInt002;Regular Day;Sydney, Australia;2;3.3
I8581;1/12/2026 23:05;U121;P012;TipInt004;Regular Day;London, UK;3;1.9
I8582;1/14/2026 12:55;U122;P079;TipInt006;Holiday Sale;Sydney, Australia;5;2.6
I8583;11/20/2025 08:02;U100;P026;TipInt003;Cyber Monday;Sydney, Australia;-;2
I8584;1/15/2026 21:56;U113;P067;TipInt001;Cyber Monday;Berlin, Germany;6;1.3
I8585;10/06/2025 03:32;U073;P087;TipInt002;Holiday Sale;Berlin, Germany;-;2.1
I8586;12/17/2025 10:00;U113;P021;TipInt004;Regular Day;Toronto, Canada;9;3.9
I8587;12/19/2025 06:59;U047;P040;TipInt001;Spring Sale;Paris, France;1;2.6
I8588;10/23/2025 22:32;U012;P058;TipInt006;Spring Sale;London, UK;1;3.4
I8589;12/22/2025 03:22;U045;P054;TipInt005;Holiday Sale;Toronto, Canada;-;3.9
I8590;12/29/2025 22:48;U099;P024;TipInt005;Regular Day;Sydney, Australia;6;1.3
I8591;1/12/2026 16:37;U039;P091;TipInt006;Spring Sale;Berlin, Germany;2;1.5
I8592;10/27/2025 08:02;U117;P014;TipInt001;Regular Day;Sydney, Australia;4;2.4
I8593;10/21/2025 18:17;U099;P042;TipInt005;Spring Sale;Berlin, Germany;10;1.8
I8594;11/28/2025 16:40;U019;P045;TipInt004;Black Friday;Sydney, Australia;6;3
I8595;10/18/2025 00:05;U095;P024;TipInt001;Black Friday;London, UK;4;4.1
I8596;10/08/2025 15:14;U100;P061;TipInt005;Holiday Sale;Sydney, Australia;-;1.7
I8597;12/10/2025 00:00;U134;P005;TipInt002;Spring Sale;Berlin, Germany;6;4.8
I8598;11/04/2025 18:29;U130;P022;TipInt004;Black Friday;Paris, France;1;3.2
I8599;11/26/2025 02:50;U033;P077;TipInt006;Black Friday;Paris, France;1;2.8
I8600;11/04/2025 09:26;U145;P090;TipInt002;Spring Sale;Sydney, Australia;9;3.1
I8601;10/05/2025 15:16;U054;P098;TipInt005;Regular Day;New York, USA;5;4
I8602;10/31/2025 05:17;U010;P030;TipInt004;Cyber Monday;Paris, France;5;5
I8603;11/21/2025 13:28;U078;P062;TipInt001;Cyber Monday;New York, USA;9;3.1
I8604;12/01/2025 18:37;U112;P034;TipInt006;Holiday Sale;Berlin, Germany;4;4.7
I8605;1/18/2026 10:13;U109;P032;TipInt001;Cyber Monday;Paris, France;7;3.1
I8606;1/03/2026 14:22;U070;P013;TipInt006;Black Friday;London, UK;7;2.2
I8607;11/12/2025 12:31;U142;P095;TipInt003;Cyber Monday;Sydney, Australia;5;2.6
I8608;11/21/2025 04:38;U002;P094;TipInt006;Black Friday;Sydney, Australia;4;1.4
I8609;12/14/2025 23:30;U085;P059;TipInt005;Holiday Sale;Berlin, Germany;9;3.3
I8610;1/09/2026 16:39;U130;P082;TipInt006;Cyber Monday;Berlin, Germany;10;1.6
I8611;10/05/2025 18:35;U077;P028;TipInt001;Black Friday;Berlin, Germany;-;3.2
I8612;12/23/2025 15:32;U120;P048;TipInt003;Black Friday;Berlin, Germany;10;2.1
I8613;12/03/2025 22:24;U028;P062;TipInt001;Spring Sale;Toronto, Canada;10;4.7
I8614;9/29/2025 14:20;U050;P021;TipInt002;Holiday Sale;London, UK;10;3.1
I8615;12/19/2025 02:28;U131;P065;TipInt004;Black Friday;Berlin, Germany;4;4.6
I8616;12/30/2025 00:06;U035;P030;TipInt006;Spring Sale;Berlin, Germany;10;1.2
I8617;10/05/2025 12:49;U055;P093;TipInt001;Spring Sale;New York, USA;10;3.1
I8618;11/25/2025 10:15;U088;P081;TipInt003;Spring Sale;Toronto, Canada;2;4.7
I8619;11/28/2025 17:43;U046;P097;TipInt001;Regular Day;Paris, France;7;5
I8620;12/20/2025 09:56;U024;P098;TipInt003;Holiday Sale;Sydney, Australia;2;2.3
I8621;10/28/2025 08:32;U013;P024;TipInt004;Cyber Monday;Paris, France;2;3
I8622;12/30/2025 23:04;U057;P074;TipInt001;Black Friday;Berlin, Germany;5;4.3
I8623;1/21/2026 09:12;U119;P043;TipInt005;Regular Day;Paris, France;7;3.2
I8624;12/22/2025 15:04;U025;P068;TipInt005;Cyber Monday;Sydney, Australia;6;1.4
I8625;10/25/2025 10:54;U094;P001;TipInt005;Cyber Monday;Berlin, Germany;-;4.5
I8626;11/14/2025 22:05;U056;P032;TipInt005;Cyber Monday;Sydney, Australia;5;3.6
I8627;1/04/2026 19:55;U082;P076;TipInt005;Holiday Sale;Sydney, Australia;6;2.8
I8628;11/23/2025 06:47;U107;P089;TipInt004;Holiday Sale;New York, USA;7;1.3
I8629;11/03/2025 18:10;U135;P094;TipInt001;Spring Sale;Paris, France;6;4.1
I8630;12/21/2025 23:50;U133;P015;TipInt002;Cyber Monday;Toronto, Canada;10;4.6
I8631;11/28/2025 01:55;U032;P063;TipInt002;Holiday Sale;Berlin, Germany;6;4.5
I8632;10/24/2025 06:55;U034;P046;TipInt002;Holiday Sale;Paris, France;3;2.9
I8633;10/30/2025 06:54;U012;P014;TipInt001;Black Friday;Sydney, Australia;6;3.1
I8634;12/09/2025 15:36;U023;P081;TipInt001;Holiday Sale;London, UK;6;1.3
I8635;10/28/2025 02:18;U069;P089;TipInt001;Black Friday;Toronto, Canada;3;3
I8636;10/28/2025 19:35;U042;P074;TipInt001;Black Friday;Paris, France;2;2.5
I8637;1/20/2026 14:27;U060;P080;TipInt006;Spring Sale;Paris, France;2;2.5
I8638;11/28/2025 01:37;U007;P050;TipInt002;Holiday Sale;London, UK;4;3.6
I8639;10/06/2025 10:50;U058;P051;TipInt006;Cyber Monday;Berlin, Germany;4;4.4
I8640;1/30/2026 14:30;U031;P042;TipInt004;Regular Day;Berlin, Germany;7;2.5
I8641;1/25/2026 11:34;U123;P066;TipInt002;Regular Day;London, UK;5;3.1
I8642;1/01/2026 17:26;U021;P051;TipInt001;Holiday Sale;Sydney, Australia;9;4
I8643;11/14/2025 05:51;U066;P086;TipInt003;Spring Sale;Berlin, Germany;-;4.1
I8644;10/15/2025 12:45;U131;P095;TipInt006;Black Friday;Berlin, Germany;6;5
I8645;12/22/2025 17:26;U092;P020;TipInt006;Black Friday;Paris, France;4;2.3
I8646;12/24/2025 12:47;U142;P086;TipInt006;Holiday Sale;Paris, France;3;2.7
I8647;1/26/2026 23:38;U048;P020;TipInt003;Holiday Sale;Berlin, Germany;7;3
I8648;12/22/2025 19:31;U048;P022;TipInt001;Spring Sale;Paris, France;10;3.9
I8649;12/28/2025 03:56;U103;P053;TipInt003;Cyber Monday;New York, USA;3;4.9
I8650;12/08/2025 14:47;U120;P051;TipInt004;Spring Sale;Sydney, Australia;8;4.2
I8651;11/04/2025 13:36;U109;P068;TipInt004;Holiday Sale;Berlin, Germany;3;2.7
I8652;12/23/2025 17:28;U095;P096;TipInt002;Regular Day;Sydney, Australia;6;3.1
I8653;11/13/2025 01:25;U051;P067;TipInt003;Spring Sale;New York, USA;-;1.7
I8654;1/15/2026 15:29;U035;P080;TipInt002;Spring Sale;Paris, France;9;4.5
I8655;10/25/2025 01:45;U116;P093;TipInt002;Regular Day;Berlin, Germany;5;2.9
I8656;12/18/2025 08:01;U076;P092;TipInt005;Spring Sale;London, UK;9;3.5
I8657;11/15/2025 08:17;U009;P010;TipInt004;Regular Day;Sydney, Australia;6;1.9
I8658;12/16/2025 07:04;U049;P051;TipInt005;Spring Sale;New York, USA;6;4.4
I8659;11/28/2025 12:58;U015;P098;TipInt003;Spring Sale;Berlin, Germany;9;1
I8660;1/24/2026 15:42;U095;P044;TipInt002;Holiday Sale;New York, USA;4;1.2
I8661;12/31/2025 11:00;U143;P068;TipInt001;Spring Sale;London, UK;7;4
I8662;11/26/2025 23:43;U068;P070;TipInt004;Regular Day;Berlin, Germany;3;1.8
I8663;11/16/2025 16:26;U044;P038;TipInt001;Regular Day;Paris, France;9;1.9
I8664;1/16/2026 17:28;U002;P077;TipInt004;Holiday Sale;Sydney, Australia;2;3
I8665;1/31/2026 11:47;U044;P072;TipInt003;Spring Sale;New York, USA;10;3.7
I8666;10/30/2025 17:21;U009;P017;TipInt002;Spring Sale;Toronto, Canada;5;4.3
I8667;1/31/2026 23:45;U149;P015;TipInt002;Regular Day;Berlin, Germany;3;1.4
I8668;1/05/2026 22:34;U051;P076;TipInt003;Cyber Monday;Sydney, Australia;9;4.7
I8669;10/04/2025 12:13;U004;P072;TipInt006;Cyber Monday;London, UK;8;3.5
I8670;11/28/2025 06:09;U068;P040;TipInt001;Spring Sale;Berlin, Germany;5;1.2
I8671;1/25/2026 05:38;U139;P088;TipInt001;Cyber Monday;Berlin, Germany;6;3.8
I8672;1/13/2026 07:51;U048;P061;TipInt006;Black Friday;Paris, France;1;3.5
I8673;11/10/2025 16:56;U095;P027;TipInt001;Spring Sale;Toronto, Canada;3;3.3
I8674;12/31/2025 22:09;U008;P093;TipInt002;Holiday Sale;Berlin, Germany;3;3
I8675;11/30/2025 01:56;U015;P028;TipInt001;Regular Day;Paris, France;5;1.5
I8676;9/29/2025 22:00;U021;P067;TipInt003;Regular Day;London, UK;6;4
I8677;10/14/2025 21:03;U039;P030;TipInt006;Spring Sale;Paris, France;5;2.5
I8678;1/25/2026 23:30;U041;P055;TipInt002;Regular Day;Berlin, Germany;3;4.6
I8679;12/21/2025 20:32;U138;P048;TipInt001;Regular Day;Berlin, Germany;1;3.7
I8680;12/02/2025 03:29;U016;P090;TipInt003;Black Friday;Sydney, Australia;-;2.2
I8681;11/14/2025 22:05;U128;P052;TipInt006;Cyber Monday;New York, USA;4;4.3
I8682;12/08/2025 09:44;U100;P071;TipInt006;Black Friday;Sydney, Australia;8;1.8
I8683;10/18/2025 14:24;U087;P029;TipInt003;Cyber Monday;Paris, France;6;4.5
I8684;11/15/2025 22:37;U120;P086;TipInt005;Regular Day;Paris, France;-;3.5
I8685;12/04/2025 01:39;U015;P038;TipInt005;Regular Day;Berlin, Germany;2;2.3
I8686;1/17/2026 06:24;U069;P002;TipInt006;Black Friday;Berlin, Germany;5;3.1
I8687;1/08/2026 14:39;U016;P040;TipInt005;Black Friday;Paris, France;1;3.2
I8688;1/04/2026 00:41;U091;P052;TipInt001;Black Friday;Berlin, Germany;4;1.2
I8689;1/21/2026 21:50;U103;P036;TipInt001;Cyber Monday;New York, USA;1;4.9
I8690;11/23/2025 02:08;U067;P014;TipInt004;Cyber Monday;New York, USA;7;3.3
I8691;10/02/2025 18:29;U089;P026;TipInt003;Regular Day;Paris, France;1;4.2
I8692;12/20/2025 03:36;U083;P057;TipInt003;Cyber Monday;Berlin, Germany;2;1.8
I8693;12/14/2025 11:43;U018;P043;TipInt005;Regular Day;London, UK;-;1.4
I8694;12/01/2025 06:13;U021;P040;TipInt005;Black Friday;Toronto, Canada;2;2.4
I8695;1/31/2026 23:28;U110;P034;TipInt002;Spring Sale;London, UK;2;2.6
I8696;1/05/2026 16:33;U134;P038;TipInt005;Spring Sale;Berlin, Germany;-;1.8
I8697;1/20/2026 01:38;U030;P046;TipInt004;Spring Sale;Sydney, Australia;4;3.8
I8698;12/06/2025 13:36;U044;P020;TipInt003;Cyber Monday;Toronto, Canada;4;1.7
I8699;1/10/2026 19:14;U023;P017;TipInt004;Holiday Sale;Toronto, Canada;9;3.6
I8700;12/03/2025 14:29;U118;P048;TipInt004;Regular Day;London, UK;3;2.2
I8701;11/07/2025 03:04;U045;P036;TipInt002;Cyber Monday;Toronto, Canada;10;1.6
I8702;1/12/2026 08:05;U042;P018;TipInt003;Spring Sale;Toronto, Canada;3;2.3
I8703;10/21/2025 12:56;U105;P013;TipInt001;Spring Sale;Berlin, Germany;3;3.5
I8704;1/28/2026 13:51;U020;P028;TipInt005;Black Friday;Toronto, Canada;6;1.1
I8705;10/18/2025 16:25;U138;P083;TipInt003;Holiday Sale;Paris, France;3;1.2
I8706;12/03/2025 06:18;U135;P045;TipInt006;Cyber Monday;Toronto, Canada;5;4
I8707;11/27/2025 03:30;U100;P015;TipInt003;Black Friday;Sydney, Australia;5;1.1
I8708;11/25/2025 04:22;U093;P002;TipInt004;Holiday Sale;Sydney, Australia;7;1.9
I8709;11/05/2025 15:31;U039;P071;TipInt005;Holiday Sale;Toronto, Canada;1;1.1
I8710;10/15/2025 21:43;U019;P009;TipInt005;Regular Day;Sydney, Australia;6;4.7
I8711;12/20/2025 18:39;U036;P048;TipInt006;Cyber Monday;London, UK;7;2.8
I8712;10/03/2025 17:11;U107;P036;TipInt005;Cyber Monday;Berlin, Germany;5;3.1
I8713;10/31/2025 07:24;U134;P086;TipInt002;Black Friday;Paris, France;3;2.6
I8714;12/20/2025 18:49;U030;P092;TipInt001;Regular Day;New York, USA;2;3.3
I8715;12/02/2025 19:31;U138;P099;TipInt005;Spring Sale;London, UK;4;3.1
I8716;10/24/2025 17:12;U057;P044;TipInt002;Spring Sale;Toronto, Canada;-;4.8
I8717;12/20/2025 21:44;U043;P020;TipInt002;Holiday Sale;Sydney, Australia;6;2.8
I8718;12/09/2025 04:03;U072;P084;TipInt003;Regular Day;Sydney, Australia;3;4.8
I8719;1/28/2026 04:00;U058;P006;TipInt002;Cyber Monday;Toronto, Canada;10;3.2
I8720;11/16/2025 14:50;U001;P086;TipInt002;Holiday Sale;Sydney, Australia;5;1.9
I8721;12/31/2025 12:58;U094;P083;TipInt001;Cyber Monday;Toronto, Canada;2;2.2
I8722;12/23/2025 18:32;U125;P076;TipInt002;Cyber Monday;Berlin, Germany;-;2.1
I8723;1/13/2026 08:31;U026;P003;TipInt002;Holiday Sale;Berlin, Germany;9;2.2
I8724;10/24/2025 11:18;U126;P006;TipInt004;Spring Sale;London, UK;5;1.8
I8725;10/25/2025 16:41;U028;P098;TipInt003;Cyber Monday;New York, USA;2;1.9
I8726;1/24/2026 22:04;U022;P018;TipInt004;Holiday Sale;Berlin, Germany;2;2.2
I8727;11/13/2025 10:20;U067;P036;TipInt004;Spring Sale;Berlin, Germany;1;4.9
I8728;10/28/2025 17:51;U065;P056;TipInt001;Black Friday;London, UK;9;3.8
I8729;11/23/2025 06:41;U011;P014;TipInt002;Black Friday;New York, USA;4;2.6
I8730;11/29/2025 13:32;U117;P053;TipInt001;Black Friday;Toronto, Canada;8;2.8
I8731;11/28/2025 04:11;U084;P087;TipInt002;Holiday Sale;Paris, France;-;2.4
I8732;12/01/2025 17:04;U072;P018;TipInt006;Black Friday;New York, USA;3;3.5
I8733;10/31/2025 23:41;U107;P016;TipInt004;Cyber Monday;Sydney, Australia;10;3.6
I8734;11/12/2025 02:59;U046;P083;TipInt004;Spring Sale;Sydney, Australia;4;2.4
I8735;12/11/2025 11:49;U131;P048;TipInt002;Regular Day;New York, USA;3;1.4
I8736;10/26/2025 18:34;U054;P011;TipInt003;Holiday Sale;Berlin, Germany;-;1.4
I8737;11/24/2025 08:16;U054;P014;TipInt002;Cyber Monday;Toronto, Canada;3;1.3
I8738;11/26/2025 20:11;U106;P017;TipInt004;Spring Sale;Berlin, Germany;2;4.7
I8739;12/28/2025 12:49;U148;P053;TipInt003;Spring Sale;New York, USA;4;4.9
I8740;12/05/2025 04:15;U053;P029;TipInt006;Cyber Monday;Toronto, Canada;10;2.2
I8741;1/08/2026 15:51;U042;P022;TipInt001;Spring Sale;Sydney, Australia;9;1.3
I8742;1/14/2026 07:22;U005;P078;TipInt006;Spring Sale;New York, USA;1;4.7
I8743;1/06/2026 11:50;U034;P049;TipInt004;Holiday Sale;Sydney, Australia;10;4.4
I8744;1/16/2026 22:08;U036;P006;TipInt003;Holiday Sale;London, UK;9;2.3
I8745;1/08/2026 00:24;U039;P038;TipInt005;Spring Sale;London, UK;-;4.4
I8746;12/03/2025 17:57;U042;P027;TipInt004;Cyber Monday;London, UK;1;2.9
I8747;1/19/2026 19:49;U027;P033;TipInt005;Regular Day;London, UK;10;4.5
I8748;10/15/2025 13:35;U047;P085;TipInt004;Spring Sale;Sydney, Australia;3;3.3
I8749;10/29/2025 04:39;U137;P041;TipInt003;Regular Day;Sydney, Australia;5;2.3
I8750;10/05/2025 04:17;U094;P054;TipInt004;Spring Sale;Berlin, Germany;7;2.5
I8751;1/14/2026 21:59;U114;P037;TipInt004;Regular Day;New York, USA;7;1.9
I8752;11/13/2025 19:57;U108;P080;TipInt001;Cyber Monday;New York, USA;4;1.1
I8753;10/13/2025 03:21;U124;P087;TipInt001;Regular Day;Toronto, Canada;2;2.5
I8754;10/01/2025 21:20;U103;P002;TipInt005;Cyber Monday;New York, USA;-;4.2
I8755;1/10/2026 23:13;U132;P063;TipInt001;Cyber Monday;Sydney, Australia;5;1.7
I8756;1/22/2026 12:29;U134;P066;TipInt004;Regular Day;Sydney, Australia;2;2.6
I8757;1/11/2026 16:07;U116;P062;TipInt002;Spring Sale;Berlin, Germany;3;2.2
I8758;12/26/2025 07:04;U019;P090;TipInt002;Holiday Sale;Toronto, Canada;8;4.9
I8759;1/11/2026 02:32;U059;P091;TipInt002;Cyber Monday;Berlin, Germany;9;4.6
I8760;12/28/2025 10:00;U076;P084;TipInt003;Spring Sale;London, UK;-;1.6
I8761;10/14/2025 18:24;U001;P095;TipInt005;Regular Day;Toronto, Canada;4;2.3
I8762;1/09/2026 09:58;U026;P055;TipInt004;Spring Sale;Sydney, Australia;5;1.9
I8763;11/27/2025 03:48;U140;P069;TipInt001;Holiday Sale;New York, USA;10;5
I8764;11/27/2025 18:45;U090;P058;TipInt005;Black Friday;Toronto, Canada;9;3
I8765;1/13/2026 06:54;U132;P097;TipInt004;Cyber Monday;Sydney, Australia;5;4.9
I8766;10/13/2025 07:01;U121;P063;TipInt005;Cyber Monday;Sydney, Australia;4;2
I8767;1/15/2026 07:37;U092;P015;TipInt004;Regular Day;Paris, France;2;4.7
I8768;12/26/2025 12:50;U022;P014;TipInt006;Regular Day;London, UK;3;3
I8769;10/25/2025 03:42;U088;P023;TipInt001;Spring Sale;Paris, France;6;4.7
I8770;1/29/2026 11:05;U059;P046;TipInt004;Spring Sale;Toronto, Canada;5;5
I8771;12/01/2025 18:07;U141;P014;TipInt003;Black Friday;London, UK;10;1.2
I8772;11/29/2025 00:43;U041;P097;TipInt002;Cyber Monday;New York, USA;10;2.3
I8773;10/04/2025 17:06;U030;P006;TipInt002;Holiday Sale;New York, USA;4;4.9
I8774;10/09/2025 13:48;U127;P092;TipInt006;Cyber Monday;London, UK;9;1.5
I8775;11/04/2025 00:29;U129;P001;TipInt004;Cyber Monday;London, UK;10;2.4
I8776;10/17/2025 08:52;U034;P036;TipInt004;Holiday Sale;Sydney, Australia;7;4.4
I8777;12/09/2025 07:59;U129;P084;TipInt001;Regular Day;Toronto, Canada;1;2.7
I8778;11/17/2025 08:51;U047;P020;TipInt003;Regular Day;Sydney, Australia;6;2
I8779;12/21/2025 08:43;U148;P099;TipInt006;Regular Day;Paris, France;-;3.3
I8780;12/20/2025 22:55;U033;P006;TipInt003;Holiday Sale;Sydney, Australia;7;2.4
I8781;1/23/2026 11:34;U026;P030;TipInt004;Black Friday;New York, USA;4;3.3
I8782;1/02/2026 09:44;U077;P005;TipInt002;Cyber Monday;Berlin, Germany;1;3.6
I8783;11/19/2025 08:10;U102;P069;TipInt005;Spring Sale;Paris, France;2;1.7
I8784;11/27/2025 08:42;U128;P069;TipInt002;Cyber Monday;London, UK;-;4.8
I8785;11/02/2025 07:42;U042;P070;TipInt004;Spring Sale;Sydney, Australia;9;5
I8786;11/12/2025 11:29;U094;P073;TipInt002;Holiday Sale;Paris, France;10;3.8
I8787;1/31/2026 20:18;U013;P086;TipInt005;Holiday Sale;London, UK;4;1.7
I8788;10/11/2025 20:07;U008;P099;TipInt002;Spring Sale;Berlin, Germany;7;1.2
I8789;1/01/2026 13:15;U032;P079;TipInt005;Regular Day;Paris, France;1;1.8
I8790;11/18/2025 14:04;U144;P061;TipInt002;Cyber Monday;Sydney, Australia;5;1.3
I8791;10/22/2025 07:58;U092;P016;TipInt001;Regular Day;Sydney, Australia;10;3.2
I8792;12/21/2025 13:58;U081;P031;TipInt003;Holiday Sale;Sydney, Australia;10;3.7
I8793;1/02/2026 03:08;U005;P080;TipInt002;Regular Day;New York, USA;9;5
I8794;12/10/2025 15:45;U110;P016;TipInt005;Holiday Sale;Berlin, Germany;-;1.4
I8795;11/25/2025 00:04;U001;P039;TipInt006;Cyber Monday;Berlin, Germany;2;3.2
I8796;10/01/2025 06:37;U136;P079;TipInt004;Holiday Sale;Sydney, Australia;8;3.2
I8797;11/15/2025 17:04;U025;P025;TipInt002;Spring Sale;Sydney, Australia;-;3.1
I8798;11/14/2025 14:47;U133;P055;TipInt001;Spring Sale;New York, USA;4;1.9
I8799;10/12/2025 16:44;U022;P034;TipInt005;Cyber Monday;Paris, France;6;3.5
I8800;12/24/2025 23:42;U078;P036;TipInt001;Holiday Sale;Paris, France;4;4.2
I8801;1/12/2026 20:29;U126;P011;TipInt003;Cyber Monday;Paris, France;4;4.2
I8802;11/02/2025 00:33;U133;P001;TipInt006;Holiday Sale;New York, USA;3;2.9
I8803;12/21/2025 22:00;U126;P078;TipInt001;Black Friday;Paris, France;3;2.6
I8804;12/18/2025 10:44;U067;P047;TipInt006;Holiday Sale;Paris, France;4;4.5
I8805;12/19/2025 10:23;U023;P009;TipInt005;Black Friday;Berlin, Germany;10;2.5
I8806;11/11/2025 08:54;U050;P069;TipInt003;Spring Sale;Paris, France;-;2.8
I8807;11/03/2025 07:16;U132;P007;TipInt005;Cyber Monday;New York, USA;-;2.7
I8808;10/25/2025 13:54;U096;P016;TipInt002;Cyber Monday;Berlin, Germany;3;1.4
I8809;1/08/2026 20:21;U072;P044;TipInt006;Regular Day;New York, USA;2;3.8
I8810;12/30/2025 20:01;U009;P076;TipInt002;Black Friday;London, UK;2;2.5
I8811;12/08/2025 01:48;U099;P027;TipInt004;Regular Day;London, UK;10;3.6
I8812;12/28/2025 03:33;U016;P060;TipInt001;Spring Sale;New York, USA;1;4.3
I8813;1/04/2026 11:36;U130;P091;TipInt001;Black Friday;Berlin, Germany;-;1.7
I8814;12/22/2025 18:16;U081;P042;TipInt006;Spring Sale;New York, USA;2;4.1
I8815;1/12/2026 13:05;U126;P090;TipInt004;Spring Sale;Paris, France;3;2
I8816;1/28/2026 07:47;U059;P088;TipInt001;Cyber Monday;London, UK;5;4.1
I8817;12/06/2025 14:22;U052;P034;TipInt001;Cyber Monday;Paris, France;4;2.9
I8818;1/25/2026 09:51;U106;P005;TipInt001;Spring Sale;New York, USA;10;2.1
I8819;12/18/2025 10:43;U120;P051;TipInt005;Spring Sale;Berlin, Germany;5;1.5
I8820;11/14/2025 22:11;U036;P080;TipInt003;Regular Day;New York, USA;7;1.2
I8821;11/03/2025 17:05;U015;P077;TipInt002;Holiday Sale;Toronto, Canada;9;2
I8822;1/20/2026 16:45;U128;P093;TipInt003;Holiday Sale;Toronto, Canada;-;2.5
I8823;10/30/2025 19:04;U130;P050;TipInt003;Spring Sale;London, UK;4;1.5
I8824;1/16/2026 01:05;U117;P045;TipInt001;Black Friday;Berlin, Germany;3;1.5
I8825;12/25/2025 04:24;U020;P030;TipInt002;Cyber Monday;Toronto, Canada;4;3
I8826;12/19/2025 18:28;U086;P084;TipInt006;Black Friday;Berlin, Germany;2;3
I8827;1/24/2026 01:02;U034;P014;TipInt005;Holiday Sale;New York, USA;-;4.6
I8828;12/05/2025 09:22;U144;P052;TipInt002;Holiday Sale;New York, USA;5;4.7
I8829;11/26/2025 16:50;U083;P034;TipInt002;Spring Sale;Sydney, Australia;1;3.3
I8830;12/11/2025 07:09;U110;P046;TipInt003;Regular Day;Berlin, Germany;4;1.2
I8831;11/27/2025 11:15;U023;P025;TipInt006;Spring Sale;Paris, France;5;2.4
I8832;1/12/2026 04:58;U117;P050;TipInt005;Regular Day;Paris, France;2;1.8
I8833;11/21/2025 21:51;U009;P055;TipInt004;Spring Sale;Berlin, Germany;8;4.3
I8834;1/11/2026 04:14;U069;P026;TipInt005;Cyber Monday;Berlin, Germany;2;1.8
I8835;12/07/2025 09:13;U112;P071;TipInt006;Spring Sale;New York, USA;6;4.8
I8836;10/21/2025 11:32;U067;P046;TipInt001;Holiday Sale;New York, USA;5;2.1
I8837;10/26/2025 12:33;U144;P001;TipInt001;Black Friday;Berlin, Germany;10;4.2
I8838;1/22/2026 12:32;U093;P082;TipInt004;Cyber Monday;London, UK;3;3.2
I8839;12/11/2025 09:03;U124;P094;TipInt002;Cyber Monday;Berlin, Germany;1;4.9
I8840;10/13/2025 06:54;U088;P045;TipInt002;Cyber Monday;London, UK;9;1.9
I8841;1/03/2026 18:54;U030;P066;TipInt006;Regular Day;Paris, France;10;3.4
I8842;9/30/2025 03:41;U122;P067;TipInt004;Regular Day;Toronto, Canada;5;1.7
I8843;1/12/2026 11:46;U117;P034;TipInt006;Holiday Sale;Toronto, Canada;1;4.2
I8844;1/20/2026 10:58;U020;P074;TipInt004;Regular Day;Berlin, Germany;9;3.5
I8845;11/12/2025 11:02;U102;P030;TipInt004;Holiday Sale;Berlin, Germany;6;2.6
I8846;1/26/2026 00:52;U134;P022;TipInt004;Cyber Monday;Berlin, Germany;5;1.8
I8847;12/10/2025 14:38;U013;P033;TipInt001;Holiday Sale;Berlin, Germany;2;3.2
I8848;1/03/2026 20:35;U045;P068;TipInt003;Regular Day;New York, USA;3;2.4
I8849;1/04/2026 11:38;U055;P039;TipInt004;Cyber Monday;Sydney, Australia;1;1.8
I8850;1/30/2026 11:31;U099;P020;TipInt004;Spring Sale;Berlin, Germany;4;1.4
I8851;11/25/2025 16:38;U106;P099;TipInt005;Regular Day;London, UK;-;2.9
I8852;12/08/2025 23:53;U066;P004;TipInt004;Black Friday;Sydney, Australia;6;3.6
I8853;11/04/2025 06:48;U003;P044;TipInt002;Holiday Sale;Toronto, Canada;3;1.2
I8854;12/28/2025 21:38;U117;P061;TipInt002;Regular Day;New York, USA;10;2.5
I8855;1/20/2026 14:18;U125;P029;TipInt005;Black Friday;Sydney, Australia;9;3.8
I8856;11/04/2025 10:16;U017;P001;TipInt001;Regular Day;London, UK;5;3.2
I8857;1/27/2026 19:58;U126;P011;TipInt005;Regular Day;Toronto, Canada;7;4.7
I8858;1/08/2026 08:33;U079;P024;TipInt003;Spring Sale;New York, USA;8;3.4
I8859;10/06/2025 08:17;U005;P007;TipInt003;Spring Sale;Berlin, Germany;10;3.2
I8860;1/22/2026 01:51;U012;P002;TipInt004;Spring Sale;Paris, France;9;1.2
I8861;10/20/2025 23:52;U080;P007;TipInt006;Regular Day;Paris, France;3;2.1
I8862;11/10/2025 02:36;U097;P086;TipInt004;Cyber Monday;Paris, France;10;1.5
I8863;1/27/2026 02:06;U075;P040;TipInt002;Holiday Sale;Berlin, Germany;-;3
I8864;1/28/2026 21:35;U029;P040;TipInt004;Regular Day;New York, USA;6;5
I8865;11/29/2025 03:41;U067;P012;TipInt006;Regular Day;Toronto, Canada;2;3.6
I8866;1/21/2026 04:47;U130;P066;TipInt001;Black Friday;New York, USA;10;1.8
I8867;10/15/2025 02:08;U030;P048;TipInt004;Black Friday;London, UK;8;1.2
I8868;12/02/2025 05:40;U006;P024;TipInt001;Black Friday;Toronto, Canada;7;2.3
I8869;11/14/2025 02:28;U019;P075;TipInt003;Black Friday;Sydney, Australia;6;1.8
I8870;12/12/2025 12:45;U094;P044;TipInt001;Cyber Monday;London, UK;9;1.5
I8871;12/18/2025 16:09;U043;P027;TipInt005;Black Friday;London, UK;2;4.8
I8872;1/17/2026 17:44;U043;P007;TipInt001;Regular Day;New York, USA;6;3.3
I8873;12/03/2025 19:13;U079;P092;TipInt003;Cyber Monday;London, UK;4;5
I8874;11/15/2025 09:05;U104;P033;TipInt003;Regular Day;New York, USA;6;2.7
I8875;11/28/2025 22:40;U005;P043;TipInt004;Black Friday;London, UK;5;4.7
I8876;1/08/2026 07:54;U006;P007;TipInt002;Holiday Sale;Toronto, Canada;3;2.6
I8877;1/09/2026 09:24;U125;P030;TipInt003;Regular Day;Berlin, Germany;10;3.4
I8878;10/24/2025 05:38;U019;P016;TipInt001;Cyber Monday;Sydney, Australia;2;1.1
I8879;1/01/2026 16:28;U134;P098;TipInt003;Spring Sale;New York, USA;8;3.5
I8880;1/03/2026 18:39;U007;P082;TipInt001;Black Friday;Toronto, Canada;-;2.8
I8881;11/18/2025 08:12;U119;P057;TipInt004;Holiday Sale;Berlin, Germany;9;2.9
I8882;10/24/2025 21:11;U010;P017;TipInt002;Cyber Monday;London, UK;4;1.2
I8883;10/21/2025 03:45;U098;P046;TipInt001;Regular Day;Berlin, Germany;9;4.8
I8884;11/06/2025 13:02;U071;P075;TipInt006;Black Friday;Berlin, Germany;9;2.5
I8885;1/20/2026 17:08;U149;P007;TipInt005;Spring Sale;London, UK;10;3.1
I8886;1/10/2026 20:02;U027;P008;TipInt002;Holiday Sale;New York, USA;1;4.6
I8887;12/11/2025 08:10;U114;P042;TipInt005;Regular Day;Sydney, Australia;3;4
I8888;1/06/2026 16:02;U101;P032;TipInt003;Holiday Sale;Toronto, Canada;9;2
I8889;12/17/2025 16:21;U002;P002;TipInt002;Black Friday;Paris, France;10;3.3
I8890;11/14/2025 03:29;U001;P079;TipInt003;Regular Day;New York, USA;6;4.3
I8891;11/01/2025 02:02;U004;P054;TipInt002;Regular Day;Berlin, Germany;9;1.2
I8892;12/08/2025 06:44;U015;P082;TipInt004;Cyber Monday;Toronto, Canada;3;2.8
I8893;1/24/2026 13:52;U016;P082;TipInt002;Regular Day;Berlin, Germany;5;3.1
I8894;1/20/2026 01:30;U059;P074;TipInt003;Cyber Monday;New York, USA;1;4.8
I8895;10/26/2025 03:56;U144;P077;TipInt005;Holiday Sale;Berlin, Germany;2;2.2
I8896;11/27/2025 13:31;U067;P023;TipInt003;Cyber Monday;Berlin, Germany;7;1.8
I8897;9/30/2025 21:33;U061;P082;TipInt003;Holiday Sale;Paris, France;6;1.6
I8898;10/14/2025 08:04;U024;P013;TipInt003;Regular Day;Paris, France;8;3.7
I8899;12/19/2025 12:38;U077;P011;TipInt003;Spring Sale;London, UK;10;4.1
I8900;11/03/2025 19:39;U015;P078;TipInt001;Holiday Sale;New York, USA;3;2.3
I8901;12/01/2025 23:32;U148;P017;TipInt001;Holiday Sale;London, UK;6;4.8
I8902;11/05/2025 05:46;U002;P084;TipInt004;Holiday Sale;Sydney, Australia;1;3.6
I8903;1/18/2026 03:23;U093;P075;TipInt003;Regular Day;Toronto, Canada;6;1.6
I8904;10/22/2025 02:05;U122;P010;TipInt006;Regular Day;Toronto, Canada;2;2.2
I8905;10/21/2025 13:28;U067;P059;TipInt006;Regular Day;Berlin, Germany;4;1.5
I8906;1/24/2026 05:25;U109;P081;TipInt001;Spring Sale;Berlin, Germany;4;3.6
I8907;10/22/2025 22:11;U097;P037;TipInt004;Black Friday;Berlin, Germany;4;1.6
I8908;12/30/2025 15:38;U027;P033;TipInt002;Holiday Sale;Berlin, Germany;5;4.1
I8909;11/24/2025 20:26;U070;P066;TipInt003;Holiday Sale;Sydney, Australia;8;3.8
I8910;1/06/2026 00:53;U033;P005;TipInt006;Cyber Monday;Berlin, Germany;9;1.9
I8911;12/25/2025 03:11;U063;P098;TipInt004;Cyber Monday;New York, USA;3;3
I8912;12/31/2025 03:32;U002;P080;TipInt002;Black Friday;New York, USA;8;3.1
I8913;12/13/2025 05:47;U008;P071;TipInt004;Cyber Monday;New York, USA;3;3.6
I8914;10/28/2025 11:01;U112;P086;TipInt006;Regular Day;Berlin, Germany;10;4.8
I8915;12/14/2025 15:52;U069;P009;TipInt002;Cyber Monday;Paris, France;8;1.6
I8916;11/29/2025 01:25;U148;P047;TipInt002;Black Friday;Sydney, Australia;5;3.4
I8917;12/17/2025 01:46;U066;P094;TipInt002;Regular Day;Paris, France;10;4.2
I8918;10/14/2025 17:06;U044;P051;TipInt001;Spring Sale;Sydney, Australia;7;1.4
I8919;10/17/2025 22:57;U044;P001;TipInt006;Cyber Monday;Berlin, Germany;-;3
I8920;10/14/2025 17:15;U014;P034;TipInt005;Spring Sale;London, UK;1;4.4
I8921;12/22/2025 17:24;U078;P044;TipInt001;Cyber Monday;Paris, France;8;3.6
I8922;10/28/2025 02:55;U064;P049;TipInt006;Spring Sale;Paris, France;6;1.1
I8923;11/14/2025 14:24;U123;P040;TipInt006;Black Friday;London, UK;4;4.5
I8924;1/20/2026 21:31;U059;P052;TipInt005;Black Friday;Toronto, Canada;6;4.5
I8925;1/09/2026 13:05;U055;P075;TipInt001;Regular Day;Paris, France;6;3.7
I8926;1/28/2026 15:25;U056;P085;TipInt003;Black Friday;New York, USA;-;1.7
I8927;1/18/2026 00:21;U035;P086;TipInt001;Regular Day;New York, USA;1;2.5
I8928;12/01/2025 19:52;U134;P058;TipInt001;Holiday Sale;Berlin, Germany;10;3.4
I8929;11/16/2025 02:03;U065;P046;TipInt006;Regular Day;London, UK;5;4.7
I8930;1/29/2026 05:53;U132;P013;TipInt003;Holiday Sale;Sydney, Australia;8;4.5
I8931;10/31/2025 22:22;U013;P014;TipInt003;Black Friday;New York, USA;-;2.5
I8932;12/05/2025 16:44;U031;P087;TipInt001;Spring Sale;New York, USA;5;1.9
I8933;10/09/2025 09:02;U088;P058;TipInt005;Regular Day;New York, USA;7;4.6
I8934;10/04/2025 03:43;U006;P099;TipInt002;Black Friday;Sydney, Australia;2;4.7
I8935;1/19/2026 22:39;U064;P037;TipInt005;Spring Sale;Berlin, Germany;8;4.4
I8936;12/30/2025 17:10;U086;P095;TipInt003;Cyber Monday;Sydney, Australia;2;3.2
I8937;11/10/2025 05:26;U083;P074;TipInt004;Spring Sale;Paris, France;1;4
I8938;10/22/2025 16:14;U017;P091;TipInt004;Cyber Monday;Sydney, Australia;8;3.8
I8939;1/03/2026 06:51;U078;P012;TipInt003;Cyber Monday;Paris, France;10;2.3
I8940;11/25/2025 14:25;U025;P016;TipInt002;Holiday Sale;Toronto, Canada;8;2
I8941;10/23/2025 09:43;U012;P018;TipInt004;Cyber Monday;Paris, France;1;4.2
I8942;10/10/2025 01:48;U046;P005;TipInt001;Spring Sale;Berlin, Germany;6;2.5
I8943;11/18/2025 13:19;U145;P096;TipInt004;Regular Day;Toronto, Canada;3;2.8
I8944;1/20/2026 02:01;U011;P007;TipInt005;Cyber Monday;Paris, France;8;4.8
I8945;10/13/2025 15:27;U133;P039;TipInt001;Holiday Sale;London, UK;7;2.4
I8946;11/14/2025 06:16;U062;P064;TipInt006;Spring Sale;New York, USA;1;4.8
I8947;10/06/2025 08:15;U093;P023;TipInt004;Cyber Monday;New York, USA;7;4.9
I8948;1/02/2026 02:31;U108;P027;TipInt003;Cyber Monday;New York, USA;9;2.3
I8949;12/23/2025 14:21;U085;P075;TipInt003;Black Friday;New York, USA;10;4.2
I8950;11/28/2025 21:39;U059;P023;TipInt005;Cyber Monday;Toronto, Canada;5;1.9
I8951;10/22/2025 18:21;U114;P075;TipInt002;Spring Sale;Toronto, Canada;-;1.8
I8952;11/11/2025 19:00;U130;P056;TipInt004;Regular Day;Paris, France;3;4.2
I8953;1/21/2026 03:44;U066;P094;TipInt001;Regular Day;Toronto, Canada;8;5
I8954;11/05/2025 01:50;U045;P003;TipInt003;Black Friday;Sydney, Australia;7;1.7
I8955;1/23/2026 09:16;U066;P019;TipInt006;Black Friday;London, UK;-;3.6
I8956;10/15/2025 12:37;U138;P081;TipInt001;Cyber Monday;Paris, France;9;4.7
I8957;11/02/2025 09:24;U043;P018;TipInt004;Holiday Sale;Sydney, Australia;4;2.7
I8958;12/17/2025 14:47;U121;P054;TipInt005;Black Friday;Toronto, Canada;3;1.5
I8959;11/25/2025 22:58;U102;P032;TipInt005;Black Friday;Berlin, Germany;3;1.2
I8960;10/28/2025 22:18;U069;P060;TipInt005;Cyber Monday;Toronto, Canada;2;3.9
I8961;12/28/2025 02:29;U122;P080;TipInt006;Regular Day;New York, USA;3;2.2
I8962;10/24/2025 04:27;U111;P043;TipInt001;Regular Day;Paris, France;4;2
I8963;10/21/2025 23:43;U038;P080;TipInt002;Cyber Monday;London, UK;7;1.3
I8964;10/24/2025 01:16;U072;P060;TipInt006;Cyber Monday;Berlin, Germany;2;2.4
I8965;11/25/2025 14:43;U117;P011;TipInt002;Cyber Monday;New York, USA;6;1.6
I8966;10/08/2025 16:59;U031;P055;TipInt001;Holiday Sale;Toronto, Canada;1;1.2
I8967;10/14/2025 03:27;U036;P099;TipInt004;Regular Day;Berlin, Germany;3;2.9
I8968;10/07/2025 05:25;U046;P033;TipInt001;Holiday Sale;Paris, France;2;2.3
I8969;11/13/2025 21:47;U059;P067;TipInt003;Cyber Monday;Paris, France;10;2.1
I8970;9/30/2025 09:42;U043;P097;TipInt006;Cyber Monday;New York, USA;10;2.7
I8971;1/05/2026 11:21;U102;P096;TipInt005;Regular Day;New York, USA;10;2.9
I8972;1/13/2026 05:28;U028;P063;TipInt004;Regular Day;London, UK;5;2
I8973;10/18/2025 18:00;U031;P053;TipInt005;Cyber Monday;Sydney, Australia;1;4.4
I8974;11/02/2025 01:04;U095;P086;TipInt003;Black Friday;Paris, France;-;2.6
I8975;1/11/2026 21:28;U104;P080;TipInt002;Black Friday;Toronto, Canada;5;4.9
I8976;11/19/2025 08:47;U071;P043;TipInt001;Holiday Sale;Toronto, Canada;9;1.2
I8977;12/22/2025 01:22;U006;P022;TipInt005;Cyber Monday;London, UK;3;3.4
I8978;10/13/2025 03:54;U033;P016;TipInt001;Spring Sale;Sydney, Australia;1;1.1
I8979;10/21/2025 17:41;U028;P006;TipInt002;Regular Day;New York, USA;2;2.2
I8980;10/09/2025 07:14;U109;P033;TipInt005;Regular Day;London, UK;7;3.5
I8981;12/04/2025 19:44;U097;P015;TipInt006;Cyber Monday;Sydney, Australia;2;4.4
I8982;11/12/2025 10:44;U101;P049;TipInt005;Black Friday;New York, USA;9;4.7
I8983;10/12/2025 05:14;U125;P023;TipInt001;Black Friday;Toronto, Canada;-;3.8
I8984;10/14/2025 03:13;U018;P028;TipInt003;Cyber Monday;London, UK;-;4.7
I8985;12/06/2025 03:33;U058;P006;TipInt001;Holiday Sale;Paris, France;9;3.1
I8986;11/01/2025 17:03;U026;P040;TipInt004;Cyber Monday;Paris, France;4;1.9
I8987;1/20/2026 00:42;U099;P010;TipInt001;Black Friday;New York, USA;9;3.8
I8988;12/12/2025 12:02;U125;P008;TipInt002;Holiday Sale;New York, USA;7;4.7
I8989;12/24/2025 13:50;U040;P016;TipInt005;Regular Day;Sydney, Australia;-;1.9
I8990;1/16/2026 19:59;U039;P089;TipInt003;Regular Day;London, UK;3;4.8
I8991;1/14/2026 07:48;U117;P073;TipInt004;Spring Sale;Toronto, Canada;6;3.8
I8992;10/23/2025 11:30;U084;P029;TipInt006;Cyber Monday;Paris, France;7;4.1
I8993;1/19/2026 10:09;U125;P084;TipInt003;Cyber Monday;Berlin, Germany;1;3.8
I8994;10/09/2025 04:22;U029;P009;TipInt002;Regular Day;New York, USA;3;2.7
I8995;10/10/2025 22:02;U108;P028;TipInt004;Spring Sale;New York, USA;9;2.6
I8996;1/09/2026 23:53;U070;P007;TipInt005;Regular Day;New York, USA;9;1.4
I8997;1/12/2026 05:25;U052;P046;TipInt003;Spring Sale;Paris, France;4;4
I8998;11/16/2025 02:13;U092;P070;TipInt006;Black Friday;Toronto, Canada;5;1.8
I8999;11/21/2025 09:07;U106;P039;TipInt006;Holiday Sale;Berlin, Germany;-;5
I9000;12/31/2025 02:01;U140;P055;TipInt002;Black Friday;Toronto, Canada;3;4.7
